id,source,title,summary,full_text,link,author,published_date,collected_date,category,sentiment_score,sentiment_label,keywords,companies_mentioned,monitoring_targets,char_count,companies_detected,date,hour,day_of_week,text_length,keyword_count,virality_score,created_at
,Capital FM Kenya,Ruto hands over 220 homes as Chepalungu Boma Yangu Estate sells out,Ruto said the project demonstrates growing demand for decent and affordable housing and reaffirmed the Government’s commitment to expanding housing in major towns while protecting productive agricultural land from continued subdivision.,,https://capitalfm.africa/ruto-hands-over-220-homes-as-chepalungu-boma-yangu-estate-sells-out/,CONTRIBUTOR,2026-09-09 15:06:35+00:00,2026-09-09T22:19:58.372666,Politics,0.109,Positive,"housing, affordable, units, project, homes, decent, government, towns",,Kenya Politics,2455.0,,2026-09-09,15,Wednesday,2455.0,8,287.68,2026-09-09 22:30:30.312391+00:00
,Capital FM Kenya,Zimbabwean tycoon Chivayo says $200m Kenya investment is finally taking shape after Ruto meeting,"NAIROBI, Kenya,Sep 9— Zimbabwean businessman Wicknell Chivayo says his planned US$200 million investment in Kenya through infrastructure projects is finally moving from discussions to reality following a nearly three-hour meeting&#8230;",,https://capitalfm.africa/zimbabwean-tycoon-chivayo-says-200m-kenya-investment-is-finally-taking-shape-after-ruto-meeting/,BRUHAN MAKONG,2026-09-09 13:55:21+00:00,2026-09-09T22:19:58.375416,Health,0.1596,Positive,"kenya, investment, chivayo, projects, meeting, infrastructure, finally, businessman",sfa,Kenya Politics,2947.0,,2026-09-09,13,Wednesday,2947.0,8,337.892,2026-09-09 22:30:30.312391+00:00
,Capital FM Kenya,"Murkomen, Kanja join Global Security Forum in China focused on transnational security threats","NAIROBI, Kenya, Sep 9— Interior Cabinet Secretary Kipchumba Murkomen and National Police Service Inspector-General Douglas Kanja have joined international security officials in China for a global forum focused on strengthening&#8230;",,https://capitalfm.africa/murkomen-kanja-join-global-security-forum-in-china-focused-on-transnational-security-threats/,BRUHAN MAKONG,2026-09-09 13:32:12+00:00,2026-09-09T22:19:58.377494,Politics,0.0272,Neutral,"security, international, cooperation, public, kanja, forum, police, conference",,,2088.0,,2026-09-09,13,Wednesday,2088.0,8,249.34400000000002,2026-09-09 22:30:30.312391+00:00
,Capital FM Kenya,"Three arrested over alleged TikTok gang-rape, robbery scheme","NAIROBI, Kenya, Sep 9— Three suspects have been arrested over an alleged gang-rape and robbery scheme in which young women were reportedly lured through TikTok into meetings that detectives say&#8230;",,https://capitalfm.africa/three-arrested-over-alleged-tiktok-gang-rape-robbery-scheme/,BRUHAN MAKONG,2026-09-09 13:16:54+00:00,2026-09-09T22:19:58.379778,General,0.0544,Positive,"suspects, alleged, detectives, tiktok, women, allegedly, online, victims",,Safaricom,2508.0,,2026-09-09,13,Wednesday,2508.0,8,291.88800000000003,2026-09-09 22:30:30.312391+00:00
,Capital FM Kenya,"LSK calls for review of foreign trader directive, warns against nationality-based attacks","LSK said “the action must be based on the particular violation, not simply on where the person comes from.”",,https://capitalfm.africa/lsk-calls-for-review-of-foreign-trader-directive-warns-against-nationality-based-attacks/,JEREMIAH WAKAYA,2026-09-09 13:09:16+00:00,2026-09-09T22:19:58.383800,Politics,0.0286,Neutral,"kenya, government, nationals, foreign, directive, trade, enforcement, based",,"East Africa Economy, Kenya Politics",4847.0,,2026-09-09,13,Wednesday,4847.0,8,525.272,2026-09-09 22:30:30.312391+00:00
,Capital FM Kenya,Ruto pitches Kenya as Africa investment gateway amid foreign investor tensions,"NAIROBI,Kenya, Sep 9- President William Ruto has sought to reassure foreign investors that Kenya remains open for business, promising greater policy predictability and new safeguards against regulatory uncertainty amid mixed&#8230;",,https://capitalfm.africa/ruto-pitches-kenya-as-africa-investment-gateway-amid-foreign-investor-tensions/,BRUHAN MAKONG,2026-09-09 12:45:40+00:00,2026-09-09T22:19:58.387896,Politics,0.0924,Positive,"kenya, investment, foreign, investors, billion, africa, president, business",awf,"East Africa Economy, Kenya Politics",4415.0,,2026-09-09,12,Wednesday,4415.0,8,483.348,2026-09-09 22:30:30.312391+00:00
,Capital FM Kenya,"Man charged over alleged anti-Burundian remarks, freed on Sh300,000 bond","NAIROBI, Kenya, Sep 9 — A 32-year-old man accused of making inflammatory remarks targeting Burundian nationals has been charged with hate speech and related offences and released on a Sh300,000&#8230;",,https://capitalfm.africa/man-charged-over-alleged-anti-burundian-remarks-freed-on-sh300000-bond/,BRUHAN MAKONG,2026-09-09 12:31:59+00:00,2026-09-09T22:19:58.390943,Politics,-0.0465,Neutral,"kenya, burundian, remarks, nationals, government, charged, making, nairobi",,Kenya Politics,2958.0,,2026-09-09,12,Wednesday,2958.0,8,336.73,2026-09-09 22:30:30.312391+00:00
,Capital FM Kenya,Mombasa Port sets new container handling record in push to cut vessel turnaround times,"NAIROBI, Kenya, Sep 9— The Port of Mombasa has set a new benchmark for container handling after workers discharged 863 containers from a single vessel in one shift, highlighting efforts&#8230;",,https://capitalfm.africa/mombasa-port-sets-new-container-handling-record-in-push-to-cut-vessel-turnaround-times/,BRUHAN MAKONG,2026-09-09 12:15:11+00:00,2026-09-09T22:19:58.393862,Business,0.0832,Positive,"vessel, mombasa, handling, container, cargo, record, kenya, discharged",,Kenya Politics,3200.0,,2026-09-09,12,Wednesday,3200.0,8,361.664,2026-09-09 22:30:30.312391+00:00
,Capital FM Kenya,"Govt deploys Automatic Terminal Information Service at JKIA to improve management of arriving, departing flights","NAIROBI, Kenya, Sep 9- The government is tightening operational and security controls at Jomo Kenyatta International Airport (JKIA), deploying new flight-information and passenger-data systems as it seeks to improve processing,&#8230;",,https://capitalfm.africa/govt-deploys-automatic-terminal-information-service-at-jkia-to-improve-management-of-arriving-departing-flights/,BRUHAN MAKONG,2026-09-09 11:49:00+00:00,2026-09-09T22:19:58.397048,Politics,0.0773,Positive,"passenger, baggage, passengers, kenya, government, airport, cargo, information",,,4256.0,,2026-09-09,11,Wednesday,4256.0,8,467.146,2026-09-09 22:30:30.312391+00:00
,Capital FM Kenya,Motorists face 12-day diversion at Westlands Expressway exit,"During the 12 days, motorists exiting the expressway at Westlands will be required to leave the elevated section and join the lower A8 road along Waiyaki Way.",,https://capitalfm.africa/motorists-face-12-day-diversion-at-westlands-expressway-exit/,IRENE MWANGI,2026-09-09 11:10:42+00:00,2026-09-09T22:19:58.399621,General,-0.0015,Neutral,"motorists, expressway, westlands, nairobi, waiyaki, traffic, diversion, during",,,2677.0,,2026-09-09,11,Wednesday,2677.0,8,307.72999999999996,2026-09-09 22:30:30.312391+00:00
,KT Press Rwanda,Kagame in France for International Space Summit,"PARIS — President Paul Kagame is in Paris for the first International Space Summit, hosted by French President Emmanuel Macron as countries seek new rules and partnerships for an increasingly&#8230; The post Kagame in France for International Space Summit appeared first on KT PRESS.",,https://www.ktpress.rw/2026/09/kagame-in-france-for-international-space-summit/,Stephen Kamanzi,2026-09-09 15:59:10+00:00,2026-09-09T22:20:20.946163,Politics,0.0909,Positive,"kagame, international, space, summit, france, paris, president, hosted",,,331.0,,2026-09-09,15,Wednesday,331.0,8,74.91799999999999,2026-09-09 22:30:30.312391+00:00
,KT Press Rwanda,Why Is The World Choosing Kigali For MICE?,"Sitting in a comfortable red chair at the Kigali Convention Centre, I found myself reflecting on the fact that this was almost my fourth visit to the same venue in&#8230; The post Why Is The World Choosing Kigali For MICE? appeared first on KT PRESS.",,https://www.ktpress.rw/2026/09/why-is-the-world-choosing-kigali-for-mice/,Fred Mwasa,2026-09-09 11:45:32+00:00,2026-09-09T22:20:20.946674,General,0.13,Positive,"kigali, choosing, sitting, comfortable, chair, convention, centre, myself",,,293.0,,2026-09-09,11,Wednesday,293.0,8,71.89999999999999,2026-09-09 22:30:30.312391+00:00
,KT Press Rwanda,Rwanda and Oman Could Redefine Middle East-Africa Relations,"President Paul Kagame is in Muscat for a two-day official visit, signaling a new chapter in the strategic partnership between Rwanda and the Sultanate of Oman. Far from being a&#8230; The post Rwanda and Oman Could Redefine Middle East-Africa Relations appeared first on KT PRESS.",,https://www.ktpress.rw/2026/09/rwanda-and-oman-could-redefine-middle-east-africa-relations/,Fred Mwasa,2026-09-09 10:49:14+00:00,2026-09-09T22:20:20.947185,Politics,0.0973,Positive,"rwanda, redefine, middle, africa, relations, president, kagame, muscat",,,340.0,,2026-09-09,10,Wednesday,340.0,8,75.946,2026-09-09 22:30:30.312391+00:00
,KT Press Rwanda,Rwanda Hands Over Gabon MP After RwandAir Airport Assault,KIGALI — Rwanda has handed over a Gabonese lawmaker to his government after he was arrested at Kigali International Airport over an alleged assault on a RwandAir supervisor. Augustin Lobelle&#8230; The post Rwanda Hands Over Gabon MP After RwandAir Airport Assault appeared first on KT PRESS.,,https://www.ktpress.rw/2026/09/rwanda-hands-over-gabon-mp-after-rwandair-airport-assault/,KT Press Staff Writer,2026-09-09 09:28:49+00:00,2026-09-09T22:20:20.947671,Politics,0.05,Neutral,"rwanda, rwandair, airport, assault, hands, gabon, kigali, handed",rwandair,,350.0,,2026-09-09,9,Wednesday,350.0,8,76.0,2026-09-09 22:30:30.312391+00:00
,KT Press Rwanda,When East Africa Closes Its Doors to East Africans,"When President William Ruto addressed micro, small and medium-sized enterprise traders and investors at State House in Nairobi on September 2, he was speaking to a constituency with a legitimate&#8230; The post When East Africa Closes Its Doors to East Africans appeared first on KT PRESS.",,https://www.ktpress.rw/2026/09/when-east-africa-closes-its-doors-to-east-africans/,Fred Mwasa,2026-09-09 06:12:26+00:00,2026-09-09T22:20:20.948160,Politics,0.0,Neutral,"africa, closes, doors, africans, president, william, addressed, micro",,Kenya Politics,340.0,,2026-09-09,6,Wednesday,340.0,8,74.0,2026-09-09 22:30:30.312391+00:00
,KT Press Rwanda,Freedom From the Known: The Most Dangerous Prison Is the One We Call Normal,"In 1969, Jiddu Krishnamurti published Freedom from the Known, a book assembled from his earlier talks and dialogues. Its central challenge was deceptively simple: Can a human being live without&#8230; The post Freedom From the Known: The Most Dangerous Prison Is the One We Call Normal appeared first on KT PRESS.",,https://www.ktpress.rw/2026/09/freedom-from-the-known-the-most-dangerous-prison-is-the-one-we-call-normal/,Fred Mwasa,2026-09-09 06:11:00+00:00,2026-09-09T22:20:20.948698,General,0.0405,Neutral,"freedom, known, dangerous, prison, normal, jiddu, krishnamurti, published",,,389.0,,2026-09-09,6,Wednesday,389.0,8,79.71000000000001,2026-09-09 22:30:30.312391+00:00
,Radio France Intl Africa FR,EN DIRECT - États-Unis: Donald Trump prédit que la guerre avec l'Iran s'arrêtera «immédiatement» après les midterms,"Les Gardiens de la Révolution, armée idéologique de l'Iran, ont dit mercredi avoir attaqué une base militaire des États-Unis en Jordanie ainsi qu'une vingtaine de bateaux dans le Golfe, en réponse à des frappes américaines contre des pétroliers iraniens.",,https://www.rfi.fr/fr/moyen-orient/20260909-en-direct-moyen-orient-t%C3%A9h%C3%A9ran-dit-avoir-attaqu%C3%A9-deux-navires-am%C3%A9ricains-et-huit-p%C3%A9troliers,Rédaction Internet,2026-09-09 22:20:22.899556+00:00,2026-09-09T22:20:22.899556,General,-0.35,Negative,"direct, donald, trump, guerre, midterms, gardiens, mercredi, avoir",,,370.0,,2026-09-09,22,Wednesday,370.0,8,84.0,2026-09-09 22:30:30.312391+00:00
,Radio France Intl Africa FR,Le mouvement hindou BAPS est devenu «le fer de lance de la politique d'influence de l'État indien»,"BAPS, c'est le nom de l'organisation religieuse hindoue qui défraie la chronique après l'incident de la Tour Eiffel, à Paris. Lors de la venue d'une délégation du BAPS (Bochasanwasi Akshar Purushottam Swaminarayan Sanstha), les femmes employées sur la Tour Eiffel ont été écartées des lieux de la visite, provoquant le scandale. Le mouvement qui vient d'inaugurer le 6 septembre dernier un temple à Bussy-Saint-Georges, à 30 km de Paris, a une nouvelle fois affiché son conservatisme mais aussi les l",,https://www.rfi.fr/fr/france/20260909-le-mouvement-hindou-baps-est-devenu-le-fer-de-lance-de-la-politique-d-influence-de-l-%C3%A9tat-indien,Christophe Drevet,2026-09-09 22:20:22.900537+00:00,2026-09-09T22:20:22.900537,General,0.1,Positive,"mouvement, hindou, indien, eiffel, paris, devenu, lance, politique",,,904.0,,2026-09-09,22,Wednesday,904.0,8,132.4,2026-09-09 22:30:30.312391+00:00
,Radio France Intl Africa FR,"Ligue des champions: doublé de Dembélé, triplé de Torres pour une soirée parfaite pour le PSG","Pour la première journée de la phase de Ligue de la Ligue des champions, le Paris SG n’a fait qu’une bouchée du Slovan Bratislava (6-1) pour décrocher sa première victoire depuis cinq matchs et lancer enfin sa saison. Ousmane Dembélé s’est offert un doublé et délivré deux passes décisives à Ferran Torres, auteur d’un triplé.",,https://www.rfi.fr/fr/sports/20260909-ligue-des-champions-doubl%C3%A9-de-demb%C3%A9l%C3%A9-tripl%C3%A9-de-torres-pour-une-soir%C3%A9e-parfaite-pour-le-psg,Ndiassé Sambe,2026-09-09 22:20:22.901328+00:00,2026-09-09T22:20:22.901328,General,0.0,Neutral,"ligue, champions, torres, parfaite, phase, paris, slovan, bratislava",,,420.0,,2026-09-09,22,Wednesday,420.0,8,82.0,2026-09-09 22:30:30.312391+00:00
,Radio France Intl Africa FR,États-Unis: Trump réunit son camp à Dallas avant des élections de mi-mandat qui s'annoncent difficiles,"Donald Trump réunit son camp pour deux jours de rassemblement inédit à partir de ce mercredi à Dallas au Texas, misant sur sa popularité pour mobiliser les républicains avant des élections de mi-mandat qui s'annoncent difficiles pour la majorité.",,https://www.rfi.fr/fr/am%C3%A9riques/20260909-%C3%A9tats-unis-trump-r%C3%A9unit-camp-dallas-avant-des-%C3%A9lections-de-mi-mandat-qui-s-annoncent-difficiles,RFI,2026-09-09 22:20:22.901842+00:00,2026-09-09T22:20:22.901842,General,0.0,Neutral,"trump, dallas, avant, mandat, annoncent, difficiles, donald, jours",,,349.0,,2026-09-09,22,Wednesday,349.0,8,74.9,2026-09-09 22:30:30.312391+00:00
,Radio France Intl Africa FR,"Comment sauver les Halligens, archipel européen menacé par la montée de la mer?","Tout au nord de l’Allemagne, dix petites îles bravent les éléments : les Halligen. Plusieurs dizaines de fois par an, la mer du Nord les submerge naturellement. Et pourtant des humains vivent ici. Depuis des siècles, ils construisent leurs maisons et les étables pour leur bétail sur des monticules artificiels. De cette façon, les habitants des Halligen résistent aux pires tempêtes. Mais une nouvelle menace les guette : l’élévation du niveau de la mer, causée par le changement climatique.",,https://www.rfi.fr/fr/podcasts/grand-reportage/20260909-comment-sauver-les-halligens-archipel-europ%C3%A9en-menac%C3%A9-par-la-mont%C3%A9e-de-la-mer,Stefanie Schüler,2026-09-09 22:20:22.902527+00:00,2026-09-09T22:20:22.902527,General,0.0,Neutral,"halligen, comment, sauver, halligens, archipel, allemagne, petites, bravent",,,572.0,,2026-09-09,22,Wednesday,572.0,8,97.2,2026-09-09 22:30:30.312391+00:00
,Radio France Intl Africa FR,France: le parquet ordonne la suspension des policiers de Carcassonne accusés de propos racistes,"Le parquet a annoncé mercredi 9 septembre la suspension de quatre policiers municipaux de Carcassonne après la diffusion d'une vidéo les mettant en cause pour des propos racistes, tandis que le Rassemblement national (RN) s'est empressé d'exclure l'agent qui était membre du service d'ordre du parti.",,https://www.rfi.fr/fr/france/20260909-france-le-parquet-ordonne-la-suspension-des-policiers-de-carcassonne-accus%C3%A9s-de-propos-racistes,RFI avec AFP,2026-09-09 22:20:22.903135+00:00,2026-09-09T22:20:22.903135,General,0.0,Neutral,"parquet, suspension, policiers, carcassonne, propos, racistes, france, ordonne",,,397.0,,2026-09-09,22,Wednesday,397.0,8,79.7,2026-09-09 22:30:30.312391+00:00
,Radio France Intl Africa FR,Sommet de l'Espace: l'Europe peut-elle rester dans la course spatiale face à l'Américain SpaceX?,"Les 9 et 10 septembre, le premier sommet international de l'espace réunit à Paris chercheurs, dirigeants politiques et chefs d'entreprises de 120 pays, hormis la Russie, l'Iran et la Corée du Nord. Son premier jour est plus particulièrement consacré aux contrats. L'enjeu est important pour l'Europe qui cherche à rester dans la course à l'espace, devenue une véritable industrie.",,https://www.rfi.fr/fr/%C3%A9conomie/20260909-sommet-de-l-espace-l-europe-peut-elle-rester-dans-la-course-spatiale-face-%C3%A0-l-am%C3%A9ricain-spacex,Claire Fages,2026-09-09 22:20:22.903796+00:00,2026-09-09T22:20:22.903796,General,0.2,Positive,"espace, sommet, europe, rester, course, premier, spatiale, spacex",,,477.0,,2026-09-09,22,Wednesday,477.0,8,91.7,2026-09-09 22:30:30.312391+00:00
,Radio France Intl Africa FR,"Aux îles Halligen, menacées de disparaître: «Nos solutions d’adaptation peuvent s’appliquer à l’autre bout du monde»","Archipel allemand en mer du Nord, les Halligen sont les sentinelles européennes de la submersion marine. Plusieurs fois par an, ces dix petites îles, habitées depuis des siècles, sont naturellement submergées lors de fortes tempêtes. Mais l’élévation marine due au réchauffement climatique risque de les engloutir à jamais. Des solutions sont expérimentées pour tenter de sauver ces îlots, par ailleurs sanctuaires pour les oiseaux marins et migrateurs. RFI s’est rendue sur place. C’est le grand ent",,https://www.rfi.fr/fr/environnement/20260909-aux-%C3%AEles-halligen-menac%C3%A9es-de-disparaitre-nos-solutions-d-adaptation-peuvent-s-appliquer-%C3%A0-l-autre-bout-du-monde,Stefanie Schüler,2026-09-09 22:20:22.905357+00:00,2026-09-09T22:20:22.905357,General,0.1875,Positive,"halligen, solutions, marine, adaptation, peuvent, appliquer, autre, monde",,,687.0,,2026-09-09,22,Wednesday,687.0,8,112.45,2026-09-09 22:30:30.312391+00:00
,Radio France Intl Africa FR,France: la «pénalité maternelle» facteur d’inégalité entre les hommes et les femmes,"En France, devenir mère reste un des principaux facteurs d'inégalité entre les hommes et les femmes. La maternité a des conséquences sur leurs revenus, leur carrière ou encore leur autonomie financière. On appelle ça la « pénalité maternelle ». Le Haut Conseil à l'égalité entre les femmes et les hommes s'est penché sur ce phénomène. L'instance consultative du gouvernement publie ce mercredi un rapport pour détailler les difficultés rencontrées par trop de mères et apporter des réponses à une pro",,https://www.rfi.fr/fr/france/20260909-france-la-p%C3%A9nalit%C3%A9-maternelle-facteur-d-in%C3%A9galit%C3%A9-entre-les-hommes-et-les-femmes,Marie Casadebaig,2026-09-09 22:20:22.906204+00:00,2026-09-09T22:20:22.906204,General,0.0,Neutral,"entre, hommes, femmes, france, maternelle, facteur, devenir, reste",,,647.0,,2026-09-09,22,Wednesday,647.0,8,104.7,2026-09-09 22:30:30.312391+00:00
,Radio France Intl Africa FR,États-Unis: Donald Trump offre 45 000 dollars en liquide en cadeau à trois assistantes et suscite la polémique,"Peu avant son discours lors de la convention républicaine, une polémique entache Donald Trump. Selon des révélations du Washington Post du mardi 8 septembre, le président américain a distribué d’importantes sommes comme cadeaux de fin d’année à ses collaboratrices : son omniprésente assistante Natalie Harp a reçu 45 000 dollars en espèces, en plus de son salaire d’employée fédérale, notamment. Une pratique inédite jugée illégale par certains.",,https://www.rfi.fr/fr/am%C3%A9riques/20260909-%C3%A9tats-unis-donald-trump-offre-45-000-dollars-en-liquide-en-cadeau-%C3%A0-trois-assistantes-et-suscite-la-pol%C3%A9mique,RFI,2026-09-09 22:20:22.907032+00:00,2026-09-09T22:20:22.907032,General,0.0,Neutral,"donald, trump, dollars, offre, liquide, cadeau, trois, assistantes",,,557.0,,2026-09-09,22,Wednesday,557.0,8,95.7,2026-09-09 22:30:30.312391+00:00
,Radio France Intl Africa FR,Israël inaugure une ambassade en Slovénie sur fond d'accroissement de son isolement diplomatique,"L'isolement international d'Israël s'accroît, comme le montrent les sanctions contre les produits des colonies, annoncées mardi par douze pays dont la France, le Royaume-Uni ou encore le Canada pour protester contre la violence des colons et la construction de nouvelles colonies. Mais parallèlement, l'État hébreu entretient ses alliances et mise aussi sur de nouveaux soutiens. Ce mercredi 9 septembre était inaugurée la première ambassade d'Israël en Slovénie, pays de l'Union européenne. Le minis",,https://www.rfi.fr/fr/moyen-orient/20260909-isra%C3%ABl-inaugure-une-ambassade-en-slov%C3%A9nie-sur-fond-d-accroissement-de-son-isolement-diplomatique,RFI,2026-09-09 22:20:22.907813+00:00,2026-09-09T22:20:22.907813,Security & Conflict,0.0,Neutral,"ambassade, isolement, contre, colonies, inaugure, accroissement, diplomatique, international",,,694.0,,2026-09-09,22,Wednesday,694.0,8,109.4,2026-09-09 22:30:30.312391+00:00
,Radio France Intl Africa FR,"Détroit d’Ormuz: à Séoul, des manifestants appellent la Corée du Sud à rester hors de la guerre au Moyen-Orient","Des dizaines de manifestants sud-coréens ont exhorté mercredi 8 septembre leur gouvernement à ne pas déployer l'armée dans le détroit d'Ormuz, condamnant une « guerre illégale » menée par Washington. Face aux pressions états-uniennes, Séoul avait dit envisager des « contributions » aux efforts de sécurité dans le détroit, sans annoncer officiellement un éventuel déploiement. Mais le doute sur cette éventualité persiste à Séoul, où s'est tenue une manifestation.",,https://www.rfi.fr/fr/asie-pacifique/20260909-d%C3%A9troit-ormuz-manifestation-s%C3%A9oul-appellent-la-cor%C3%A9e-du-sud-%C3%A0-rester-hors-de-la-guerre-au-moyen-orient,RFI,2026-09-09 22:20:22.908621+00:00,2026-09-09T22:20:22.908621,General,0.0,Neutral,"ormuz, manifestants, guerre, appellent, rester, moyen, orient, dizaines",,,577.0,,2026-09-09,22,Wednesday,577.0,8,97.7,2026-09-09 22:30:30.312391+00:00
,Radio France Intl Africa FR,"Royaume-Uni: une panne géante provoque le chaos dans les aéroports, la piste de la cyberattaque écartée","Au moins 1 900 vols ont été retardés ou annulés depuis le 8 septembre, au départ et à destination de 15 aéroports, dont Londres, Birmingham, Manchester ou Édimbourg, ainsi que Dublin, en raison d’un problème technique au sein du système national de contrôle du trafic aérien. Le patron de l’organisme a été convoqué mercredi 9 septembre. L'organisme chargé du contrôle aérien exclut l'hypothèse d'une cyberattaque.",,https://www.rfi.fr/fr/europe/20260909-royaume-uni-une-panne-g%C3%A9ante-provoque-le-chaos-dans-les-a%C3%A9roports-la-piste-de-la-cyberattaque-%C3%A9cart%C3%A9e,RFI,2026-09-09 22:20:22.909426+00:00,2026-09-09T22:20:22.909426,General,0.0,Neutral,"cyberattaque, septembre, organisme, royaume, panne, provoque, chaos, piste",,,518.0,,2026-09-09,22,Wednesday,518.0,8,91.80000000000001,2026-09-09 22:30:30.312391+00:00
,Radio France Intl Africa FR,Serbie: Aleksandar Vucic annonce des élections législatives anticipées en octobre,"Le président serbe Aleksandar Vucic a annoncé ce mercredi midi des élections législatives anticipées en Serbie, le 25 octobre. Ce scrutin est le résultat d'une énorme pression populaire qui s'était manifestée depuis presque deux ans contre la corruption.",,https://www.rfi.fr/fr/europe/20260909-serbie-aleksandar-vucic-annonce-des-%C3%A9lections-l%C3%A9gislatives-anticip%C3%A9e-en-octobre,RFI,2026-09-09 22:20:22.909963+00:00,2026-09-09T22:20:22.909963,General,0.0,Neutral,"serbie, aleksandar, vucic, octobre, annonce, serbe, mercredi, scrutin",,,336.0,,2026-09-09,22,Wednesday,336.0,8,73.6,2026-09-09 22:30:30.312391+00:00
,Radio France Intl Africa FR,Allemagne: passe d'armes au Bundestag entre Merz et l'AfD en position de force,"La rentrée parlementaire en Allemagne a été agitée ce 9 septembre. Après la victoire historique de l'extrême-droite qui a obtenu 44% dans la région de Saxe-Anhalt qu'elle pourrait bientôt diriger, les députés AfD ont attaqué de front le chancelier Merz affaibli.",,https://www.rfi.fr/fr/europe/20260909-allemagne-passe-d-armes-bundestag-merz-afd-position-de-force,RFI,2026-09-09 22:20:22.910468+00:00,2026-09-09T22:20:22.910468,General,0.0,Neutral,"allemagne, passe, armes, bundestag, entre, position, force, parlementaire",,,341.0,,2026-09-09,22,Wednesday,341.0,8,74.1,2026-09-09 22:30:30.312391+00:00
,Radio France Intl Africa FR,"Norvège: aux obsèques du roi Harald V, le Premier ministre rend hommage à son rôle fédérateur","La Norvège a fait mercredi 9 septembre ses adieux au roi Harald V lors d'obsèques à son image, ouvertes et rassembleuses. Dans son éloge funèbre, le Premier ministre Jonas Gahr Støre a souligné le rôle fédérateur du défunt roi.",,https://www.rfi.fr/fr/europe/20260909-norv%C3%A8ge-aux-obs%C3%A8ques-du-roi-harald-v-le-premier-ministre-rend-hommage-%C3%A0-son-r%C3%B4le-f%C3%A9d%C3%A9rateur,RFI avec AFP,2026-09-09 22:20:22.910953+00:00,2026-09-09T22:20:22.910953,General,0.0,Neutral,"harald, premier, ministre, hommage, mercredi, septembre, adieux, image",,,321.0,,2026-09-09,22,Wednesday,321.0,8,72.1,2026-09-09 22:30:30.312391+00:00
,Radio France Intl Africa FR,"Au Japon, l'alliance d'opposition à Sanae Takaichi éclate après seulement 8 mois","L'opposition au parti de Sanae Takaichi se fragmente au Japon. Le chef de l'Alliance réformiste centriste a annoncé la dissolution de cette coalition créée huit mois plus tôt pour tenter de contrer l'avancée spectaculaire de la formation de la Première ministre, le Parti libéral démocrate – le PLD, lors des élections législatives. Cette annonce ne fait qu'accentuer la position de force de celle qu'on surnomme « la dame de fer japonaise ».",,https://www.rfi.fr/fr/asie-pacifique/20260909-au-japon-l-alliance-d-opposition-%C3%A0-sanae-takaichi-%C3%A9clate-apr%C3%A8s-seulement-8-mois,RFI,2026-09-09 22:20:22.911603+00:00,2026-09-09T22:20:22.911603,General,0.0,Neutral,"japon, alliance, opposition, sanae, takaichi, parti, cette, seulement",,,523.0,,2026-09-09,22,Wednesday,523.0,8,92.30000000000001,2026-09-09 22:30:30.312391+00:00
,Radio France Intl Africa FR,"Présidentielle 2027 en France: Édouard Philippe tend la main à la droite et au centre, Retailleau décline","Édouard Philippe a réuni mardi 8 septembre à Paris son premier comité politique de campagne en présence de plusieurs ministres ralliés à sa candidature comme Gérald Darmanin ou Maud Bregeon mais aussi l’ancien Premier ministre de droite Jean-Pierre Raffarin ou la sarkozyste Nathalie Kosciusko-Morizet. Il a tendu la main à ses concurrents en proposant de former un comité, avec un premier rendez-vous imaginé début novembre. Bruno Retailleau a d'ores et déjà décliné.",,https://www.rfi.fr/fr/france/20260909-pr%C3%A9sidentielle-2027-france-%C3%A9douard-philippe-tend-main-droite-et-centre-retailleau-et-attal-d%C3%A9clinent,RFI,2026-09-09 22:20:22.912346+00:00,2026-09-09T22:20:22.912346,General,0.1111,Positive,"premier, philippe, droite, retailleau, france, centre, mardi, septembre",,,574.0,,2026-09-09,22,Wednesday,574.0,8,99.622,2026-09-09 22:30:30.312391+00:00
,Radio France Intl Africa FR,L'ONU dénonce de possibles «crimes de guerre» israéliens en Syrie,"Depuis la chute de Bachar el-Assad, Israël a mené des centaines de frappes sur son voisin syrien, déployant également des troupes au sol. Oubliée au milieu du conflit régional, l'activité militaire israélienne dans le sud de la Syrie ne cesse de s'intensifier, estiment des enquêteurs de l'ONU.",,https://www.rfi.fr/fr/moyen-orient/20260909-l-onu-d%C3%A9nonce-de-possibles-crimes-de-guerre-isra%C3%A9liens-en-syrie,RFI,2026-09-09 22:20:22.912932+00:00,2026-09-09T22:20:22.912932,General,0.0,Neutral,"syrie, possibles, crimes, guerre, depuis, chute, bachar, assad",,,360.0,,2026-09-09,22,Wednesday,360.0,8,76.0,2026-09-09 22:30:30.312391+00:00
,Radio France Intl Africa FR,Espace: quel est l'impact environnemental des satellites?,"Le sommet international dédié à l'espace réunit 120 pays à Paris mercredi 9 et jeudi 10 septembre pour parler de l'exploration, de la sécurité, de l'économie, mais aussi de la durabilité du secteur spatial. Car à l'heure où des géants comme SpaceX et Amazon déploient des constellations de milliers de satellites, se pose la question de la pollution associée.",,https://www.rfi.fr/fr/podcasts/questions-d-environnement/20260909-espace-impact-environnemental-des-satellites,Simon Rozé,2026-09-09 22:20:22.913513+00:00,2026-09-09T22:20:22.913513,General,0.0,Neutral,"espace, satellites, impact, environnemental, sommet, international, paris, mercredi",,,417.0,,2026-09-09,22,Wednesday,417.0,8,81.7,2026-09-09 22:30:30.312391+00:00
,Radio France Intl Africa FR,Paris accueille un sommet sur l'espace pour renforcer le rôle de l'Europe dans le domaine,"Un sommet international sur le spatial à Paris s'ouvre ce mercredi 9 septembre au Grand Palais. Voulu par Emmanuel Macron et dans la même veine que celui sur l’intelligence artificielle, l'objectif de cette manifestation est de rassembler en France l'ensemble des acteurs qui travaillent sur l'espace en mélangeant acteurs institutionnels, gouvernements et acteurs économiques. Le domaine spatial est un thème en proie à de grandes mutations ces dernières années et à la multiplication des acteurs.",,https://www.rfi.fr/fr/france/20260909-paris-accueille-un-sommet-sur-l-espace-pour-renforcer-le-r%C3%B4le-de-l-europe-dans-le-domaine,RFI,2026-09-09 22:20:22.914223+00:00,2026-09-09T22:20:22.914223,General,0.25,Positive,"acteurs, paris, sommet, espace, domaine, spatial, accueille, renforcer",,,588.0,,2026-09-09,22,Wednesday,588.0,8,103.80000000000001,2026-09-09 22:30:30.312391+00:00
,Radio France Intl Africa FR,"Jérémie Patrier-Leitus, député Horizons: «On ne gagnera pas l'élection sans le rassemblement de la droite et du centre»","Le député Horizons Jérémie Patrier-Leitus appelle les dirigeants du centre et de la droite, de Bruno Retailleau à Gabriel Attal, à « accepter la main tendue d’Édouard Philippe », qui a appelé ses concurrents du bloc central au rassemblement – en leur proposant une réunion à la Toussaint. « Ce n’est pas un coup de pression », plaide Jérémie Patrier-Leitus, qui juge que « face à la montée des extrêmes » RN et LFI, Édouard Philippe est « le mieux placé dans les sondages » et « est dans son rôle pou",,https://www.rfi.fr/fr/podcasts/invit%C3%A9-politique/20260909-j%C3%A9r%C3%A9mie-patrier-leitus-d%C3%A9put%C3%A9-horizons-on-ne-gagnera-pas-l-%C3%A9lection-sans-le-rassemblement-de-la-droite-et-du-centre,Véronique Rigolet,2026-09-09 22:20:22.915351+00:00,2026-09-09T22:20:22.915351,Security & Conflict,0.0556,Positive,"patrier, leitus, rassemblement, horizons, droite, centre, philippe, central",,,849.0,,2026-09-09,22,Wednesday,849.0,8,126.012,2026-09-09 22:30:30.312391+00:00
,Radio France Intl Africa FR,"Chine: 50 ans après la mort de Mao Zedong, la «démaoïsation n'a pas eu lieu»","Un demi-siècle après sa mort, une foule immense a rendu hommage à Mao Zedong mercredi 9 septembre dans son village natal, devenu site touristique. Cinquante ans après, l’héritage politique du grand timonier continue de diviser et d’influencer la Chine contemporaine. Le pouvoir actuel de Xi Jinping cherche à inscrire le Parti communiste dans une continuité historique de 5 000 ans, ce qui influe sur la manière dont l’histoire maoïste est racontée, étudiée ou passée sous silence. Le décryptage de F",,https://www.rfi.fr/fr/podcasts/invit%C3%A9-international/20260909-chine-50-ans-apr%C3%A8s-la-mort-de-mao-zedong-la-d%C3%A9mao%C3%AFsation-n-a-pas-eu-lieu,Anne Cantener,2026-09-09 22:20:22.916424+00:00,2026-09-09T22:20:22.916424,General,0.25,Positive,"chine, zedong, foule, immense, rendu, hommage, mercredi, septembre",,,803.0,,2026-09-09,22,Wednesday,803.0,8,125.30000000000001,2026-09-09 22:30:30.312391+00:00
,Premium Times Nigeria,"Makinde condemns disruption of Obi’s visit to Benue, says APC ‘marketing unpopular candidate’","Mr Makinde alleged that the APC was unsettled by the prospect of losing the 2027 presidential election and had therefore resorted to what he described as barbaric tactics. The post Makinde condemns disruption of Obi&#8217;s visit to Benue, says APC &#8216;marketing unpopular candidate&#8217; appeared first on Premium Times Nigeria.",,https://www.premiumtimesng.com/news/more-news/908518-makinde-condemns-disruption-of-obis-visit-to-benue-says-apc-marketing-unpopular-candidate.html,Abdulqudus Ogundapo,2026-09-09 22:06:28+00:00,2026-09-09T22:20:23.998949,Politics,0.075,Positive,"makinde, condemns, disruption, visit, benue, marketing, unpopular, candidate",,,427.0,,2026-09-09,22,Wednesday,427.0,8,84.2,2026-09-09 22:30:30.312391+00:00
,Premium Times Nigeria,APC national chairman begins two-week vacation ahead of 2027 polls,"A statement by his office on Wednesday said the national chairman of the ruling party, who assumed office in July 2025, will use the period to rest, retool and further sharpen his strategic thinking ahead of the 2027 general elections. The post APC national chairman begins two-week vacation ahead of 2027 polls appeared first on Premium Times Nigeria.",,https://www.premiumtimesng.com/news/top-news/908516-apc-national-chairman-begins-two-week-vacation-ahead-of-2027-polls.html,Press Release,2026-09-09 21:58:19+00:00,2026-09-09T22:20:23.999557,Politics,0.1,Positive,"national, chairman, ahead, begins, vacation, polls, office, statement",,,419.0,,2026-09-09,21,Wednesday,419.0,8,83.9,2026-09-09 22:30:30.312391+00:00
,Premium Times Nigeria,"Lassa fever: NCDC identifies preparedness gaps, unveils readiness plan ahead of peak season","Mr Idris said although Lassa fever occurs throughout the year, the period before the peak season provides an opportunity for the government, health facilities, and communities to strengthen preparedness before cases increase. The post Lassa fever: NCDC identifies preparedness gaps, unveils readiness plan ahead of peak season appeared first on Premium Times Nigeria.",,https://www.premiumtimesng.com/health/health-news/908514-lassa-fever-ncdc-identifies-preparedness-gaps-unveils-readiness-plan-ahead-of-peak-season.html,Fortune Eromonsele,2026-09-09 21:50:11+00:00,2026-09-09T22:20:24.000079,Health,0.25,Positive,"lassa, fever, preparedness, season, identifies, unveils, readiness, ahead",,,459.0,,2026-09-09,21,Wednesday,459.0,8,90.9,2026-09-09 22:30:30.312391+00:00
,Premium Times Nigeria,"Abia begins training for 4,074 newly recruited teachers","Governor Otti warned the new teachers to guard their jobs jealously because their names were still “written in pencil”. The post Abia begins training for 4,074 newly recruited teachers appeared first on Premium Times Nigeria.",,https://www.premiumtimesng.com/regional/south-south-regional/908512-abia-begins-training-for-4074-newly-recruited-teachers.html,Agency Report,2026-09-09 20:40:38+00:00,2026-09-09T22:20:24.000578,Education,0.1648,Positive,"teachers, begins, training, newly, recruited, governor, warned, guard",,,281.0,,2026-09-09,20,Wednesday,281.0,8,71.396,2026-09-09 22:30:30.312391+00:00
,Premium Times Nigeria,"Police rescue kidnap victim, apprehend suspect","The News Agency of Nigeria reports that a resident of Rivers, simply identified as Loveth, was abducted on 2 September while seated in front of her shop in Port Harcourt. The post Police rescue kidnap victim, apprehend suspect appeared first on Premium Times Nigeria.",,https://www.premiumtimesng.com/regional/south-south-regional/908510-police-rescue-kidnap-victim-apprehend-suspect.html,Agency Report,2026-09-09 20:28:24+00:00,2026-09-09T22:20:24.001067,General,0.025,Neutral,"police, rescue, kidnap, victim, apprehend, suspect, nigeria, agency",,,314.0,,2026-09-09,20,Wednesday,314.0,8,71.9,2026-09-09 22:30:30.312391+00:00
,Premium Times Nigeria,"NBA president backs judgement on filming police officers on duty, seeks clearer rules on limits","“We should not be afraid of being transparent in the lawful execution of our duties,” said the NBA president. The post NBA president backs judgement on filming police officers on duty, seeks clearer rules on limits appeared first on Premium Times Nigeria.",,https://www.premiumtimesng.com/news/top-news/908508-nba-president-backs-judgement-on-filming-police-officers-on-duty-seeks-clearer-rules-on-limits.html,Ndidiamaka Ede,2026-09-09 20:18:24+00:00,2026-09-09T22:20:24.001579,Politics,-0.1167,Negative,"president, backs, judgement, filming, police, officers, seeks, clearer",awf,,351.0,,2026-09-09,20,Wednesday,351.0,8,77.434,2026-09-09 22:30:30.312391+00:00
,Premium Times Nigeria,Document shows NDC notified police ahead of Peter Obi’s disrupted Benue visit,The recent development contradicts the Benue State Government’s initial claim that neither the government nor the security agencies were notified ahead of Mr Obi’s visit. The post Document shows NDC notified police ahead of Peter Obi’s disrupted Benue visit appeared first on Premium Times Nigeria.,,https://www.premiumtimesng.com/news/top-news/908506-document-shows-ndc-notified-police-ahead-of-peter-obis-disrupted-benue-visit.html,Chinagorom Ugwu,2026-09-09 20:00:37+00:00,2026-09-09T22:20:24.002138,Politics,0.0833,Positive,"notified, ahead, benue, visit, document, shows, police, peter",,,376.0,,2026-09-09,20,Wednesday,376.0,8,79.26599999999999,2026-09-09 22:30:30.312391+00:00
,Premium Times Nigeria,‘There’s no road at all in Eket urban’ – Gov Eno’s campaign DG,"The senior lawyer made the remark when media practitioners from Eket Federal Constituency, Akwa Ibom State, visited him at his country home in Eket. The post ‘There’s no road at all in Eket urban’ – Gov Eno’s campaign DG appeared first on Premium Times Nigeria.",,https://www.premiumtimesng.com/regional/south-south-regional/908503-theres-no-road-at-all-in-eket-urban-gov-enos-campaign-dg.html,Saviour Imukudo,2026-09-09 19:55:09+00:00,2026-09-09T22:20:24.002762,General,0.0833,Positive,"urban, campaign, senior, lawyer, remark, media, practitioners, federal",,,324.0,,2026-09-09,19,Wednesday,324.0,8,74.066,2026-09-09 22:30:30.312391+00:00
,Premium Times Nigeria,"Experts urge African leaders to bridge gap between policies, real-life outcomes","They made the call in Abuja on Tuesday at the 2026 Gender and Inclusion Summit (GS-26), held under the theme, “From Agenda to Action: Making Innovations Count for the Last Mile.” The post Experts urge African leaders to bridge gap between policies, real-life outcomes appeared first on Premium Times Nigeria.",,https://www.premiumtimesng.com/news/top-news/908500-experts-urge-african-leaders-to-bridge-gap-between-policies-real-life-outcomes.html,Fortune Eromonsele,2026-09-09 19:23:01+00:00,2026-09-09T22:20:24.003373,General,0.07,Positive,"experts, african, leaders, bridge, policies, outcomes, abuja, tuesday",,,388.0,,2026-09-09,19,Wednesday,388.0,8,80.20000000000002,2026-09-09 22:30:30.312391+00:00
,Premium Times Nigeria,Police arrest 46 suspects over obstruction of Obi’s convoy in Benue,The police said they avoided using force to disperse the group to prevent possible loss of lives and property. The post Police arrest 46 suspects over obstruction of Obi’s convoy in Benue appeared first on Premium Times Nigeria.,,https://www.premiumtimesng.com/regional/north-central/908497-police-arrest-46-suspects-over-obstruction-of-obis-convoy-in-benue.html,Manasseh Mbachii,2026-09-09 19:02:34+00:00,2026-09-09T22:20:24.003929,General,0.0375,Neutral,"police, arrest, suspects, obstruction, convoy, benue, avoided, using",,,296.0,,2026-09-09,19,Wednesday,296.0,8,70.35,2026-09-09 22:30:30.312391+00:00
,Premium Times Nigeria,Sanwo-Olu declares ‘small state of emergency’ on Lagos waste crisis,"As part of the emergency response, the governor said the state government had ordered 160 new compactor trucks to strengthen waste collection across Lagos. The post Sanwo-Olu declares ‘small state of emergency’ on Lagos waste crisis appeared first on Premium Times Nigeria.",,https://www.premiumtimesng.com/regional/ssouth-west/908495-sanwo-olu-declares-small-state-of-emergency-on-lagos-waste-crisis.html,Emmanuel Agbo,2026-09-09 18:46:14+00:00,2026-09-09T22:20:24.004477,Politics,-0.1019,Negative,"state, emergency, lagos, waste, sanwo, declares, crisis, response",,,341.0,,2026-09-09,18,Wednesday,341.0,8,76.13799999999999,2026-09-09 22:30:30.312391+00:00
,Premium Times Nigeria,NUPRC threatens to revoke gas flare site awards over non-utilisation,The Nigerian Upstream Petroleum Regulatory Commission says it will revoke awards granted under the Nigerian Gas Flare Commercialisation Programme where beneficiaries fail to demonstrate significant progress in utilising the flare gas sites. The post NUPRC threatens to revoke gas flare site awards over non-utilisation appeared first on Premium Times Nigeria.,,https://www.premiumtimesng.com/business/business-news/908493-nuprc-threatens-to-revoke-gas-flare-site-awards-over-non-utilisation.html,Abdulkareem Mojeed,2026-09-09 18:24:52+00:00,2026-09-09T22:20:24.004963,General,0.0417,Neutral,"flare, revoke, awards, nuprc, threatens, utilisation, nigerian, upstream",,,428.0,,2026-09-09,18,Wednesday,428.0,8,83.63400000000001,2026-09-09 22:30:30.312391+00:00
,Premium Times Nigeria,"Ekiti begins renovation, upgrade of NYSC camp","The upgrade of the NYSC camp follows the governor’s directive to conduct integrity tests on buildings at the camp following the collapse of toilet facilities at the camp. The post Ekiti begins renovation, upgrade of NYSC camp appeared first on Premium Times Nigeria.",,https://www.premiumtimesng.com/regional/ssouth-west/908488-ekiti-begins-renovation-upgrade-of-nysc-camp.html,Aaron Cole,2026-09-09 17:48:27+00:00,2026-09-09T22:20:24.005458,General,0.0722,Positive,"upgrade, ekiti, begins, renovation, follows, governor, directive, conduct",,,312.0,,2026-09-09,17,Wednesday,312.0,8,72.644,2026-09-09 22:30:30.312391+00:00
,Premium Times Nigeria,FG seeks action on harmful gender norms to improve adolescent health,"The Minister of State for Health and Social Welfare, Iziaq Salako, made the call on Wednesday in Abuja at the 2026 Gender and Inclusion Summit organised by the Policy Innovation Centre (PIC) in collaboration with the Nigerian Economic Summit Group (NESG). The post FG seeks action on harmful gender norms to improve adolescent health appeared first on Premium Times Nigeria.",,https://www.premiumtimesng.com/health/health-news/908486-fg-seeks-action-on-harmful-gender-norms-to-improve-adolescent-health.html,Fortune Eromonsele,2026-09-09 17:43:21+00:00,2026-09-09T22:20:24.006029,Health,0.1367,Positive,"gender, health, seeks, action, harmful, norms, improve, adolescent",,,443.0,,2026-09-09,17,Wednesday,443.0,8,87.034,2026-09-09 22:30:30.312391+00:00
,Premium Times Nigeria,"YouTube can never pay filmmakers what Netflix, Prime Video pay — Kunle Afolayan","The filmmaker also disclosed that he has invested more than ₦8 billion of his money in the KAP Film Village and Resort. The post YouTube can never pay filmmakers what Netflix, Prime Video pay — Kunle Afolayan appeared first on Premium Times Nigeria.",,https://www.premiumtimesng.com/entertainment/nollywood/908484-youtube-can-never-pay-filmmakers-what-netflix-prime-video-pay-kunle-afolayan.html,Aaron Cole,2026-09-09 17:36:20+00:00,2026-09-09T22:20:24.006582,General,0.375,Positive,"youtube, filmmakers, netflix, prime, video, kunle, afolayan, filmmaker",,,329.0,,2026-09-09,17,Wednesday,329.0,8,80.4,2026-09-09 22:30:30.312391+00:00
,BusinessDay Nigeria,U20 Women’s World Cup: Ohakim boosts Falconets’ morale ahead of China clash,"Chioma Ohakim, Nigeria’s ambassador to Poland, has boosted the morale of the Falconets ahead of their crucial second Group F read more U20 Women’s World Cup: Ohakim boosts Falconets’ morale ahead of China clash",,https://businessday.ng/sports/article/u20-womens-world-cup-ohakim-boosts-falconets-morale-ahead-of-china-clash/,Anthony Nlebem,2026-09-09 21:53:20+00:00,2026-09-09T22:20:25.204164,General,0.1667,Positive,"ohakim, falconets, morale, ahead, women, boosts, china, clash",,,286.0,,2026-09-09,21,Wednesday,286.0,8,71.934,2026-09-09 22:30:30.312391+00:00
,BusinessDay Nigeria,"Nigeria Pitch Awards: Osimhen, Iwobi, Bassey win big as Philips backs Tinubu’s reforms","Victor Osimhen, Alex Iwobi, Calvin Bassey and Stanley Nwabali were among the major winners at the 12th edition of the read more Nigeria Pitch Awards: Osimhen, Iwobi, Bassey win big as Philips backs Tinubu’s reforms",,https://businessday.ng/sports/article/nigeria-pitch-awards-osimhen-iwobi-bassey-win-big-as-philips-backs-tinubus-reforms/,Anthony Nlebem,2026-09-09 21:19:37+00:00,2026-09-09T22:20:25.204727,General,0.3604,Positive,"osimhen, iwobi, bassey, nigeria, pitch, awards, philips, backs",,,301.0,,2026-09-09,21,Wednesday,301.0,8,77.30799999999999,2026-09-09 22:30:30.312391+00:00
,BusinessDay Nigeria,"MTN’s 100m subscribers open data, fintech opportunity","&#8230;As Nigeria’s mobile market nears 200m MTN Nigeria’s 100 million active-subscriber base is opening a bigger market for data, fintech read more MTN’s 100m subscribers open data, fintech opportunity",,https://businessday.ng/technology/article/mtns-100m-subscribers-open-data-fintech-opportunity/,Royal Ibeh,2026-09-09 21:13:06+00:00,2026-09-09T22:20:25.205300,Business,-0.06,Negative,"fintech, subscribers, opportunity, nigeria, market, mobile, nears, million",mtn,,256.0,,2026-09-09,21,Wednesday,256.0,8,66.8,2026-09-09 22:30:30.312391+00:00
,BusinessDay Nigeria,Badejo Olawumi takes over as LASU VC,"&#160; &#160; Badejo Olawumi, a professor of Guidance and Counselling has been appointed as the new vice-chancellor of Lagos State read more Badejo Olawumi takes over as LASU VC",,https://businessday.ng/education/article/badejo-olawumi-takes-over-as-lasu-vc/,Charles Ogwo,2026-09-09 20:05:02+00:00,2026-09-09T22:20:25.205710,General,0.3182,Positive,"badejo, olawumi, takes, professor, guidance, counselling, appointed, chancellor",,,214.0,,2026-09-09,20,Wednesday,214.0,8,67.76400000000001,2026-09-09 22:30:30.312391+00:00
,BusinessDay Nigeria,Olukoyede charges Oyo State govt to enact law against terrorism financing,"Ola Olukoyede, the Executive Chairman of the Economic and Financial Crimes Commission, EFCC, has charged the Oyo State Government to read more Olukoyede charges Oyo State govt to enact law against terrorism financing",,https://businessday.ng/news/article/olukoyede-charges-oyo-state-govt-to-enact-law-against-terrorism-financing/,Remi Feyisipo,2026-09-09 19:41:58+00:00,2026-09-09T22:20:25.206132,Politics,0.2333,Positive,"olukoyede, state, charges, enact, against, terrorism, financing, executive",,,290.0,,2026-09-09,19,Wednesday,290.0,8,73.666,2026-09-09 22:30:30.312391+00:00
,Punch Nigeria,"Police arrest one, hunt others over rape of 15-year-old in C’River",Police in Calabar have arrested one suspect in the rape in Cross River of a 15-year-old girl. A manhunt is on for other suspects involved in the assault. Read More:,,https://punchng.com/police-arrest-one-hunt-others-over-rape-of-15-year-old-in-criver/?utm_source=rss.punchng.com&utm_medium=web,Punch Newspapers,2026-09-09 23:04:53+00:00,2026-09-09T22:20:26.342851,General,0.0813,Positive,"police, river, arrest, others, calabar, arrested, suspect, cross",,,231.0,,2026-09-09,23,Wednesday,231.0,8,64.726,2026-09-09 22:30:30.312391+00:00
,Punch Nigeria,Police arrest woman over fake OPay shutdown notice,"The Nigeria Police Force National Cybercrime Centre has arrested a 27-year-old woman, Hafsat Abubakar, over the creation and circulation of a forged document falsely suggesting that fintech company OPay Nigeria Limited was shutting down its operations. The Force Public Relations Officer, Anietie Iniedu, disclosed this during a press briefing at the NPF-NCCC in Abuja on Read More:",,https://punchng.com/police-arrest-woman-over-fake-opay-shutdown-notice/?utm_source=rss.punchng.com&utm_medium=web,Punch Newspapers,2026-09-09 22:58:44+00:00,2026-09-09T22:20:26.343403,General,-0.0967,Negative,"police, woman, nigeria, force, arrest, shutdown, notice, national","opay, uba",Africa Fintech,433.0,,2026-09-09,22,Wednesday,433.0,8,85.23400000000001,2026-09-09 22:30:30.312391+00:00
,Punch Nigeria,Yobe ADC demands clarification over exclusion from LG poll,"Yobe&#8217;s ADC demands answers from the state electoral body over its exclusion from the Yobe LG poll, threatening legal action if its rights are affected. Read More:",,https://punchng.com/yobe-adc-demands-clarification-over-exclusion-from-lg-poll/?utm_source=rss.punchng.com&utm_medium=web,Punch Newspapers,2026-09-09 22:48:15+00:00,2026-09-09T22:20:26.343848,General,0.2667,Positive,"demands, exclusion, clarification, answers, state, electoral, threatening, legal",,,227.0,,2026-09-09,22,Wednesday,227.0,8,68.034,2026-09-09 22:30:30.312391+00:00
,Punch Nigeria,More flights cancelled as authority says UK air traffic outage not a cyberattack,Hundreds of UK flight cancellations continue after a major air traffic control glitch. Authorities rule out a cyberattack as the cause of the travel chaos. Read More:,,https://punchng.com/more-flights-cancelled-as-authority-says-uk-air-traffic-outage-not-a-cyberattack/?utm_source=rss.punchng.com&utm_medium=web,Punch Newspapers,2026-09-09 22:43:34+00:00,2026-09-09T22:20:26.344235,General,0.3542,Positive,"traffic, cyberattack, flights, cancelled, authority, outage, hundreds, flight",,,247.0,,2026-09-09,22,Wednesday,247.0,8,71.784,2026-09-09 22:30:30.312391+00:00
,Punch Nigeria,"Gombe governor’s wife, Shettima’s aide urge women to unite","Gombe women have been urged to unite, collaborate, and mentor each other for development at a summit attended by the governor&#8217;s wife and VP Shettima&#8217;s aide Read More:",,https://punchng.com/gombe-governors-wife-shettimas-aide-urge-women-to-unite/?utm_source=rss.punchng.com&utm_medium=web,Punch Newspapers,2026-09-09 22:41:03+00:00,2026-09-09T22:20:26.344651,General,0.1875,Positive,"gombe, governor, shettima, women, unite, urged, collaborate, mentor",,,237.0,,2026-09-09,22,Wednesday,237.0,8,67.45,2026-09-09 22:30:30.312391+00:00
,Punch Nigeria,EFL: Chelsea hit Leeds United 6-3 to advance in League Cup,"Chelsea fought back from two goals down to beat Leeds 6-3 in a chaotic EFL Cup third-round classic, with Cole Palmer and Danny Welbeck leading the charge. Read More:",,https://punchng.com/efl-chelsea-hit-leeds-united-6-3-to-advance-in-league-cup/?utm_source=rss.punchng.com&utm_medium=web,Punch Newspapers,2026-09-09 22:36:57+00:00,2026-09-09T22:20:26.345132,General,0.1278,Positive,"chelsea, leeds, united, advance, league, fought, goals, chaotic",,,224.0,,2026-09-09,22,Wednesday,224.0,8,64.956,2026-09-09 22:30:30.312391+00:00
,Punch Nigeria,North-West states to shut down unlicensed private health schools,"The seven North-West states have vowed to shut down any private health training institution operating without full compliance with the requirements prescribed by law, in a fresh push to safeguard public health and flush out quacks from the region’s health sector. The pledge was made by the Chairman of the Northwestern States Commissioners of Health Read More:",,https://punchng.com/north-west-states-to-shut-down-unlicensed-private-health-schools/?utm_source=rss.punchng.com&utm_medium=web,Punch Newspapers,2026-09-09 22:33:32+00:00,2026-09-09T22:20:26.345668,Health,0.1049,Positive,"health, states, north, private, unlicensed, schools, seven, vowed",,,426.0,,2026-09-09,22,Wednesday,426.0,8,84.698,2026-09-09 22:30:30.312391+00:00
,Punch Nigeria,UCL: Ødegaard fires Arsenal to 1-0 win at Napoli,"Martin Ødegaard’s superb 75th-minute strike secured Arsenal a hard-fought 1-0 victory away at Napoli in their Champions League league-phase opener at the Stadio Diego Armando Maradona. The Arsenal captain, on Wednesday night, curled a left-footed effort from outside the box that went in off the far post, assisted by substitute Christos Tzolis, to give the Read More:",,https://punchng.com/ucl-odegaard-fires-arsenal-to-1-0-win-at-napoli/?utm_source=rss.punchng.com&utm_medium=web,Punch Newspapers,2026-09-09 22:20:56+00:00,2026-09-09T22:20:26.346287,Security & Conflict,0.48,Positive,"arsenal, napoli, league, fires, martin, superb, minute, strike",,,417.0,,2026-09-09,22,Wednesday,417.0,8,91.3,2026-09-09 22:30:30.312391+00:00
,Punch Nigeria,UCL: Ferran Torres hits hat-trick as PSG wallop Slovan 6-1,Ferran Torres scored a stunning hat-trick as Paris Saint-Germain dominated Slovan Bratislava with a 6-1 victory in the Champions League opener. Read More:,,https://punchng.com/ucl-ferran-torres-hits-hat-trick-as-psg-wallop-slovan-6-1/?utm_source=rss.punchng.com&utm_medium=web,Punch Newspapers,2026-09-09 22:16:53+00:00,2026-09-09T22:20:26.346737,General,0.5,Positive,"ferran, torres, trick, slovan, wallop, scored, stunning, paris",,,213.0,,2026-09-09,22,Wednesday,213.0,8,71.3,2026-09-09 22:30:30.312391+00:00
,Punch Nigeria,"2027: G100 consensus move good, but NDC focused on winning – Dickson",Seriake Dickson says the NDC supports the G100 consensus move for the 2027 general elections but remains focused on winning with its own ticket. Read More:,,https://punchng.com/2027-g100-consensus-move-good-but-ndc-focused-on-winning-dickson/?utm_source=rss.punchng.com&utm_medium=web,Punch Newspapers,2026-09-09 22:10:38+00:00,2026-09-09T22:20:26.347275,Politics,0.475,Positive,"consensus, focused, winning, dickson, seriake, supports, general, elections",,,224.0,,2026-09-09,22,Wednesday,224.0,8,71.9,2026-09-09 22:30:30.312391+00:00
,Punch Nigeria,UPDATED: Gas truck collision triggers emergency shutdown on Kwara highway,A gas truck collision on Ibrahim Taiwo Road in Ilorin triggered an emergency shutdown after a Sienna with gas cylinders suffered brake failure and crashed. Read More:,,https://punchng.com/updated-gas-truck-collision-triggers-emergency-shutdown-on-kwara-highway/?utm_source=rss.punchng.com&utm_medium=web,Punch Newspapers,2026-09-09 22:01:17+00:00,2026-09-09T22:20:26.347642,General,0.0917,Positive,"truck, collision, emergency, shutdown, updated, triggers, kwara, highway",,,240.0,,2026-09-09,22,Wednesday,240.0,8,65.834,2026-09-09 22:30:30.312391+00:00
,Punch Nigeria,"Akwa Ibom gov unveils 5.5km road, erosion control projects","Akwa Ibom State Governor, Umo Eno, has commissioned a 5.5km road and erosion control project in Uyo to improve accessibility and tackle flooding. Read More:",,https://punchng.com/akwa-ibom-gov-unveils-5-5km-road-erosion-control-projects/?utm_source=rss.punchng.com&utm_medium=web,Punch Newspapers,2026-09-09 21:52:02+00:00,2026-09-09T22:20:26.348039,Climate & Environment,0.5,Positive,"erosion, control, unveils, projects, state, governor, commissioned, project",,,215.0,,2026-09-09,21,Wednesday,215.0,8,71.5,2026-09-09 22:30:30.312391+00:00
,Punch Nigeria,Otu urges FAAN to upgrade Cross River airport ahead of AfSNET,Cross River Governor Bassey Otu calls on FAAN to upgrade the Cross River airport&#8217;s facilities ahead of the 2026 AfSNET conference to handle international g Read More:,,https://punchng.com/otu-urges-faan-to-upgrade-cross-river-airport-ahead-of-afsnet/?utm_source=rss.punchng.com&utm_medium=web,Punch Newspapers,2026-09-09 21:27:29+00:00,2026-09-09T22:20:26.348408,General,0.1,Positive,"cross, river, upgrade, airport, ahead, afsnet, urges, governor",,,234.0,,2026-09-09,21,Wednesday,234.0,8,65.4,2026-09-09 22:30:30.312391+00:00
,Punch Nigeria,Ronaldo hits 979th career goal as Al Nassr edge Abha 2-1,"Cristiano Ronaldo edges closer to 1,000 goals, scoring his 979th career goal in Al Nassr&#8217;s 2-1 victory over Abha in the Saudi Pro League. Read More:",,https://punchng.com/ronaldo-hits-979th-career-goal-as-al-nassr-edge-abha-2-1/?utm_source=rss.punchng.com&utm_medium=web,Punch Newspapers,2026-09-09 21:25:53+00:00,2026-09-09T22:20:26.348857,General,0.5,Positive,"ronaldo, career, nassr, cristiano, edges, closer, goals, scoring",,,211.0,,2026-09-09,21,Wednesday,211.0,8,71.1,2026-09-09 22:30:30.312391+00:00
,Punch Nigeria,China hits back at US over AI theft allegations,"China has refuted US AI theft allegations, calling them &#8216;groundless&#8217; and a pretext for industrial monopoly after a US advisory accused top Chinese labs. Read More:",,https://punchng.com/china-hits-back-at-us-over-ai-theft-allegations/?utm_source=rss.punchng.com&utm_medium=web,Punch Newspapers,2026-09-09 21:13:30+00:00,2026-09-09T22:20:26.349220,AI & Tech,0.25,Positive,"china, theft, allegations, refuted, calling, groundless, pretext, industrial",,,223.0,,2026-09-09,21,Wednesday,223.0,8,67.3,2026-09-09 22:30:30.312391+00:00
,Punch Nigeria,IAEA refers Iran to UN security council over nuclear non-compliance,"The IAEA refers Iran to the UN Security Council over its nuclear program non-compliance, a move backed by the US, UK, France, and Germany. Read More:",,https://punchng.com/iaea-refers-iran-to-un-security-council-over-nuclear-non-compliance/?utm_source=rss.punchng.com&utm_medium=web,Punch Newspapers,2026-09-09 21:05:04+00:00,2026-09-09T22:20:26.349546,Security & Conflict,0.5,Positive,"refers, security, council, nuclear, compliance, program, backed, france",,,217.0,,2026-09-09,21,Wednesday,217.0,8,71.7,2026-09-09 22:30:30.312391+00:00
,Punch Nigeria,"UCL: Newcomers Jesus, Adeyemi net as Barcelona thrash Feyenoord 5-1","Read how Barcelona thrashed Feyenoord 5-1 in their Champions League opener, with goals from newcomers Gabriel Jesus and Karim Adeyemi, plus a Raphinha brac Read More:",,https://punchng.com/ucl-newcomers-jesus-adeyemi-net-as-barcelona-thrash-feyenoord-5-1/?utm_source=rss.punchng.com&utm_medium=web,Punch Newspapers,2026-09-09 20:57:37+00:00,2026-09-09T22:20:26.349925,General,0.25,Positive,"newcomers, jesus, adeyemi, barcelona, feyenoord, thrash, thrashed, champions",,,234.0,,2026-09-09,20,Wednesday,234.0,8,68.4,2026-09-09 22:30:30.312391+00:00
,Punch Nigeria,Sanwo-Olu appoints new LASU Vice-Chancellor,"Lagos State Governor, Babajide Sanwo-Olu, has appointed Professor Ayodeji Badejo as the new LASU Vice-Chancellor, succeeding Prof. Ibiyemi Olatunji-Bello. Read More:",,https://punchng.com/sanwo-olu-appoints-new-lasu-vice-chancellor/?utm_source=rss.punchng.com&utm_medium=web,Punch Newspapers,2026-09-09 20:54:16+00:00,2026-09-09T22:20:26.350258,General,0.2576,Positive,"sanwo, chancellor, appoints, lagos, state, governor, babajide, appointed",,,209.0,,2026-09-09,20,Wednesday,209.0,8,66.052,2026-09-09 22:30:30.312391+00:00
,Punch Nigeria,"Kebbi remits N21.5bn for 2027 Hajj, records 95% registration","Kebbi State has remitted N21.5bn to NAHCON for the 2027 Hajj, achieving 95% pilgrim registration ahead of the deadline. Read the latest updates. Read More:",,https://punchng.com/kebbi-remits-n21-5bn-for-2027-hajj-records-95-registration/?utm_source=rss.punchng.com&utm_medium=web,Punch Newspapers,2026-09-09 20:32:15+00:00,2026-09-09T22:20:26.350641,General,0.5,Positive,"kebbi, registration, remits, records, state, remitted, nahcon, achieving",,,216.0,,2026-09-09,20,Wednesday,216.0,8,71.6,2026-09-09 22:30:30.312391+00:00
,Punch Nigeria,Ex-Kogi SDP gov candidate Ajaka denies involvement in protest against INEC,"Kogi SDP gov candidate, Murtala Ajaka, denies sponsoring or authorising any protest against INEC, calling reports linking him to the action false and misle Read More:",,https://punchng.com/ex-kogi-sdp-gov-candidate-ajaka-denies-involvement-in-protest-against-inec/?utm_source=rss.punchng.com&utm_medium=web,Punch Newspapers,2026-09-09 20:30:43+00:00,2026-09-09T22:20:26.350999,Security & Conflict,0.0667,Positive,"candidate, ajaka, denies, protest, against, involvement, murtala, sponsoring",,,241.0,,2026-09-09,20,Wednesday,241.0,8,65.434,2026-09-09 22:30:30.312391+00:00
,Punch Nigeria,"African Air Forces deepen cooperation, target stronger continental security",The Association of African Air Forces has intensified efforts to deepen cooperation and strengthen the continent&#8217;s collective response to security challeng Read More:,,https://punchng.com/african-air-forces-deepen-cooperation-target-stronger-continental-security/?utm_source=rss.punchng.com&utm_medium=web,Punch Newspapers,2026-09-09 20:22:00+00:00,2026-09-09T22:20:26.351335,Security & Conflict,0.1667,Positive,"african, forces, deepen, cooperation, security, target, stronger, continental",,,248.0,,2026-09-09,20,Wednesday,248.0,8,68.134,2026-09-09 22:30:30.312391+00:00
,Punch Nigeria,Man kills mum over threat to lease family farm in Osun,"An Osun man kills his mother and buries her in a shallow grave after she allegedly threatened to lease out the family farm, the police have confirmed. Read More:",,https://punchng.com/man-kills-mum-over-threat-to-lease-family-farm-in-osun/?utm_source=rss.punchng.com&utm_medium=web,Punch Newspapers,2026-09-09 20:11:39+00:00,2026-09-09T22:20:26.351700,General,0.1167,Positive,"kills, lease, family, threat, mother, buries, shallow, grave",,,216.0,,2026-09-09,20,Wednesday,216.0,8,63.934000000000005,2026-09-09 22:30:30.312391+00:00
,Punch Nigeria,UCL: Osimhen absent as Galatasaray unveils starting XI against Sporting,Victor Osimhen is absent from Galatasaray&#8217;s starting XI for their UEFA Champions League match against Sporting CP due to an adductor injury. Read More:,,https://punchng.com/ucl-osimhen-absent-as-galatasaray-unveils-starting-xi-against-sporting/?utm_source=rss.punchng.com&utm_medium=web,Punch Newspapers,2026-09-09 19:55:55+00:00,2026-09-09T22:20:26.352064,General,0.0938,Positive,"osimhen, absent, galatasaray, starting, against, sporting, unveils, victor",,,229.0,,2026-09-09,19,Wednesday,229.0,8,64.77600000000001,2026-09-09 22:30:30.312391+00:00
,Punch Nigeria,"Evening recap: Army reshuffles top brass, FG pays lecturers’ tools allowance, other top stories","Get the latest Nigerian news recap. The Army reshuffles top brass, FG pays lecturers, 24 die in Ondo, and other major headlines from Wednesday. Read More:",,https://punchng.com/evening-recap-army-reshuffles-top-brass-fg-pays-lecturers-tools-allowance-other-top-stories/?utm_source=rss.punchng.com&utm_medium=web,Punch Newspapers,2026-09-09 19:47:39+00:00,2026-09-09T22:20:26.352520,General,0.2891,Positive,"recap, reshuffles, brass, lecturers, evening, tools, allowance, stories",,,250.0,,2026-09-09,19,Wednesday,250.0,8,70.782,2026-09-09 22:30:30.312391+00:00
,Punch Nigeria,NELFUND has eased financial burden on poor students – Shettima,"VP Kashim Shettima says the NELFUND initiative has provided crucial financial relief to poor students, removing barriers to higher education in Nigeria. Read More:",,https://punchng.com/nelfund-has-eased-financial-burden-on-poor-students-shettima/?utm_source=rss.punchng.com&utm_medium=web,Punch Newspapers,2026-09-09 19:45:18+00:00,2026-09-09T22:20:26.352949,Education,-0.0071,Neutral,"nelfund, financial, students, shettima, eased, burden, kashim, initiative",,,226.0,,2026-09-09,19,Wednesday,226.0,8,62.742000000000004,2026-09-09 22:30:30.312391+00:00
,Punch Nigeria,"Apple unveils first foldable iPhone Duo, iPhone 18 series","Apple has unveiled its first foldable iPhone, the iPhone Duo, alongside the new iPhone 18 series, AirPods 5, and Apple Watch Series 12 at its latest event. Read More:",,https://punchng.com/apple-unveils-first-foldable-iphone-duo-iphone-18-series/?utm_source=rss.punchng.com&utm_medium=web,Punch Newspapers,2026-09-09 19:41:44+00:00,2026-09-09T22:20:26.353521,General,0.3273,Positive,"iphone, apple, series, foldable, unveils, unveiled, alongside, airpods",,,224.0,,2026-09-09,19,Wednesday,224.0,8,68.946,2026-09-09 22:30:30.312391+00:00
,Punch Nigeria,Police hunt man over molestation of teenage boy in Ogun,The Ogun State Police Command has launched a manhunt for a man accused of sexually molesting a 17-year-old boy. Read the latest on the investigation. Read More:,,https://punchng.com/police-hunt-man-over-molestation-of-teenage-boy-in-ogun/?utm_source=rss.punchng.com&utm_medium=web,Punch Newspapers,2026-09-09 19:26:35+00:00,2026-09-09T22:20:26.353904,General,0.375,Positive,"police, molestation, teenage, state, command, launched, manhunt, accused",,,216.0,,2026-09-09,19,Wednesday,216.0,8,69.1,2026-09-09 22:30:30.312391+00:00
,Punch Nigeria,"Adebutu begins 2027 Ogun gov campaign, pledges LG autonomy","PDP&#8217;s Ladi Adebutu has flagged off his Ogun 2027 governorship campaign, promising to restore local government autonomy and improve workers&#8217; welfare. Read More:",,https://punchng.com/adebutu-flags-off-2027-ogun-gov-campaign-pledges-lg-autonomy/?utm_source=rss.punchng.com&utm_medium=web,Punch Newspapers,2026-09-09 19:13:34+00:00,2026-09-09T22:20:26.354277,Politics,0.2333,Positive,"adebutu, campaign, autonomy, begins, pledges, flagged, governorship, promising",,,230.0,,2026-09-09,19,Wednesday,230.0,8,67.666,2026-09-09 22:30:30.312391+00:00
,Punch Nigeria,LAWMA to arrest Lagos residents patronising illegal roadside traders,Lagos residents now face arrest and prosecution for patronising illegal street trading. LAWMA says the new enforcement starts next week to curb waste. Read More:,,https://punchng.com/lawma-to-arrest-lagos-residents-patronising-illegal-roadside-traders/?utm_source=rss.punchng.com&utm_medium=web,Punch Newspapers,2026-09-09 19:08:43+00:00,2026-09-09T22:20:26.354629,General,-0.083,Negative,"lawma, arrest, lagos, residents, patronising, illegal, roadside, traders",,,230.0,,2026-09-09,19,Wednesday,230.0,8,64.66,2026-09-09 22:30:30.312391+00:00
,Punch Nigeria,Rufai Oseni and the burden of objectivity,An analysis of Arise TV&#8217;s Rufai Oseni. Is his tough questioning style biased or a necessary part of holding power accountable in Nigerian journalism? Read More:,,https://punchng.com/rufai-oseni-and-the-burden-of-objectivity/?utm_source=rss.punchng.com&utm_medium=web,Punch Newspapers,2026-09-09 18:46:08+00:00,2026-09-09T22:20:26.354980,General,0.037,Neutral,"rufai, oseni, burden, objectivity, analysis, arise, tough, questioning",,,208.0,,2026-09-09,18,Wednesday,208.0,8,61.54,2026-09-09 22:30:30.312391+00:00
,Vanguard Nigeria,Police arrest 27-yr-old woman over fake OPay shutdown notice,"The Nigeria Police Force has arrested a 27-year-old woman, Hafsat Abubakar, over the alleged creation and circulation of a forged document claiming that fintech company OPay Nigeria Limited was shutting down its operations. The post Police arrest 27-yr-old woman over fake OPay shutdown notice appeared first on Vanguard News.",,https://www.vanguardngr.com/2026/09/police-arrest-27-yr-old-woman-over-fake-opay-shutdown-notice/,efosataiwo@vanguardngr.com,2026-09-09 22:13:41+00:00,2026-09-09T22:20:27.193242,Business,-0.0717,Negative,"police, nigeria, force, arrest, woman, abubakar, document, company","opay, uba",Africa Fintech,3632.0,,2026-09-09,22,Wednesday,3632.0,8,404.63400000000007,2026-09-09 22:30:30.312391+00:00
,Vanguard Nigeria,Chelsea fight back from 2-0 down to beat Leeds 6-3,Chelsea fought back from two goals down to beat Leeds 6-3 as Cole Palmer and Danny Welbeck rescued the Blues in a League Cup third-round classic on Wednesday. The post Chelsea fight back from 2-0 down to beat Leeds 6-3 appeared first on Vanguard News.,,https://www.vanguardngr.com/2026/09/chelsea-fight-back-from-2-0-down-to-beat-leeds-6-3/,efosataiwo@vanguardngr.com,2026-09-09 22:02:44+00:00,2026-09-09T22:20:27.197115,Health,0.0283,Neutral,"chelsea, leeds, alonso, palmer, welbeck, league, round, minute",,,4017.0,,2026-09-09,22,Wednesday,4017.0,8,442.266,2026-09-09 22:30:30.312391+00:00
,Vanguard Nigeria,Mac Allister scores winner as Liverpool beat Atletico Madrid 2-1,Alexis Mac Allister did his case for an improved Liverpool contract no harm with the winner as Andoni Iraola got off to a winning Champions League start by beating Atletico Madrid 2-1 on Wednesday. The post Mac Allister scores winner as Liverpool beat Atletico Madrid 2-1 appeared first on Vanguard News.,,https://www.vanguardngr.com/2026/09/mac-allister-scores-winner-as-liverpool-beat-atletico-madrid-2-1/,efosataiwo@vanguardngr.com,2026-09-09 21:10:25+00:00,2026-09-09T22:20:27.200784,General,0.1259,Positive,"liverpool, atletico, allister, iraola, start, barcola, winner, madrid",,,3796.0,,2026-09-09,21,Wednesday,3796.0,8,422.118,2026-09-09 22:30:30.312391+00:00
,Vanguard Nigeria,PSG begin UCL title defence with 6-1 win over Slovan Bratislava,Ferran Torres scored a hat-trick as two-time defending champions Paris Saint-Germain began their bid to win a third consecutive Champions League title by thrashing Slovan Bratislava 6-1 on Wednesday. The post PSG begin UCL title defence with 6-1 win over Slovan Bratislava appeared first on Vanguard News.,,https://www.vanguardngr.com/2026/09/psg-begin-ucl-title-defence-with-6-1-win-over-slovan-bratislava/,efosataiwo@vanguardngr.com,2026-09-09 21:04:23+00:00,2026-09-09T22:20:27.202583,General,0.3741,Positive,"title, slovan, bratislava, champions, league, begin, defence, torres",,,985.0,,2026-09-09,21,Wednesday,985.0,8,145.982,2026-09-09 22:30:30.312391+00:00
,Vanguard Nigeria,Device Mgt System won’t expose users’ data – NCC,"NCC has allayed fears that its new Device Management System, DMS, could give the regulator access to users’ personal data and communications The post Device Mgt System won&#8217;t expose users’ data &#8211; NCC appeared first on Vanguard News.",,https://www.vanguardngr.com/2026/09/device-mgt-system-wont-expose-users-data-ncc/,Oboh,2026-09-09 20:49:06+00:00,2026-09-09T22:20:27.205295,Business,0.089,Positive,"devices, communications, device, system, nigeria, users, commission, nigerian",,,3768.0,,2026-09-09,20,Wednesday,3768.0,8,418.58,2026-09-09 22:30:30.312391+00:00
,Vanguard Nigeria,Police arrest man over mother’s murder in Osun,"The Osun State Police command on Wednesday disclosed that it arrested one Taye Kasali for allegedly killing his mother, Mrs Kudirat Kasali over farm dispute. The post Police arrest man over mother&#8217;s murder in Osun appeared first on Vanguard News.",,https://www.vanguardngr.com/2026/09/police-arrest-man-over-mothers-murder-in-osun/,efosataiwo@vanguardngr.com,2026-09-09 20:43:05+00:00,2026-09-09T22:20:27.207554,Politics,-0.0939,Negative,"police, mother, arrest, command, disclosed, kasali, murder, state",uba,,1779.0,,2026-09-09,20,Wednesday,1779.0,8,219.778,2026-09-09 22:30:30.312391+00:00
,Vanguard Nigeria,"Obi: Ortom condemns blockade, says Alia is responsible","Former Governor Samuel Ortom of Benue State has condemned the blockade of the presidential candidate of the Nigeria Democratic Congress, NDC, Peter Obi, from visiting Yelwata community in Guma Local Government Area of the state, accusing Governor Hyacinth Alia of disrespecting the rule of law. The post Obi: Ortom condemns blockade, says Alia is responsible appeared first on Vanguard News.",,https://www.vanguardngr.com/2026/09/obi-ortom-condemns-blockade-says-alia-is-responsible/,efosataiwo@vanguardngr.com,2026-09-09 20:39:34+00:00,2026-09-09T22:20:27.212305,Politics,-0.0355,Neutral,"state, governor, benue, ortom, government, blockade, candidate, police",,,5984.0,,2026-09-09,20,Wednesday,5984.0,8,639.11,2026-09-09 22:30:30.312391+00:00
,Vanguard Nigeria,Samsung Galaxy Z Fold 8 Ultra vs iPhone Duo: Which foldable phone is better?,The Samsung Galaxy Z Fold 8 Ultra and Apple iPhone Duo are now competing for the attention of consumers looking for a premium foldable The post Samsung Galaxy Z Fold 8 Ultra vs iPhone Duo: Which foldable phone is better? appeared first on Vanguard News.,,https://www.vanguardngr.com/2026/09/samsung-galaxy-z-fold-8-ultra-vs-iphone-duo-which-foldable-phone-is-better/,efosataiwo@vanguardngr.com,2026-09-09 20:07:54+00:00,2026-09-09T22:20:27.216863,AI & Tech,0.1108,Positive,"iphone, ultra, galaxy, foldable, samsung, apple, display, camera",,,4890.0,,2026-09-09,20,Wednesday,4890.0,8,531.216,2026-09-09 22:30:30.312391+00:00
,Vanguard Nigeria,Sanwo-Olu appoints Badejo new LASU VC,"Governor, Babajide Sanwo-Olu of Lagos State has approved the appointment of Professor Badejo Ayodeji Olawumi (Nee Faji) as Vice- Chancellor of the Lagos State University, LASU, Ojo. The post Sanwo-Olu appoints Badejo new LASU VC appeared first on Vanguard News.",,https://www.vanguardngr.com/2026/09/just-in-sanwo-olu-appoints-badejo-new-lasu-vc/,olufemiajasa,2026-09-09 19:58:44+00:00,2026-09-09T22:20:27.218540,Education,0.2682,Positive,"badejo, sanwo, lagos, state, professor, appoints, appointment, university",,,1016.0,,2026-09-09,19,Wednesday,1016.0,8,146.96400000000003,2026-09-09 22:30:30.312391+00:00
,Vanguard Nigeria,Obi Attack: SERAP urges Tinubu to direct IGP to take over case,"The Socio-Economic Rights and Accountability Project (SERAP) has condemned the reported attack on Peter Obi, presidential candidate of the Nigeria Democratic Congress (NDC), and his entourage in Benue State. The post Obi Attack: SERAP urges Tinubu to direct IGP to take over case appeared first on Vanguard News.",,https://www.vanguardngr.com/2026/09/obi-attack-serap-urges-tinubu-to-direct-igp-to-take-over-case/,efosataiwo@vanguardngr.com,2026-09-09 19:55:20+00:00,2026-09-09T22:20:27.222175,Politics,0.036,Neutral,"political, rights, attack, serap, nigeria, violence, reported, state",,,4815.0,,2026-09-09,19,Wednesday,4815.0,8,522.22,2026-09-09 22:30:30.312391+00:00
,Vanguard Nigeria,"2027: SDP ‘ll alleviate poverty, transform Nigeria’s future – Adebayo","Social Democratic Party (SDP) presidential candidate, Prince Adewole Adebayo, says the party will rescue Nigeria from poverty and insecurity. Adebayo ​‌‍‍‍‍⁠⁠‌‍‍‍⁠‌​‍​‌​stated this at the party’s September National Convention, entitled: “Consolidating the blueprint for a new Nigeria to secure our homeland and defeat poverty”, on Wednesday in Abuja. He maintained that Nigeria’s immense natural resources were [&#8230;] The post 2027: SDP ‘ll alleviate poverty, transform Nigeria’s future – Adebayo ",,https://www.vanguardngr.com/2026/09/2027-sdp-ll-alleviate-poverty-transform-nigerias-future-adebayo/,efosataiwo@vanguardngr.com,2026-09-09 19:44:43+00:00,2026-09-09T22:20:27.226276,Politics,0.0457,Neutral,"party, nigeria, poverty, adebayo, presidential, candidate, country, stated",,,3698.0,,2026-09-09,19,Wednesday,3698.0,8,410.714,2026-09-09 22:30:30.312391+00:00
,Vanguard Nigeria,"24 die, many hospitalised after consuming herbal drinks in Ondo","Twenty-four persons have reportedly died while others were hospitalised in Araromi Obu and Odigbo towns in Odigbo Council Area of Ondo State, following suspected food poisoning. The post 24 die, many hospitalised after consuming herbal drinks in Ondo appeared first on Vanguard News.",,https://www.vanguardngr.com/2026/09/24-die-many-hospitalised-after-consuming-herbal-drinks-in-ondo/,olufemiajasa,2026-09-09 19:36:33+00:00,2026-09-09T22:20:27.229954,Health,0.0787,Positive,"deaths, herbal, odigbo, state, health, drinks, hospitalised, consuming",,,4496.0,,2026-09-09,19,Wednesday,4496.0,8,491.17400000000004,2026-09-09 22:30:30.312391+00:00
,Vanguard Nigeria,NELFUND has provided financial relief to less privileged – Shettima,"The Vice President, Senator Kashim Shettima, has described the Nigerian Education Loan Fund (NELFUND) established by the administration of President Bola Tinubu as a landmark initiative that has provided crucial financial relief to the children of the poor and removed the financial barriers to higher education. The post NELFUND has provided financial relief to less privileged &#8211; Shettima appeared first on Vanguard News.",,https://www.vanguardngr.com/2026/09/nelfund-has-provided-financial-relief-to-less-privileged-shettima/,efosataiwo@vanguardngr.com,2026-09-09 19:27:17+00:00,2026-09-09T22:20:27.233634,Politics,0.0902,Positive,"shettima, president, university, nelfund, financial, education, school, provided",,,4321.0,,2026-09-09,19,Wednesday,4321.0,8,473.904,2026-09-09 22:30:30.312391+00:00
,Vanguard Nigeria,Diphtheria: No outbreak in Lagos – Abayomi,"Lagos state Commissioner for Health, Prof Akin Abayomi on Wednesday raised its disease surveillance and preparedness against diphtheria The post Diphtheria: No outbreak in Lagos – Abayomi appeared first on Vanguard News.",,https://www.vanguardngr.com/2026/09/diphtheria-no-outbreak-in-lagos-abayomi/,Oboh,2026-09-09 19:09:24+00:00,2026-09-09T22:20:27.239214,Health,0.1678,Positive,"lagos, diphtheria, abayomi, cases, outbreak, state, commissioner, suspected",uba,,6958.0,,2026-09-09,19,Wednesday,6958.0,8,739.1560000000001,2026-09-09 22:30:30.312391+00:00
,Vanguard Nigeria,Trump says he thinks Iran war will end ‘immediately’ after US midterm vote,"President Donald Trump said Wednesday he believes the Iran war will end ""immediately"" after the United States votes in midterm elections in November. The post Trump says he thinks Iran war will end &#8216;immediately&#8217; after US midterm vote appeared first on Vanguard News.",,https://www.vanguardngr.com/2026/09/trump-says-he-thinks-iran-war-will-end-immediately-after-us-midterm-vote/,efosataiwo@vanguardngr.com,2026-09-09 19:01:12+00:00,2026-09-09T22:20:27.241453,Politics,0.25,Positive,"trump, immediately, midterm, thinks, president, donald, wednesday, believes",,,886.0,,2026-09-09,19,Wednesday,886.0,8,133.60000000000002,2026-09-09 22:30:30.312391+00:00
,Vanguard Nigeria,Raphinha bags brace as Barcelona demolish Feyenoord 5-1,Raphinha continued his superb goalscoring form with a brace as Barcelona demolished Feyenoord 5-1 to begin their Champions League campaign in perfect fashion on Wednesday. The post Raphinha bags brace as Barcelona demolish Feyenoord 5-1 appeared first on Vanguard News.,,https://www.vanguardngr.com/2026/09/raphinha-bags-brace-as-barcelona-demolish-feyenoord-5-1/,efosataiwo@vanguardngr.com,2026-09-09 18:59:54+00:00,2026-09-09T22:20:27.245135,Climate & Environment,0.1889,Positive,"raphinha, barcelona, feyenoord, barca, brace, perfect, yamal, demolish",,,4072.0,,2026-09-09,18,Wednesday,4072.0,8,450.97800000000007,2026-09-09 22:30:30.312391+00:00
,Vanguard Nigeria,Apple unveils its first foldable smartphone iPhone Duo,"Apple unveiled its long-awaited first foldable smartphone, the iPhone Duo, on Wednesday, at the company's first launch event since CEO John Ternus took the reins on September 1. The post Apple unveils its first foldable smartphone iPhone Duo appeared first on Vanguard News.",,https://www.vanguardngr.com/2026/09/apple-unveils-its-first-foldable-smartphone-iphone-duo/,efosataiwo@vanguardngr.com,2026-09-09 18:54:41+00:00,2026-09-09T22:20:27.247899,Business,0.0708,Positive,"apple, foldable, smartphone, iphone, display, unveils, company, ternus",,,2664.0,,2026-09-09,18,Wednesday,2664.0,8,307.81600000000003,2026-09-09 22:30:30.312391+00:00
,Vanguard Nigeria,Carabao Cup: Chelsea hand 16-year-old Watson debut against Leeds,"Watson, the son of former Wigan captain Ben Watson, impressed during Chelsea’s pre-season and now makes his first competitive appearance for the Blues. The post Carabao Cup: Chelsea hand 16-year-old Watson debut against Leeds appeared first on Vanguard News.",,https://www.vanguardngr.com/2026/09/carabao-cup-chelsea-hand-16-year-old-watson-debut-against-leeds/,Akinbayo Wahab,2026-09-09 18:27:36+00:00,2026-09-09T22:20:27.250369,General,0.2037,Positive,"chelsea, watson, leeds, carabao, james, debut, against, pedro",,,2648.0,,2026-09-09,18,Wednesday,2648.0,8,308.874,2026-09-09 22:30:30.312391+00:00
,Vanguard Nigeria,"SDP ratifies convention committee, targets 2027 victory","&#8230;Party says it will unite Nigeria, defeat poverty through grassroots mobilisation By Henry Umoru ABUJA — The Social Democratic Party, SDP, has held its National Convention in Abuja, ratifying the election of Professor Sadiq Gombe as Chairman of the Convention Committee, Dr Olu Agunloye as Secretary and Hon. Mulikat Adeola-Akande as Deputy Chairman, among other [&#8230;] The post SDP ratifies convention committee, targets 2027 victory appeared first on Vanguard News.",,https://www.vanguardngr.com/2026/09/sdp-ratifies-convention-committee-targets-2027-victory/,Nwafor,2026-09-09 18:17:17+00:00,2026-09-09T22:20:27.256149,Politics,0.0951,Positive,"party, nigeria, national, convention, poverty, members, abuja, committee",uba,,6996.0,,2026-09-09,18,Wednesday,6996.0,8,741.5020000000001,2026-09-09 22:30:30.312391+00:00
,Vanguard Nigeria,FCT Police arrest woman over boiling water attack,"Court remands suspect in correctional facility By Kingsley Omonobi ABUJA — Operatives of the FCT Police Command have arrested a woman, Mrs Beauty Monday, for allegedly pouring boiling water on her neighbour during an argument in the Lugbe area of Abuja. The command’s spokesperson, SP Josephine Adeh, disclosed this in a statement on Wednesday. Adeh [&#8230;] The post FCT Police arrest woman over boiling water attack appeared first on Vanguard News.",,https://www.vanguardngr.com/2026/09/fct-police-arrest-woman-over-boiling-water-attack/,Nwafor,2026-09-09 18:12:04+00:00,2026-09-09T22:20:27.259848,Security & Conflict,-0.0632,Negative,"police, boiling, water, command, suspect, woman, argument, lugbe",awf,,2816.0,,2026-09-09,18,Wednesday,2816.0,8,322.86400000000003,2026-09-09 22:30:30.312391+00:00
,Daily Trust Nigeria,Raphinha nets brace in 5-goal Barcelona UCL win,"Barcelona thrashed Feyenoord 5-1 in their UEFA Champions League league phase match at the Camp Nou. The Catalans were led to the big win by their captain Raphinha who scored twice in the one-sided victory. Karim Adeyemi, Lamine Yamal, and Gabriel Jesus were the other scorers for the Spanish La Liga champions. Raphinha, a surprise [&#8230;]",,https://dailytrust.com/raphinha-nets-brace-in-5-goal-barcelona-ucl-win/,Daily Trust,2026-09-09 20:05:36+00:00,2026-09-09T22:20:27.749599,General,0.2785,Positive,"barcelona, raphinha, champions, league, scored, season, feyenoord, match",,,1832.0,,2026-09-09,20,Wednesday,1832.0,8,228.77,2026-09-09 22:30:30.312391+00:00
,Daily Trust Nigeria,Tinubu’s FAAC boom is a scam — Atiku,"Former Vice President Atiku Abubakar has accused the Federal Government of dressing economic decline in bigger naira figures, declaring that the much-celebrated FAAC “boom” is a monetary illusion that collapses once the figures are tested against currency depreciation, inflation, purchasing power and the mounting liabilities of state governments. In a statement issued by his Senior [&#8230;]",,https://dailytrust.com/tinubus-faac-boom-is-a-scam-atiku/,Daily Trust,2026-09-09 19:57:20+00:00,2026-09-09T22:20:27.753964,Health,0.0637,Positive,"government, naira, atiku, value, figures, nigerians, bigger, purchasing",uba,,5235.0,,2026-09-09,19,Wednesday,5235.0,8,564.774,2026-09-09 22:30:30.312391+00:00
,Daily Trust Nigeria,"Moroccan Woman Denies Detention, Says She’s Safe With Family","A Moroccan woman, Khadija Diob, has denied claims that she was detained or restricted while in Nigeria, saying she has returned to Morocco where she is now safe and enjoying freedom with her family. Diob said contrary to claims attributed to her estranged husband, Nasir, that she was detained or restricted, she was currently in [&#8230;]",,https://dailytrust.com/moroccan-woman-denies-detention-says-shes-safe-with-family/,Mohammed I. Yaba,2026-09-09 19:53:53+00:00,2026-09-09T22:20:27.758131,Health,0.0918,Positive,"nasir, family, nigeria, detained, moroccan, woman, claims, restricted",,,4033.0,,2026-09-09,19,Wednesday,4033.0,8,445.136,2026-09-09 22:30:30.312391+00:00
,Daily Trust Nigeria,"2027: Kano gov warns politicians against hate speech, violence","Kano State Governor, Abba Kabir Yusuf, has warned political parties and their supporters against hate speech, provocation, intimidation and violence as the 2027 governorship campaign officially begins. Yusuf, through his Director General, Media and Publicity, Sunusi Bature Dawakin Tofa, gave the warning during a press conference marking the commencement of the 2027 governorship campaign in [&#8230;]",,https://dailytrust.com/2027-kano-gov-warns-politicians-against-hate-speech-violence/,Abdulyassar Abdulhamid,2026-09-09 19:25:51+00:00,2026-09-09T22:20:27.760791,Politics,-0.0237,Neutral,"campaign, political, yusuf, violence, governor, media, against, supporters",awf,,2629.0,,2026-09-09,19,Wednesday,2629.0,8,303.374,2026-09-09 22:30:30.312391+00:00
,Daily Trust Nigeria,Sanwo-Olu declares emergency on Lagos waste crisis,"Governor Babajide Sanwo-Olu of Lagos State on Wednesday declared a state of emergency on waste crisis in the state in a bid to get out of what he called &#8220;unpleasant situation.&#8221; Daily Trust reports that, in recent months, Lagos has faced an escalating waste management crisis, driven by increased refuse generation and persistent operational challenges. [&#8230;]",,https://dailytrust.com/sanwo-olu-declares-emergency-on-lagos-waste-crisis/,Peter Moses,2026-09-09 19:13:03+00:00,2026-09-09T22:20:27.765217,Politics,-0.0173,Neutral,"state, waste, sanwo, governor, trucks, operators, lagos, crisis",,,5565.0,,2026-09-09,19,Wednesday,5565.0,8,596.846,2026-09-09 22:30:30.312391+00:00
,Daily Trust Nigeria,PDP will end poor governance in Ogun – Adebutu,"The 2027 governorship candidate of the Peoples Democratic Party (PDP) in Ogun State, Oladipupo Adebutu, has formally flagged off his campaign, promising to “liberate” the state from poverty, insecurity, unemployment and what he described as poor governance. Adebutu unveiled his campaign agenda, tagged “ITURA DE”, meaning relief or liberation, on Wednesday, at the Ake Palace [&#8230;]",,https://dailytrust.com/pdp-will-end-poor-governance-in-ogun-adebutu/,Peter Moses,2026-09-09 18:51:05+00:00,2026-09-09T22:20:27.769473,Health,0.1003,Positive,"adebutu, state, campaign, development, governance, governorship, described, itura",,,4590.0,,2026-09-09,18,Wednesday,4590.0,8,501.006,2026-09-09 22:30:30.312391+00:00
,Daily Trust Nigeria,"Herder, 18 cattle shot dead in Plateau","Gunmen have killed a herder, Yakubu Ishaku, and about 18 cows in Nyarwai Village, Fan District of Barkin Ladi Local Government Area of Plateau State. The attack, according to the herding community, occurred at about 1pm on Wednesday, while the herders were tending to their cattle in the area. Ibrahim Yusuf Babayo, the state chairman [&#8230;]",,https://dailytrust.com/herder-18-cattle-shot-dead-in-plateau/,"Ado Abubakar Musa, Jos",2026-09-09 18:17:13+00:00,2026-09-09T22:20:27.772140,Politics,0.0737,Positive,"state, cattle, plateau, attack, chairman, association, herder, government",,,2382.0,,2026-09-09,18,Wednesday,2382.0,8,279.67400000000004,2026-09-09 22:30:30.312391+00:00
,Daily Trust Nigeria,2026 LG Poll: ADC Accuses YSIEC Of Excluding Party From Electoral Activities,"The African Democratic Congress (ADC) in Yobe State has accused the Yobe State Independent Electoral Commission (YSIEC) of failing to adequately notify the party about the guidelines, timetable and other activities for the 2026 Local Government Council Election. The party said the alleged failure could undermine its participation in the election and called on the [&#8230;]",,https://dailytrust.com/2026-lg-poll-adc-accuses-ysiec-of-excluding-party-from-electoral-activities/,Taiwo George,2026-09-09 17:59:27+00:00,2026-09-09T22:20:27.774316,Politics,0.0742,Positive,"party, electoral, ysiec, state, election, local, government, relevant",awf,,2297.0,,2026-09-09,17,Wednesday,2297.0,8,271.184,2026-09-09 22:30:30.312391+00:00
,Daily Trust Nigeria,Army Redeploys Generals In Fresh Shake-Up,"The Nigerian Army has launched another major realignment of its senior command structure. The new redeployment involves movement of generals across frontline operations, formations, training institutions and strategic departments. Also, a new commander was appointed to lead the military’s campaign against insurgents in the North-East. At the centre of the latest changes is Major General [&#8230;]",,https://dailytrust.com/army-redeploys-generals-in-fresh-shake-up/,Daily Trust,2026-09-09 17:52:33+00:00,2026-09-09T22:20:27.778476,Politics,0.0938,Positive,"general, major, command, military, north, nigerian, centre, defence",uba,,5659.0,,2026-09-09,17,Wednesday,5659.0,8,607.776,2026-09-09 22:30:30.312391+00:00
,Daily Trust Nigeria,Diphtheria: Death toll rises to 27 as suspected cases hit 303 in Plateau,"The death toll from the outbreak of Diphtheria in Plateau State has risen to 27 while suspected cases have hit 303. The State Epidemiologist, Dr Maren Damulak , disclosed the figures while speaking with newsmen in Jos, the state capital on Wednesday. This is just as the state government said it is making efforts to [&#8230;]",,https://dailytrust.com/diphtheria-death-toll-rises-to-27-as-suspected-cases-hit-303-in-plateau/,"Ado Abubakar Musa, Jos",2026-09-09 17:45:56+00:00,2026-09-09T22:20:27.781954,Health,0.0713,Positive,"state, cases, government, north, suspected, plateau, affected, diphtheria",,,3194.0,,2026-09-09,17,Wednesday,3194.0,8,360.826,2026-09-09 22:30:30.312391+00:00
,Daily Trust Nigeria,2027 Budget: Ministries Begin Presentations In Kaduna,"Kaduna State Government said that emphasis will still be on Human Capital Development in the 2027 budget, with agriculture, health and education given priority in the Appropriation bill. The Commissioner of Planning and Budget, Hon Muktar Ahmed Monrovia, made this known in his opening remarks at the 2027 Expenditure And Revenue Budget Defence on Wednesday. [&#8230;]",,https://dailytrust.com/2027-budget-ministries-begin-presentations-in-kaduna/,Daily Trust,2026-09-09 16:21:46+00:00,2026-09-09T22:20:27.784650,Health,0.084,Positive,"budget, development, kaduna, commissioner, state, human, capital, agriculture",uba,,2431.0,,2026-09-09,16,Wednesday,2431.0,8,284.78000000000003,2026-09-09 22:30:30.312391+00:00
,Daily Trust Nigeria,Flight disruption fears as ground handlers move to withdraw services to two airlines,The Association of Ground Handling Companies of Nigeria (AGHAN) has directed its members to issue seven-day notices of suspension of ground handling services to two major domestic airlines over prolonged outstanding debts. Daily Trust reports that the development has raised concerns over possible disruption to flight operations if the affected airlines fail to meet the [&#8230;],,https://dailytrust.com/flight-disruption-fears-as-ground-handlers-move-to-withdraw-services-to-two-airlines/,Abdullateef Aliyu,2026-09-09 15:05:01+00:00,2026-09-09T22:20:27.787779,Politics,0.0838,Positive,"airlines, ground, handling, services, aghan, association, companies, domestic",,,4315.0,,2026-09-09,15,Wednesday,4315.0,8,473.176,2026-09-09 22:30:30.312391+00:00
,Daily Trust Nigeria,A response to Senator Murray-Bruce: Beyond The Campaign rhetoric to structural reform,By Hassan Husaini mni Senator Ben Murray-Bruce&#8217;s open letter to President Bola Tinubu on Nigeria&#8217;s electricity crisis is a passionate contribution to a debate the nation desperately needs. His frustration is shared by millions who have endured decades of darkness while billions of naira have been poured into a system that stubbornly refuses to deliver. [&#8230;],,https://dailytrust.com/a-response-to-senator-murray-bruce-beyond-the-campaign-rhetoric-to-structural-reform/,.,2026-09-09 14:29:14+00:00,2026-09-09T22:20:27.794981,Politics,0.0111,Neutral,"senator, state, nigeria, electricity, billion, power, model, billions",,,9967.0,,2026-09-09,14,Wednesday,9967.0,8,1036.922,2026-09-09 22:30:30.312391+00:00
,Daily Trust Nigeria,Makinde: Blockade of Obi’s convoy confirms APC’s desperation to Silence Opposition,"Presidential Candidate of the Allied Peoples Movement (APM), Seyi Makinde, has condemned the blockade of the convoy of the Presidential Candidate of the Nigeria Democratic Congress (NDC), Mr Peter Obi, in Benue State. Speaking through Anthony Ehilebo, his Special Adviser on Media and Digital Communication, Makinde described the act as a desperate move by the [&#8230;]",,https://dailytrust.com/makinde-blockade-of-obis-convoy-confirms-apcs-desperation-to-silence-opposition/,Baba Martins,2026-09-09 14:25:11+00:00,2026-09-09T22:20:27.799204,Politics,0.0146,Neutral,"makinde, presidential, opposition, candidate, state, convoy, nigeria, congress",awf,,3209.0,,2026-09-09,14,Wednesday,3209.0,8,361.192,2026-09-09 22:30:30.312391+00:00
,Nairametrics,FG offers N1 trillion bonds in September auction at N50 million minimum subscription,"The Federal Government of Nigeria is seeking to raise N1 trillion in its September 2026 bond auction, with the Debt Management Office (DMO) setting a minimum entry threshold of N50.001 million for participating investors. The post FG offers N1 trillion bonds in September auction at N50 million minimum subscription appeared first on Nairametrics.",,https://nairametrics.com/2026/09/09/fg-offers-n1-trillion-bonds-in-september-auction-at-n50-million-minimum-subscription/,Olalekan Adigun,2026-09-09 17:22:41+00:00,2026-09-09T22:20:31.040908,Politics,0.15,Positive,"trillion, september, auction, million, minimum, offers, bonds, subscription",,,432.0,,2026-09-09,17,Wednesday,432.0,8,86.2,2026-09-09 22:30:30.312391+00:00
,Nairametrics,N941 million forfeiture: 70 Nigerians accuse ICPC of mixing up bank accounts,"About 70 Nigerians have urged the Federal High Court in Abuja to set aside its N941 million final forfeiture order made on July 13, 2026, over an alleged bank account “mistake” made by the Independent Corrupt Practices and Other Related Offences Commission (ICPC). The post N941 million forfeiture: 70 Nigerians accuse ICPC of mixing up bank accounts appeared first on Nairametrics.",,https://nairametrics.com/2026/09/09/n941-million-forfeiture-70-nigerians-accuse-icpc-of-mixing-up-bank-accounts/,Emeka Onyeks,2026-09-09 15:15:35+00:00,2026-09-09T22:20:31.041644,General,-0.0394,Neutral,"million, forfeiture, nigerians, accuse, mixing, accounts, urged, federal",,,459.0,,2026-09-09,15,Wednesday,459.0,8,86.688,2026-09-09 22:30:30.312391+00:00
,Nairametrics,"Device importers, OEMs raise concerns over NCC’s October 6 DMS deadline","Device importers, Original Equipment Manufacturers (OEMs), dealers and vendors have raised concerns over the October 6, 2026 deadline set by the Nigerian Communications Commission (NCC) for the onboarding of existing devices in stock onto its Device Management System (DMS). The post Device importers, OEMs raise concerns over NCC’s October 6 DMS deadline appeared first on Nairametrics.",,https://nairametrics.com/2026/09/09/device-importers-oems-raise-concerns-over-nccs-october-6-dms-deadline/,Samson Akintaro,2026-09-09 14:53:13+00:00,2026-09-09T22:20:31.042344,General,0.3125,Positive,"device, importers, concerns, october, deadline, raise, original, equipment",,,459.0,,2026-09-09,14,Wednesday,459.0,8,92.15,2026-09-09 22:30:30.312391+00:00
,Nairametrics,NAFDAC DG links Nigeria’s counterfeit medicine crisis to regulatory gaps,"Nigeria’s counterfeit medicine crisis is rooted in longstanding weaknesses in the country’s pharmaceutical regulatory system, the Director-General of the National Agency for Food and Drug Administration and Control (NAFDAC), Professor Mojisola Adeyeye, has said. The post NAFDAC DG links Nigeria’s counterfeit medicine crisis to regulatory gaps appeared first on Nairametrics.",,https://nairametrics.com/2026/09/09/nafdac-dg-links-nigerias-counterfeit-medicine-crisis-to-regulatory-gaps/,Samuel Daniel,2026-09-09 12:53:21+00:00,2026-09-09T22:20:31.042978,General,0.25,Positive,"nafdac, nigeria, counterfeit, medicine, crisis, regulatory, links, rooted",,,449.0,,2026-09-09,12,Wednesday,449.0,8,89.9,2026-09-09 22:30:30.312391+00:00
,Nairametrics,Lagos begins arrest of buyers patronising illegal roadside traders next week,"The Lagos State Government, through the Lagos Waste Management Authority (LAWMA), will begin arresting and prosecuting people who buy goods from illegal roadside traders next week. The post Lagos begins arrest of buyers patronising illegal roadside traders next week appeared first on Nairametrics.",,https://nairametrics.com/2026/09/09/lagos-begins-arrest-of-buyers-patronising-illegal-roadside-traders-next-week/,Chike Olisah,2026-09-09 12:08:09+00:00,2026-09-09T22:20:31.043520,Politics,-0.155,Negative,"lagos, illegal, roadside, traders, begins, arrest, buyers, patronising",,,375.0,,2026-09-09,12,Wednesday,375.0,8,80.6,2026-09-09 22:30:30.312391+00:00
,Nairametrics,Instant loans dry up as FCCPC rules force lenders toward safer borrowers,"Nigeria’s digital lending industry is undergoing a significant shift as lenders scale back unsecured instant loans and increasingly target borrowers with verifiable income, established credit histories and predictable cash flows. The post Instant loans dry up as FCCPC rules force lenders toward safer borrowers appeared first on Nairametrics.",,https://nairametrics.com/2026/09/09/instant-loans-dry-up-as-fccpc-rules-force-lenders-toward-safer-borrowers/,Samson Akintaro,2026-09-09 12:05:43+00:00,2026-09-09T22:20:31.044062,General,0.0292,Neutral,"instant, loans, lenders, borrowers, fccpc, rules, force, toward",,,416.0,,2026-09-09,12,Wednesday,416.0,8,82.184,2026-09-09 22:30:30.312391+00:00
,Nairametrics,Visa Enhances A2A Protect to Help Banks Stop Fraud Before Payments Leave Accounts,"New unified fraud score is the company’s first combined offering in-market since Visa’s acquisition of Featurespace A2A Protect has been shown to reduce over 50% more fraud and help reduce over 40% in unnecessary fraud alerts Visa (NYSE: V), a world leader in digital payments, today announced an enhanced version of A2A Protect, delivering real-time [&#8230;] The post Visa Enhances A2A Protect to Help Banks Stop Fraud Before Payments Leave Accounts appeared first on Nairametrics.",,https://nairametrics.com/2026/09/09/visa-enhances-a2a-protect-to-help-banks-stop-fraud-before-payments-leave-accounts/,NM Partners,2026-09-09 10:04:30+00:00,2026-09-09T22:20:31.044861,Business,0.1409,Positive,"fraud, protect, payments, enhances, banks, leave, accounts, reduce",,,565.0,,2026-09-09,10,Wednesday,565.0,8,99.318,2026-09-09 22:30:30.312391+00:00
,Nairametrics,The architecture of African growth,"Part II: The Doorway Is Visibility One of Africa&#8217;s greatest economic paradoxes is that millions of people are working every day, yet much of their work remains invisible. Across the continent, entrepreneurs are building businesses, serving customers, employing people, and creating value. Markets are busy. Shops are open. Farms are producing. Manufacturers are making goods. [&#8230;] The post The architecture of African growth appeared first on Nairametrics.",,https://nairametrics.com/2026/09/09/the-architecture-of-african-growth-2/,NM Partners,2026-09-09 09:50:18+00:00,2026-09-09T22:20:31.045539,Business,0.2222,Positive,"architecture, african, growth, people, doorway, visibility, africa, greatest",,,502.0,,2026-09-09,9,Wednesday,502.0,8,94.644,2026-09-09 22:30:30.312391+00:00
,Nairametrics,Inside Zedcrest Group: The financial ecosystem powering capital across Africa,"When people think about financial services, they often think in silos.Investment banks raise capital.Asset managers invest it.Stockbrokers connect investors to markets.Finance companies provide credit.Payment platforms move money.Each solves a different problem, often operating independently of one another.Zedcrest Group took a different view.The Group believed that Africa&#8217;s greatest financial challenge was not simply the availability of [&#8230;] The post Inside Zedcrest Group: The financ",,https://nairametrics.com/2026/09/09/inside-zedcrest-group-the-financial-ecosystem-powering-capital-across-africa/,NM Partners,2026-09-09 09:48:59+00:00,2026-09-09T22:20:31.046348,Business,0.1364,Positive,"financial, zedcrest, capital, africa, inside, ecosystem, powering, across",,,654.0,,2026-09-09,9,Wednesday,654.0,8,108.128,2026-09-09 22:30:30.312391+00:00
,Nairametrics,"Anthropic researcher quits, warns AI labs are ‘gambling with our lives’","Jacob Coxon, an artificial intelligence researcher, has resigned from Anthropic, citing concerns about the race among frontier AI companies to develop increasingly capable systems. The post Anthropic researcher quits, warns AI labs are ‘gambling with our lives’ appeared first on Nairametrics.",,https://nairametrics.com/2026/09/09/anthropic-researcher-quits-warns-ai-labs-are-gambling-with-our-lives/,Samuel Daniel,2026-09-09 09:23:50+00:00,2026-09-09T22:20:31.046970,AI & Tech,-0.05,Neutral,"anthropic, researcher, quits, warns, gambling, lives, jacob, coxon",,,365.0,,2026-09-09,9,Wednesday,365.0,8,77.5,2026-09-09 22:30:30.312391+00:00
,Nairametrics,"Naira strengthens against British Pound Sterling, hits N1,788/£","The Nigerian currency overcame a resistance level against the British pound amid robust fundamentals within the Nigerian economy. The post Naira strengthens against British Pound Sterling, hits N1,788/£ appeared first on Nairametrics.",,https://nairametrics.com/2026/09/09/naira-strengthens-against-british-pound-sterling-hits-n1788/,Olumide Adesina,2026-09-09 09:00:27+00:00,2026-09-09T22:20:31.047401,Business,0.0625,Positive,"against, british, pound, naira, strengthens, sterling, nigerian, currency",,,298.0,,2026-09-09,9,Wednesday,298.0,8,71.05,2026-09-09 22:30:30.312391+00:00
,Nairametrics,CNG cylinder explosion fears slowing adoption in Nigeria – Pi-CNG/EV CEO,"Fears that compressed natural gas (CNG) cylinders could explode are slowing the adoption of the fuel in Nigeria, according to the Presidential Initiative on Compressed Natural Gas and Electric Vehicles (Pi-CNG/EV). The post CNG cylinder explosion fears slowing adoption in Nigeria – Pi-CNG/EV CEO appeared first on Nairametrics.",,https://nairametrics.com/2026/09/09/cng-cylinder-explosion-fears-slowing-adoption-in-nigeria-pi-cng-ev-ceo/,Caleb Obiowo,2026-09-09 08:47:43+00:00,2026-09-09T22:20:31.047920,Politics,0.15,Positive,"fears, slowing, adoption, nigeria, cylinder, explosion, compressed, natural",,,401.0,,2026-09-09,8,Wednesday,401.0,8,83.1,2026-09-09 22:30:30.312391+00:00
,Nairametrics,Meet the Dangote Petroleum Refinery Board of Directors,"As Dangote Petroleum Refinery moves closer to a stock market listing, attention is increasingly shifting from its engineering achievements and production milestones to the governance structure that will oversee one of Africa’s most valuable industrial assets. The post Meet the Dangote Petroleum Refinery Board of Directors appeared first on Nairametrics.",,https://nairametrics.com/2026/09/09/meet-the-dangote-petroleum-refinery-board-of-directors/,Israel Ojoko,2026-09-09 08:16:29+00:00,2026-09-09T22:20:31.048427,Business,0.375,Positive,"dangote, petroleum, refinery, board, directors, moves, closer, stock",dangote,,410.0,,2026-09-09,8,Wednesday,410.0,8,88.5,2026-09-09 22:30:30.312391+00:00
,Nairametrics,Dangote Refinery valued at N77.7 trillion–N82.6 trillion ahead of IPO,"Two Nigerian investment firms, CardinalStone Research and Chapel Hill Denham, have independently valued Dangote Petroleum Refinery and Petrochemicals FZE at between N77.7 trillion and N82.62 trillion, above the N65.22 trillion indicative market capitalisation at which the refinery is expected to list on the Nigerian Exchange (NGX). The post Dangote Refinery valued at N77.7 trillion–N82.6 trillion ahead of IPO appeared first on Nairametrics.",,https://nairametrics.com/2026/09/09/dangote-refinery-valued-at-n77-7-trillion-n82-6-trillion-ahead-of-ipo/,Idika Aja,2026-09-09 07:45:07+00:00,2026-09-09T22:20:31.049049,Business,0.0375,Neutral,"trillion, refinery, dangote, valued, ahead, nigerian, investment, firms",dangote,,514.0,,2026-09-09,7,Wednesday,514.0,8,92.15,2026-09-09 22:30:30.312391+00:00
,Nairametrics,"Dangote to retain 84.34% control of Refinery after planned N2.15 trillion IPO, Prospectus shows","Despite N2.15 trillion planned share sale in what is widely considered to be Africa’s biggest share sale, Aliko Dangote's beneficial ownership of Dangote Petroleum Refinery &#038; Petrochemicals FZE (DPRP) will stand at 84.34%, not the 65.8% suggested by his largest single shareholding vehicle. The post Dangote to retain 84.34% control of Refinery after planned N2.15 trillion IPO, Prospectus shows appeared first on Nairametrics.",,https://nairametrics.com/2026/09/09/dangote-to-retain-84-34-control-of-refinery-after-planned-n2-15-trillion-ipo-prospectus-shows/,Kelechi Mgboji,2026-09-09 07:28:23+00:00,2026-09-09T22:20:31.049755,Business,0.0262,Neutral,"dangote, refinery, planned, trillion, retain, control, prospectus, shows",dangote,,528.0,,2026-09-09,7,Wednesday,528.0,8,93.32400000000001,2026-09-09 22:30:30.312391+00:00
,Nairametrics,Iyinoluwa Aboyeji exits Learn Africa board after six years,"Learn Africa Plc has announced the resignation of renowned technology entrepreneur and Andela co-founder, Iyinoluwa Aboyeji, from its Board of Directors after six years of service as a Non-Executive Director. The post Iyinoluwa Aboyeji exits Learn Africa board after six years appeared first on Nairametrics.",,https://nairametrics.com/2026/09/09/iyinoluwa-aboyeji-exits-learn-africa-board-after-six-years/,Israel Ojoko,2026-09-09 07:27:47+00:00,2026-09-09T22:20:31.050266,General,0.25,Positive,"iyinoluwa, aboyeji, learn, africa, board, exits, announced, resignation",andela,,367.0,,2026-09-09,7,Wednesday,367.0,8,81.7,2026-09-09 22:30:30.312391+00:00
,Nairametrics,"Nigeria’s FX demand jumps 91% to $50.93 billion, strongest in six years","Nigeria’s foreign exchange utilisation rose sharply to $50.93 billion in 2025, the highest annual level since 2019, as demand for foreign currency by importers and businesses more than doubled from the previous year. The post Nigeria’s FX demand jumps 91% to $50.93 billion, strongest in six years appeared first on Nairametrics.",,https://nairametrics.com/2026/09/09/nigerias-fx-demand-jumps-91-to-50-93-billion-strongest-in-six-years/,Olalekan Adigun,2026-09-09 06:46:50+00:00,2026-09-09T22:20:31.050938,Business,0.1155,Positive,"nigeria, demand, billion, jumps, strongest, foreign, exchange, utilisation",,,401.0,,2026-09-09,6,Wednesday,401.0,8,82.41,2026-09-09 22:30:30.312391+00:00
,Nairametrics,Tinubu’s $50 billion FDI pledges contrast sharply with $2.06 billion actual inflows,"President Bola Ahmed Tinubu has secured over $50 billion in Foreign Direct Investment (FDI) commitments through 87 Memoranda of Understanding (MOUs) since assuming office on May 29, 2023, but only about $2.06 billion has been recorded as actual FDI inflows into Nigeria in that period. The post Tinubu’s $50 billion FDI pledges contrast sharply with $2.06 billion actual inflows appeared first on Nairametrics.",,https://nairametrics.com/2026/09/09/tinubus-50-billion-fdi-pledges-contrast-sharply-with-2-06-billion-actual-inflows/,Chike Olisah,2026-09-09 06:26:27+00:00,2026-09-09T22:20:31.051684,Politics,-0.0028,Neutral,"billion, tinubu, actual, inflows, pledges, contrast, sharply, president",,,494.0,,2026-09-09,6,Wednesday,494.0,8,89.456,2026-09-09 22:30:30.312391+00:00
,Nairametrics,FG plans Vienna-listed bonds for foreign investments,The Federal Government has disclosed plans for a bond issuance on the Vienna stock market to raise capital for investments in key sectors of the Nigerian economy. The post FG plans Vienna-listed bonds for foreign investments appeared first on Nairametrics.,,https://nairametrics.com/2026/09/08/fg-plans-vienna-listed-bonds-for-foreign-investments/,Tobi Tunji,2026-09-08 19:04:00+00:00,2026-09-09T22:20:31.052171,Politics,0.0,Neutral,"plans, vienna, investments, listed, bonds, foreign, federal, government",,,309.0,,2026-09-08,19,Tuesday,309.0,8,70.9,2026-09-09 22:30:30.312391+00:00
,Nairametrics,CBN intensifies terrorism financing surveillance on banks,The Central Bank of Nigeria (CBN) has intensified its supervisory focus on terrorism financing risks across the financial sector as part of efforts to prevent the system from being exploited by illicit actors. The post CBN intensifies terrorism financing surveillance on banks appeared first on Nairametrics.,,https://nairametrics.com/2026/09/08/cbn-intensifies-terrorism-financing-surveillance-on-banks/,Tobi Tunji,2026-09-08 18:51:45+00:00,2026-09-09T22:20:31.052594,Security & Conflict,0.0833,Positive,"terrorism, financing, intensifies, surveillance, banks, central, nigeria, intensified",,,366.0,,2026-09-08,18,Tuesday,366.0,8,78.26599999999999,2026-09-09 22:30:30.312391+00:00
,Legit Nigeria,Australia lists conditions non-citizens must meet to join the Australian Defence Force,"Australia has explained how eligible non-citizens can apply to join the Australian Defence Force. The government has listed the citizenship, and other conditions.",,https://www.legit.ng/people/1729930-australian-defence-force-explains-how-citizens-join-military-lists-4-conditions/,Unknown,2026-09-09 22:01:15+00:00,2026-09-09T22:20:31.709271,Politics,-0.0417,Neutral,"australia, conditions, citizens, australian, defence, force, lists, explained",,,249.0,,2026-09-09,22,Wednesday,249.0,8,65.73400000000001,2026-09-09 22:30:30.312391+00:00
,Legit Nigeria,Graduate recounts how she missed having a first class with small margin,A Nigerian lady has shared an emotional post recounting how she missed bagging a first-class with just a little margin. Netizens reacted massively.,,https://www.legit.ng/people/1729933-graduate-speaks-missing-class-cgpa-small-mark-broke/,Unknown,2026-09-09 21:58:58+00:00,2026-09-09T22:20:31.709671,General,-0.0375,Neutral,"missed, class, margin, graduate, recounts, having, nigerian, shared",,,219.0,,2026-09-09,21,Wednesday,219.0,8,62.650000000000006,2026-09-09 22:30:30.312391+00:00
,Legit Nigeria,Photo trends as man celebrates 1 year of working as full-time software engineer at Bloomberg,A Nigerian man identified as Imyke has gone viral on social media after proudly celebrating one year as a full-time software engineer at Bloomberg.,,https://www.legit.ng/people/1729932-software-engineer-bagged-full-time-job-bloomberg-celebrates-1-year-company/,Unknown,2026-09-09 21:48:39+00:00,2026-09-09T22:20:31.710076,General,0.4167,Positive,"software, engineer, bloomberg, photo, trends, celebrates, working, nigerian",,,240.0,,2026-09-09,21,Wednesday,240.0,8,72.334,2026-09-09 22:30:30.312391+00:00
,Legit Nigeria,Old video of Peller begging fans over Carter Efe’s TikTok resurfaces online,"Peller’s resurfaced plea for fans to report Carter Efe’s TikTok account resurfaces as the creator loses it permanently, sparking a heated online debate today.",,https://www.legit.ng/entertainment/celebrities/1729927-moment-peller-begged-fans-carter-efes-tiktok-lost-account-trend/,Unknown,2026-09-09 21:46:17+00:00,2026-09-09T22:20:31.710516,General,-0.1,Negative,"peller, carter, tiktok, resurfaces, online, video, begging, resurfaced",,,234.0,,2026-09-09,21,Wednesday,234.0,8,65.4,2026-09-09 22:30:30.312391+00:00
,Legit Nigeria,University of Ibadan announces 2026/2027 admission cut-off marks for College of Medicine departments,"University of Ibadan released 2026/2027 admission cut-off marks for all ten departments in the College of Medicine, setting clear entry benchmarks for applicants.",,https://www.legit.ng/education/1729931-university-ibadan-announces-20262027-admission-cut-marks-college-medicine/,Unknown,2026-09-09 21:31:25+00:00,2026-09-09T22:20:31.710918,Education,0.05,Positive,"university, ibadan, admission, marks, college, medicine, departments, announces",,,263.0,,2026-09-09,21,Wednesday,263.0,8,67.3,2026-09-09 22:30:30.312391+00:00
,Legit Nigeria,Man shares how much he was paid as a pharmacy sales rep in Nigeria,A Nigerian man who relocated abroad has gone viral after sharing his experience while still working in Nigeria. Netizens reacted massively to his post.,,https://www.legit.ng/people/1729929-man-worked-pharmacy-sales-rep-relocating-shares-how-paid/,Unknown,2026-09-09 21:23:34+00:00,2026-09-09T22:20:31.711284,General,0.1,Positive,"nigeria, shares, pharmacy, sales, nigerian, relocated, abroad, viral",,,218.0,,2026-09-09,21,Wednesday,218.0,8,63.8,2026-09-09 22:30:30.312391+00:00
,Legit Nigeria,"University of Ibadan lists 2026/2027 cut-off marks for 7 science courses, gives required scores",The University of Ibadan has released its 2026/2027 admission cut-off marks for seven science courses. Prospective students can now check the required scores.,,https://www.legit.ng/people/1729926-university-ibadan-releases-20262027-admission-cut-marks-7-science-courses/,Unknown,2026-09-09 21:09:46+00:00,2026-09-09T22:20:31.711636,Education,0.0,Neutral,"university, ibadan, marks, science, courses, required, scores, lists",,,254.0,,2026-09-09,21,Wednesday,254.0,8,65.4,2026-09-09 22:30:30.312391+00:00
,Legit Nigeria,FG names new commander to lead military operations against Boko Haram,"Nigerian government appointed Maj. Gen. Ibikunle Ajose as Operation Hadin Kai commander, replacing Abdulsalam Abubakar amid a wider military reshuffle.",,https://www.legit.ng/world/1729925-fg-names-commander-lead-military-operations-boko-haram/,Unknown,2026-09-09 21:02:16+00:00,2026-09-09T22:20:31.711996,Politics,-0.0212,Neutral,"commander, military, names, operations, against, haram, nigerian, government",uba,,221.0,,2026-09-09,21,Wednesday,221.0,8,62.524,2026-09-09 22:30:30.312391+00:00
,Legit Nigeria,Chioma and Hailey melt hearts with sweet bonding moment in old video,"An old video of Chioma and Davido's daughter Hailey sharing a tender moment has warmed hearts, with fans praising their sweet mother-daughter bond online today.",,https://www.legit.ng/entertainment/celebrities/1729916-old-video-chioma-davidos-daughter-hailey-sharing-sweet-bonding-moment-resurfaces/,Unknown,2026-09-09 20:43:56+00:00,2026-09-09T22:20:31.712345,General,0.225,Positive,"chioma, hailey, hearts, sweet, moment, video, daughter, bonding",,,229.0,,2026-09-09,20,Wednesday,229.0,8,67.4,2026-09-09 22:30:30.312391+00:00
,Legit Nigeria,University of Ibadan announces 2026/2027 admission cut-off marks for 27 education courses,The University of Ibadan has released its 2026/2027 admission cut-off marks for 27 Education courses. Prospective students can now check the required scores.,,https://www.legit.ng/people/1729924-university-ibadan-releases-20262027-admission-cut-marks-27-education-courses/,Unknown,2026-09-09 20:43:32+00:00,2026-09-09T22:20:31.712696,Education,0.0,Neutral,"university, ibadan, admission, marks, education, courses, announces, released",,,247.0,,2026-09-09,20,Wednesday,247.0,8,64.7,2026-09-09 22:30:30.312391+00:00
,Legit Nigeria,"Kenyan lawyer starts advanced studies for PhD in Canada, posts photos",A young law graduate shared news of beginning doctoral studies overseas and received support from followers who acknowledged her academic progress.,,https://www.legit.ng/people/1729922-law-graduate-chelangat-faith-begins-phd-studies-posts-inspiring-photos/,Unknown,2026-09-09 20:25:16+00:00,2026-09-09T22:20:31.713046,General,0.1667,Positive,"studies, kenyan, lawyer, starts, advanced, canada, posts, photos",,,217.0,,2026-09-09,20,Wednesday,217.0,8,65.034,2026-09-09 22:30:30.312391+00:00
,Legit Nigeria,"African Air Forces take major steps to boost cooperation, institutional continuity","AAAF’s Ramstein conference advances African airpower cooperation, digital communication, reviews the 2027–2034 strategy and sets a roadmap to AAAFEX 2029.",,https://www.legit.ng/nigeria/1729920-african-air-forces-major-steps-boost-cooperation-institutional-continuity/,Unknown,2026-09-09 20:23:49+00:00,2026-09-09T22:20:31.713438,General,0.0156,Neutral,"african, cooperation, forces, major, steps, boost, institutional, continuity",,,237.0,,2026-09-09,20,Wednesday,237.0,8,64.012,2026-09-09 22:30:30.312391+00:00
,Legit Nigeria,Highest and lowest admission cut-off marks for University of Ibadan 2026/2027 announced,"The University of Ibadan released 2026/2027 admission cut-off marks, showing Medicine and Surgery at 80.00 while many Arts and Education courses stayed at 50.00.",,https://www.legit.ng/education/1729921-highest-lowest-admission-cut-marks-university-ibadan-20262027-announced/,Unknown,2026-09-09 20:20:05+00:00,2026-09-09T22:20:31.713843,Education,0.5,Positive,"admission, marks, university, ibadan, highest, lowest, announced, released",,,249.0,,2026-09-09,20,Wednesday,249.0,8,74.9,2026-09-09 22:30:30.312391+00:00
,Legit Nigeria,"UI announces 2026/2027 cut-off marks for Microbiology, Physiology, Nutrition and Dietetics",The University of Ibadan has shared its 2026/2027 admission cut-off marks for various undergraduate courses. Prospective students can now check the required scores.,,https://www.legit.ng/people/1729919-university-ibadan-releases-20262027-cut-marks-microbiology-physiology-nutrition/,Unknown,2026-09-09 20:10:13+00:00,2026-09-09T22:20:31.714188,Education,0.0,Neutral,"marks, announces, microbiology, physiology, nutrition, dietetics, university, ibadan",,,255.0,,2026-09-09,20,Wednesday,255.0,8,65.5,2026-09-09 22:30:30.312391+00:00
,Legit Nigeria,"Saudi-based star George Ilenikhena hints at Super Eagles call-up, to replace injured Osimhen",George Ilenikhena hints at a Super Eagles call-up as injuries to Victor Osimhen and Paul Onuachu open the door ahead of Nigeria’s AFCON qualifiers in September.,,https://www.legit.ng/sports/football/1729917-afcon-2027-qualifier-saudi-based-star-hints-super-eagles-call-replace-injured-osimhen/,Unknown,2026-09-09 19:53:44+00:00,2026-09-09T22:20:31.714569,General,0.2222,Positive,"george, ilenikhena, hints, super, eagles, osimhen, saudi, based",,,253.0,,2026-09-09,19,Wednesday,253.0,8,69.744,2026-09-09 22:30:30.312391+00:00
,Legit Nigeria,Dubai airports launch 15 seconds new mobile passport control service in 2026 that uses facial recognition,"Lagos Governor Sanwo-Olu appointed Professor Badejo Ayodeji Olawunmi as LASU Vice-Chancellor, succeeding Professor Olatunji-Bello after her tenure.",,https://www.legit.ng/world/1729914-dubai-airports-launch-mobile-passport-control-service-2026-uses-facial-recognition/,Unknown,2026-09-09 19:45:42+00:00,2026-09-09T22:20:31.714964,General,0.0682,Positive,"professor, dubai, airports, launch, seconds, mobile, passport, control",uba,,253.0,,2026-09-09,19,Wednesday,253.0,8,66.664,2026-09-09 22:30:30.312391+00:00
,Legit Nigeria,"UI announces 2026/2027 admission cut-off marks for Nursing, Computer Science, Med Lab",The University of Ibadan has released its 2026/2027 admission cut-off marks for several programmes. Prospective students can now check the required scores.,,https://www.legit.ng/people/1729912-university-ibadan-releases-20262027-cut-marks-nursing-med-lab-computer-science/,Unknown,2026-09-09 19:32:21+00:00,2026-09-09T22:20:31.715312,Education,0.0,Neutral,"admission, marks, announces, nursing, computer, science, university, ibadan",,,241.0,,2026-09-09,19,Wednesday,241.0,8,64.1,2026-09-09 22:30:30.312391+00:00
,Legit Nigeria,Lady trends online as she shares amount she's paid as level 9 federal nurse,A Nigerian lady expressed pain on social media as she shared the amount that she gets paid as a level 9 federal nurse. Netizens reacted massively.,,https://www.legit.ng/people/1729913-lady-working-level-9-federal-nurse-shares-how-s-paid-monthly-shame-catch/,Unknown,2026-09-09 19:26:31+00:00,2026-09-09T22:20:31.715689,General,0.0167,Neutral,"amount, level, federal, nurse, trends, online, shares, nigerian",,,222.0,,2026-09-09,19,Wednesday,222.0,8,62.534000000000006,2026-09-09 22:30:30.312391+00:00
,Legit Nigeria,Lagos governor Sanwo-Olu appoints new LASU vice-chancellor,"Lagos State Governor Babajide Sanwo-Olu has named Professor Badejo Ayodeji Olawunmi as the new Vice-Chancellor of Lagos State University (LASU) on September 9, 2026.",,https://www.legit.ng/education/1729915-lagos-governor-sanwo-olu-appoints-lasu-vice-chancellor/,Unknown,2026-09-09 19:24:36+00:00,2026-09-09T22:20:31.716059,Education,0.1364,Positive,"lagos, governor, sanwo, chancellor, state, appoints, babajide, named",,,224.0,,2026-09-09,19,Wednesday,224.0,8,65.128,2026-09-09 22:30:30.312391+00:00
,Legit Nigeria,Pete Edochie faces criticism as Iyapupa disputes his claim to being Nollywood’s biggest actor,"Iyapupa challenges Pete Edochie’s claim of being bigger than all actors, sparking a heated online debate over his acting range, legacy and respect for elders.",,https://www.legit.ng/entertainment/nollywood/1729902-pete-edochie-dragged-by-iyapupa-claim-bigger-actors-elicits-reactions/,Unknown,2026-09-09 19:08:55+00:00,2026-09-09T22:20:31.716462,General,0.0,Neutral,"edochie, iyapupa, claim, being, faces, criticism, disputes, nollywood",,,252.0,,2026-09-09,19,Wednesday,252.0,8,65.2,2026-09-09 22:30:30.312391+00:00
,Legit Nigeria,Atiku calls Tinubu's FAAC boom a 'money illusion' as Naira loses Dollar value,"Atiku Abubakar says rising FAAC allocations mask a 40% fall in dollar value, weaker purchasing power and ₦5.3tn in state debt, challenging Tinubu's claims.",,https://www.legit.ng/nigeria/1729911-atiku-calls-tinubus-faac-boom-a-money-illusion-naira-loses-dollar-value/,Unknown,2026-09-09 18:55:58+00:00,2026-09-09T22:20:31.716896,General,0.1,Positive,"atiku, tinubu, dollar, value, calls, money, illusion, naira",uba,,233.0,,2026-09-09,18,Wednesday,233.0,8,65.3,2026-09-09 22:30:30.312391+00:00
,Legit Nigeria,2026: Single visa that will allow foreign visitors to travel across all six Arab states announced,The GCC’s unified tourist visa moved closer to launch as its secretary-general signaled the long-planned permit was nearly ready for foreign visitors.,,https://www.legit.ng/world/1729910-single-visa-foreign-visitors-travel-arab-states-announced/,Unknown,2026-09-09 18:48:42+00:00,2026-09-09T22:20:31.717335,General,-0.0304,Neutral,"foreign, visitors, single, allow, travel, across, states, announced",,,248.0,,2026-09-09,18,Wednesday,248.0,8,65.408,2026-09-09 22:30:30.312391+00:00
,Legit Nigeria,APM's Laja Adeoye vows to reset Lagos as 2027 governorship campaign kicks off,"Laja Adeoye launches Atunto Eko 1.0 for the 2027 Lagos governorship race, targeting every ward with plans for education, healthcare, housing and security.",,https://www.legit.ng/politics/1729909-apms-laja-adeoye-vows-reset-lagos-2027-governorship-campaign-kicks-off/,Unknown,2026-09-09 18:35:20+00:00,2026-09-09T22:20:31.717742,Health,0.0,Neutral,"adeoye, lagos, governorship, reset, campaign, kicks, launches, atunto",,,232.0,,2026-09-09,18,Wednesday,232.0,8,63.2,2026-09-09 22:30:30.312391+00:00
,Legit Nigeria,"6 years after bride price was paid, Nigerian lady returns it to ex-husband and shares receipt",A Nigerian lady has shared a receipt showing that she returned her bride price to her ex-husband six years after it was paid. Her decision has sparked reactions.,,https://www.legit.ng/people/family-relationship/1729905-nigerian-lady-shares-receipt-returns-bride-price-husband-6-years-paid/,Unknown,2026-09-09 18:27:31+00:00,2026-09-09T22:20:31.718123,General,0.0,Neutral,"bride, price, nigerian, husband, receipt, returns, shares, shared",,,255.0,,2026-09-09,18,Wednesday,255.0,8,65.5,2026-09-09 22:30:30.312391+00:00
,Legit Nigeria,"2027 elections: APC national chairman Yilwatda hands over power, read deatils","The APC national chairman, Prof. Nentawe Yilwatda, has tentatively handed over power as the ruling party strategises ahead of the 2027 general elections.",,https://www.legit.ng/politics/1729829-breaking-apc-national-chairman-yilwatda-hands-power-tentatively-timely-necessary/,Unknown,2026-09-09 18:27:10+00:00,2026-09-09T22:20:31.718632,Politics,0.05,Positive,"elections, national, chairman, yilwatda, power, hands, deatils, nentawe",,,231.0,,2026-09-09,18,Wednesday,231.0,8,64.1,2026-09-09 22:30:30.312391+00:00
,Legit Nigeria,Breaking: Police announce number of people arrested over attack on Obi’s convoy in Benue,"Benue police parade 46 suspects after Peter Obi’s convoy was blocked, as Obi seeks security action and the state government denies involvement in the incident.",,https://www.legit.ng/nigeria/1729899-breaking-4-persons-allegedly-involved-attack-obis-convoy-benue-arrested-hu/,Unknown,2026-09-09 18:25:53+00:00,2026-09-09T22:20:31.719059,Politics,-0.075,Negative,"police, convoy, benue, breaking, announce, number, people, arrested",,,248.0,,2026-09-09,18,Wednesday,248.0,8,66.3,2026-09-09 22:30:30.312391+00:00
,Legit Nigeria,Tinubu's govt issues fresh orders to 78 federal universities vice-chancellors as details emerge,"Nigeria’s education minister orders universities to rebuild Advancement Offices after low turnout, warning they must diversify funding beyond government support.",,https://www.legit.ng/nigeria/1729907-alausa-orders-78-federal-university-vice-chancellors-rebuild-advancement-offices/,Unknown,2026-09-09 18:24:25+00:00,2026-09-09T22:20:31.719456,Politics,0.15,Positive,"orders, universities, tinubu, issues, fresh, federal, chancellors, details",,,257.0,,2026-09-09,18,Wednesday,257.0,8,68.7,2026-09-09 22:30:30.312391+00:00
,Legit Nigeria,"Bolanle Ninalowo speaks about the one thing he would die for, shares reason","Nollywood actor Bolanle Ninalowo opens up about the one thing he considers truly his and explains why he would give his life for it, sparking reactions from fans",,https://www.legit.ng/entertainment/celebrities/1729906-bolanle-ninalowo-opens-die-shares-why/,Unknown,2026-09-09 18:19:43+00:00,2026-09-09T22:20:31.719801,General,0.0,Neutral,"bolanle, ninalowo, speaks, shares, reason, nollywood, actor, opens",,,237.0,,2026-09-09,18,Wednesday,237.0,8,63.7,2026-09-09 22:30:30.312391+00:00
,Legit Nigeria,Nnamdi Kanu: Bishops send bold message to Tinubu on what must be done to IPOB Separatist,"At the 2026 CBCN Synod in Abuja, bishops urged SGF George Akume to seek Nnamdi Kanu’s release, while Mohammed Idris warned against election divisions in 2027.",,https://www.legit.ng/nigeria/1729903-nigerian-bishops-send-message-tinubu-what-nnamdi-kanu/,Unknown,2026-09-09 17:54:59+00:00,2026-09-09T22:20:31.720230,Politics,0.3333,Positive,"nnamdi, bishops, message, tinubu, separatist, synod, abuja, urged",,,247.0,,2026-09-09,17,Wednesday,247.0,8,71.366,2026-09-09 22:30:30.312391+00:00
,Legit Nigeria,UAE job seekers told how to spot fake recruiters and protect bank accounts,"Job seekers in the UAE have been urged to slow down and carry out basic checks before accepting any employment offer, as fraudulent recruiters grow sophisticated.",,https://www.legit.ng/world/1729904-uae-job-seekers-told-how-spot-fake-recruiters-protect-bank-accounts/,Unknown,2026-09-09 17:47:16+00:00,2026-09-09T22:20:31.720601,General,-0.0911,Negative,"seekers, recruiters, protect, accounts, urged, carry, basic, checks",,,237.0,,2026-09-09,17,Wednesday,237.0,8,65.522,2026-09-09 22:30:30.312391+00:00
,Channels TV Nigeria,Gauff Defeats Andreeva To Reach US Open Semi With Rybakina,"Fourth-ranked Gauff, a 22-year-old American and two-time Grand Slam winner, advanced to Thursday's semi-finals, where she will face Kazakh star Elena Rybakina. The post Gauff Defeats Andreeva To Reach US Open Semi With Rybakina appeared first on Channels Television.",,https://www.channelstv.com/2026/09/09/gauff-defeats-andreeva-to-reach-us-open-semi-with-rybakina/,Donatus Anichukwueze,2026-09-09 21:51:12+00:00,2026-09-09T22:20:47.647271,General,0.0447,Neutral,"gauff, andreeva, rybakina, rsquo, forehand, match, points, final",,,2926.0,,2026-09-09,21,Wednesday,2926.0,8,333.494,2026-09-09 22:30:30.312391+00:00
,Channels TV Nigeria,Chelsea Thrash Leeds 6-3 To Advance In League Cup,Xabi Alonso's side were in danger of crashing out following Tarik Muharemovic's first-half opener and a Brenden Aaronson goal soon after the interval at Stamford Bridge. The post Chelsea Thrash Leeds 6-3 To Advance In League Cup appeared first on Channels Television.,,https://www.channelstv.com/2026/09/09/chelsea-thrash-leeds-6-3-to-advance-in-league-cup/,Donatus Anichukwueze,2026-09-09 21:44:45+00:00,2026-09-09T22:20:47.650962,Health,0.0293,Neutral,"rsquo, chelsea, leeds, league, alonso, welbeck, round, palmer",,,4718.0,,2026-09-09,21,Wednesday,4718.0,8,512.386,2026-09-09 22:30:30.312391+00:00
,Channels TV Nigeria,"Champions League: PSG Thrash Slovan, Barcelona, Liverpool, Arsenal Secure Opening Wins","Barcelona kicked off their campaign by scoring five goals against Feyenoord, while Arsenal impressed with a 1-0 win at Napoli. The post Champions League: PSG Thrash Slovan, Barcelona, Liverpool, Arsenal Secure Opening Wins appeared first on Channels Television.",,https://www.channelstv.com/2026/09/09/champions-league-psg-thrash-slovan-barcelona-liverpool-arsenal-secure-opening-wins/,Donatus Anichukwueze,2026-09-09 21:33:43+00:00,2026-09-09T22:20:47.655490,Security & Conflict,0.1955,Positive,"rsquo, league, liverpool, champions, barcelona, arsenal, slovan, atletico",,,5527.0,,2026-09-09,21,Wednesday,5527.0,8,596.61,2026-09-09 22:30:30.312391+00:00
,Channels TV Nigeria,Sanwo-Olu Appoints Badejo As New LASU Vice-Chancellor,"She succeeds Professor Ibijoke Olatunji-Bello, whose five-year tenure has expired. The post Sanwo-Olu Appoints Badejo As New LASU Vice-Chancellor appeared first on Channels Television.",,https://www.channelstv.com/2026/09/09/sanwo-olu-appoints-badejo-as-new-lasu-vice-chancellor/,Donatus Anichukwueze,2026-09-09 21:13:55+00:00,2026-09-09T22:20:47.657835,Education,0.3495,Positive,"badejo, professor, lagos, guidance, sanwo, chancellor, state, ayodeji",,,1533.0,,2026-09-09,21,Wednesday,1533.0,8,200.29000000000002,2026-09-09 22:30:30.312391+00:00
,Channels TV Nigeria,Shettima Hails NELFUND As Landmark Initiative For Poor Students,"According to him, the initiative has helped ensure that poverty is no longer an excuse for students to pursue higher education. The post Shettima Hails NELFUND As Landmark Initiative For Poor Students appeared first on Channels Television.",,https://www.channelstv.com/2026/09/09/shettima-hails-nelfund-as-landmark-initiative-for-poor-students/,Donatus Anichukwueze,2026-09-09 20:57:13+00:00,2026-09-09T22:20:47.660610,Politics,0.0723,Positive,"shettima, president, university, nelfund, initiative, students, education, abuja",,,4379.0,,2026-09-09,20,Wednesday,4379.0,8,479.34600000000006,2026-09-09 22:30:30.312391+00:00
,Channels TV Nigeria,Obi Blocked In Benue – A Warning Sign For The 2027 Campaign?,"The incident could reflect political hostility, a breakdown in local coordination, a security failure, or another cause. The post Obi Blocked In Benue &#8211; A Warning Sign For The 2027 Campaign? appeared first on Channels Television.",,https://www.channelstv.com/2026/09/09/obi-blocked-in-benue-a-warning-sign-for-the-2027-campaign/,Donatus Anichukwueze,2026-09-09 20:57:06+00:00,2026-09-09T22:20:47.664617,Politics,0.1135,Positive,"political, benue, campaign, state, incident, opposition, whether, candidate",,,5341.0,,2026-09-09,20,Wednesday,5341.0,8,576.37,2026-09-09 22:30:30.312391+00:00
,Channels TV Nigeria,"‘It’s Wrong To Block Obi In Benue,’ Ortom Says, Accuses Alia","Ortom described the incident as wrong, saying Obi should have been allowed to visit Yelewata and sympathise with victims of the June 2025 attacks. The post ‘It’s Wrong To Block Obi In Benue,’ Ortom Says, Accuses Alia appeared first on Channels Television.",,https://www.channelstv.com/2026/09/09/its-wrong-to-block-obi-in-benue-ortom-says-accuses-alia/,Donatus Anichukwueze,2026-09-09 20:55:10+00:00,2026-09-09T22:20:47.669119,Politics,-0.0318,Neutral,"benue, state, wrong, governor, ldquo, government, ortom, rsquo",,,5001.0,,2026-09-09,20,Wednesday,5001.0,8,540.736,2026-09-09 22:30:30.312391+00:00
,Channels TV Nigeria,Lagos Records Six Confirmed Diphtheria Cases In 2026,The government reassured residents that there is currently no widespread outbreak of diphtheria in the state. The post Lagos Records Six Confirmed Diphtheria Cases In 2026 appeared first on Channels Television.,,https://www.channelstv.com/2026/09/09/lagos-records-six-confirmed-diphtheria-cases-in-2026/,Donatus Anichukwueze,2026-09-09 19:24:20+00:00,2026-09-09T22:20:47.672581,Health,0.1696,Positive,"lagos, diphtheria, cases, state, confirmed, abayomi, currently, suspected",uba,,4140.0,,2026-09-09,19,Wednesday,4140.0,8,457.392,2026-09-09 22:30:30.312391+00:00
,Channels TV Nigeria,"Army Redeploys Senior Officers, Appoints New Theatre Commander","Army said the redeployments were part of ongoing efforts to enhance operational effectiveness, strengthen leadership and ensure that the right experience and expertise are deployed to critical commands and strategic appointments. The post Army Redeploys Senior Officers, Appoints New Theatre Commander appeared first on Channels Television.",,https://www.channelstv.com/2026/09/09/army-redeploys-senior-officers-appoints-new-theatre-commander/,Donatus Anichukwueze,2026-09-09 19:00:11+00:00,2026-09-09T22:20:47.675804,Business,0.0839,Positive,"general, major, commander, moves, operational, brigadier, nigerian, department",uba,,4243.0,,2026-09-09,19,Wednesday,4243.0,8,465.978,2026-09-09 22:30:30.312391+00:00
,Channels TV Nigeria,"Osimhen, Iwobi, Nwabali, Others Emerge Winners At 2026 Nigeria Pitch Awards","Osimhen was also named King of the Pitch, while Paris Saint-Germain Féminine and Super Falcons forward Rasheedat Ajibade won the Queen of the Pitch award. The post Osimhen, Iwobi, Nwabali, Others Emerge Winners At 2026 Nigeria Pitch Awards appeared first on Channels Television.",,https://www.channelstv.com/2026/09/09/osimhen-iwobi-nwabali-others-emerge-winners-at-2026-nigeria-pitch-awards/,Donatus Anichukwueze,2026-09-09 18:47:51+00:00,2026-09-09T22:20:47.678175,Security & Conflict,0.3415,Positive,"award, pitch, osimhen, named, football, nigeria, iwobi, nwabali",mtn,,2320.0,,2026-09-09,18,Wednesday,2320.0,8,278.83,2026-09-09 22:30:30.312391+00:00
,Arise News Nigeria,Sowore: Benue Blockade Of Peter Obi Planned By State Government To Stop Makurdi Entry,Omoyele Sowore alleges that the Benue State Government planned the blockade of Peter Obi's covoy to prevent him from entering Makurdi.,,https://www.arise.tv/sowore-benue-blockade-of-peter-obi-planned-by-state-government-to-stop-makurdi-entry/,Favour Odima,2026-09-09 05:55:41+00:00,2026-09-09T22:20:48.122078,Politics,0.0427,Neutral,"peter, state, sowore, government, benue, makurdi, prevent, nigeria",,,4020.0,,2026-09-09,5,Wednesday,4020.0,8,442.854,2026-09-09 22:30:30.312391+00:00
,Arise News Nigeria,Frank Tietie: APC Risks Being Tagged International Criminals Over Political Violence,"Frank Tietie reacts to Peter Obi’s Benue visit, accusing APC leaders of political violence and warning they risk international criminal tags.",,https://www.arise.tv/frank-tietie-apc-risks-being-tagged-international-criminals-over-political-violence/,Favour Odima,2026-09-09 05:55:28+00:00,2026-09-09T22:20:48.126403,Politics,0.0547,Positive,"state, political, governor, peter, benue, tietie, violence, international",,,5209.0,,2026-09-09,5,Wednesday,5209.0,8,561.994,2026-09-09 22:30:30.312391+00:00
,Arise News Nigeria,Adewole Adebayo: SDP Will Eliminate Poverty And Deal With Insecurity In Four Years,SDP's Adewole Adebayo says the party will eliminate poverty and tackle insecurity within four years if elected to govern Nigeria.,,https://www.arise.tv/adewole-adebayo-sdp-will-eliminate-poverty-and-deal-with-insecurity-in-four-years/,Favour Odima,2026-09-09 05:46:08+00:00,2026-09-09T22:20:48.133455,Health,0.0764,Positive,"poverty, party, adebayo, nigeria, government, employment, eliminate, insecurity",,,8327.0,,2026-09-09,5,Wednesday,8327.0,8,874.2280000000001,2026-09-09 22:30:30.312391+00:00
,Arise News Nigeria,"Sowore: Datti, Peter Obi Are Military Apologists","Omoyele Sowore accuses Datti Baba-Ahmed and Peter Obi of being military apologists, questioning their relationships with Nigeria’s former military leaders.",,https://www.arise.tv/sowore-datti-peter-obi-are-military-apologists/,Favour Odima,2026-09-09 05:46:03+00:00,2026-09-09T22:20:48.138339,Politics,0.0277,Neutral,"tinubu, military, peter, datti, ahmed, sowore, candidate, public",,,4561.0,,2026-09-09,5,Wednesday,4561.0,8,496.654,2026-09-09 22:30:30.312391+00:00
,Arise News Nigeria,Nigeria Steps Up Action to Activate 112 National Emergency Number Nationwide,The federal government has directed relevant agencies to develop an operational roadmap for nationwide activation of Nigeria’s unified 112 emergency number.,,https://www.arise.tv/nigeria-steps-up-action-to-activate-112-national-emergency-number-nationwide/,AriseNews,2026-09-08 21:28:03+00:00,2026-09-09T22:20:48.141718,Politics,0.1369,Positive,"emergency, number, nigeria, national, agencies, roadmap, response, president",,,3468.0,,2026-09-08,21,Tuesday,3468.0,8,389.538,2026-09-09 22:30:30.312391+00:00
,Arise News Nigeria,Governor Radda’s ₦828.64bn 2027 Budget Prioritises Capital Development Over Recurrent Spending,"Katsina Governor Dikko Radda’s ₦828.64bn 2027 budget allocates 77 percent to capital projects, prioritising development over recurrent expenditure across sectors.",,https://www.arise.tv/governor-raddas-%e2%82%a6828-64bn-2027-budget-prioritises-capital-development-over-recurrent-spending/,AriseNews,2026-09-08 20:39:52+00:00,2026-09-09T22:20:48.144989,Health,0.1914,Positive,"billion, budget, governor, radda, capital, development, expenditure, fiscal",,,3728.0,,2026-09-08,20,Tuesday,3728.0,8,416.628,2026-09-09 22:30:30.312391+00:00
,Arise News Nigeria,"NIHOTOUR DG: Tourism Can Drive Nigeria’s Economic Diversification, Create Jobs","NIHOTOUR DG Abisoye Fagade says tourism can diversify Nigeria’s economy through job creation, human capital and sustainable growth.",,https://www.arise.tv/nihotour-dg-tourism-can-drive-nigerias-economic-diversification-create-jobs/,AriseNews,2026-09-08 20:30:45+00:00,2026-09-09T22:20:48.150904,Health,0.1733,Positive,"tourism, nigeria, china, development, economic, seminar, experience, people",,,8187.0,,2026-09-08,20,Tuesday,8187.0,8,862.166,2026-09-09 22:30:30.312391+00:00
,Arise News Nigeria,2027: Kwara APC Crisis Deepens As Senator Ashiru’s Offa Structure Collapses Into PDP,"Senator Lola Ashiru’s APC structure in Offa collapses into PDP, deepening political realignment ahead of the 2027 elections.",,https://www.arise.tv/2027-kwara-apc-crisis-deepens-as-senator-ashirus-offa-structure-collapses-into-pdp/,AriseNews,2026-09-08 20:25:19+00:00,2026-09-09T22:20:48.155555,Politics,0.056,Positive,"political, senator, ahead, elections, state, kwara, ashiru, people",uba,,4263.0,,2026-09-08,20,Tuesday,4263.0,8,467.42,2026-09-09 22:30:30.312391+00:00
,Arise News Nigeria,"Intersociety Alleges 3,083 Christians Killed, 3,193 Abducted Across Nigeria In Eight Months","Intersociety alleges 3,083 Christians were killed and 3,193 abducted between January and August 2026 amid escalating attacks.",,https://www.arise.tv/intersociety-alleges-3083-christians-killed-3193-abducted-across-nigeria-in-eight-months/,Gideon Arinze,2026-09-08 20:19:41+00:00,2026-09-09T22:20:48.158245,General,0.0203,Neutral,"intersociety, killed, abducted, attacks, christians, august, organisation, nigeria",,,2129.0,,2026-09-08,20,Tuesday,2129.0,8,253.306,2026-09-09 22:30:30.312391+00:00
,Arise News Nigeria,"Nembe Creek Oil Spill: HOMEF Demands Cleanup, Compensation As Fishing Livelihoods Collapse",HOMEF demands urgent cleanup and compensation after Nembe Creek oil spill disrupts fishing and threatens coastal livelihoods.,,https://www.arise.tv/nembe-creek-oil-spill-homef-demands-cleanup-compensation-as-fishing-livelihoods-collapse/,AriseNews,2026-09-08 20:16:18+00:00,2026-09-09T22:20:48.161419,Health,0.0147,Neutral,"fishing, nembe, homef, spill, pollution, creek, cleanup, crude",,,4158.0,,2026-09-08,20,Tuesday,4158.0,8,456.094,2026-09-09 22:30:30.312391+00:00
,Arise News Nigeria,"Ondo Raises 2026 Budget To N769bn, Targets 90km Roads Across 18 LGAs","Ondo’s revised N769bn budget prioritises 90km of roads, with five kilometres planned for each of the state’s 18 LGAs.",,https://www.arise.tv/ondo-raises-2026-budget-to-n769bn-targets-90km-roads-across-18-lgas/,AriseNews,2026-09-08 20:12:48+00:00,2026-09-09T22:20:48.164934,Health,0.0565,Positive,"government, budget, state, local, roads, across, implementation, expected",,,3946.0,,2026-09-08,20,Tuesday,3946.0,8,435.73,2026-09-09 22:30:30.312391+00:00
,Arise News Nigeria,NSCIA Alleges Underlying Religious Bias in El-Rufai’s Prosecutions,"NSCIA has raised concerns over alleged religious bias in Nasir El-Rufai’s prosecutions, warning against weaponising public institutions for sectarian interests.",,https://www.arise.tv/nscia-alleges-underlying-religious-bias-in-el-rufais-prosecutions/,Friday Olokor,2026-09-08 20:11:16+00:00,2026-09-09T22:20:48.167792,Politics,0.0624,Positive,"religious, rufai, public, council, nscia, against, prosecutions, former",,,2880.0,,2026-09-08,20,Tuesday,2880.0,8,329.248,2026-09-09 22:30:30.312391+00:00
,Arise News Nigeria,Air Peace Emerges Africa’s Fastest-Growing Major Airline As Capacity Jumps 55%,"Air Peace has recorded Africa’s fastest airline capacity growth, expanding scheduled seats by 54.7% and returning to the continent’s top 10.",,https://www.arise.tv/air-peace-emerges-africas-fastest-growing-major-airline-as-capacity-jumps-55/,AriseNews,2026-09-08 16:06:34+00:00,2026-09-09T22:20:48.170746,Business,0.0452,Neutral,"capacity, seats, peace, scheduled, africa, fastest, growth, airlines","ethiopian airlines, kenya airways",,2955.0,,2026-09-08,16,Tuesday,2955.0,8,336.404,2026-09-09 22:30:30.312391+00:00
,Arise News Nigeria,Sam Amadi: Nigerian Politicians Avoid Debates Because They Don’t Think It Wins Elections,"Dr. Sam Amadi, a political analyst, says Nigerian politicians avoid debates because they do not believe debates determine election outcomes.",,https://www.arise.tv/sam-amadi-nigerian-politicians-avoid-debates-because-they-dont-think-it-wins-elections/,Ojo Triumph,2026-09-08 15:59:46+00:00,2026-09-09T22:20:48.174436,Politics,0.2314,Positive,"debates, politicians, voters, candidates, amadi, policy, elections, nigerian",,,4196.0,,2026-09-08,15,Tuesday,4196.0,8,464.228,2026-09-09 22:30:30.312391+00:00
,Arise News Nigeria,ADC Calls For Probe Into N33.75bn Social Intervention Payments,African Democratic Congress calls for investigation into N33.75 billion social intervention payments flagged by Auditor-General amid concerns over beneficiary verification records.,,https://www.arise.tv/adc-calls-for-probe-into-n33-75bn-social-intervention-payments/,Anunobi Goodness,2026-09-08 15:55:19+00:00,2026-09-09T22:20:48.177218,Politics,-0.0411,Neutral,"social, billion, auditor, general, national, intervention, payments, flagged",,,2934.0,,2026-09-08,15,Tuesday,2934.0,8,334.22200000000004,2026-09-09 22:30:30.312391+00:00
,Arise News Nigeria,Sir Tom Jones Says ITV Removed Him From ‘The Voice UK’ Against His Wish,Sir Tom Jones says ITV removed him from The Voice UK over insurance concerns despite wanting to remain on the show.,,https://www.arise.tv/sir-tom-jones-says-itv-removed-him-from-the-voice-uk-against-his-wish/,Ademide Adebayo,2026-09-08 15:51:56+00:00,2026-09-09T22:20:48.180125,General,0.1143,Positive,"jones, series, voice, programme, insurance, broadcaster, coaching, removed",,,2576.0,,2026-09-08,15,Tuesday,2576.0,8,299.886,2026-09-09 22:30:30.312391+00:00
,Arise News Nigeria,Patrick Ejumedia: Oil Sector Will Continue To Drive Nigeria’s Economy,"Patrick Ejumedia says Nigeria’s oil sector will continue to drive the economy, despite growth in non-oil exports.",,https://www.arise.tv/patrick-ejumedia-oil-sector-will-continue-to-drive-nigerias-economy/,Anunobi Goodness,2026-09-08 15:49:18+00:00,2026-09-09T22:20:48.182720,Business,0.0218,Neutral,"nigeria, ejumedia, sector, exports, petroleum, economy, export, refined",dangote,,2316.0,,2026-09-08,15,Tuesday,2316.0,8,272.036,2026-09-09 22:30:30.312391+00:00
,Arise News Nigeria,Makinde Rejects Subsidy + Peter Obi Says Makinde Is Fit To Be President + INEC’s 2027 Warning – Trending With Ojy Okpe,"Oyo State Governor and APM presidential candidate, Seyi Makinde, on Monday launched his 2027 campaign office in Abuja, declaring his opposition to the return of fuel subsidy.",,https://www.arise.tv/makinde-rejects-subsidy-peter-obi-says-makinde-is-fit-to-be-president-inecs-2027-warning-trending-with-ojy-okpe/,AriseNews,2026-09-08 15:40:13+00:00,2026-09-09T22:20:48.185921,Health,0.0787,Positive,"makinde, state, presidential, candidate, subsidy, campaign, peter, warning","dangote, uba",,3880.0,,2026-09-08,15,Tuesday,3880.0,8,429.574,2026-09-09 22:30:30.312391+00:00
,Arise News Nigeria,"Miami Plane Crash: Five Killed Were In Vehicles On Ground, NTSB Says",Five people killed in the Miami cargo plane crash were inside two vehicles struck after the aircraft overran the runway.,,https://www.arise.tv/miami-plane-crash-five-killed-were-in-vehicles-on-ground-ntsb-says/,Boluwatife Enome,2026-09-08 13:40:32+00:00,2026-09-09T22:20:48.189016,Climate & Environment,-0.0481,Neutral,"aircraft, crash, airport, people, runway, homendy, miami, plane",,,3189.0,,2026-09-08,13,Tuesday,3189.0,8,359.862,2026-09-09 22:30:30.312391+00:00
,Arise News Nigeria,Dr Johnson: Advanced Cardiac Care Too Expensive In Nigeria,"Dr Yemi Johnson says care is available in Nigeria, but heart disease remains leading cause of adult deaths.",,https://www.arise.tv/dr-johnson-advanced-cardiac-care-too-expensive-in-nigeria/,Erizia Rubyjeana,2026-09-08 13:37:39+00:00,2026-09-09T22:20:48.196153,Health,0.0726,Positive,"heart, johnson, cardiac, nigeria, major, expensive, disease, people",,,8566.0,,2026-09-08,13,Tuesday,8566.0,8,898.052,2026-09-09 22:30:30.312391+00:00
,Joy Online Ghana,Saalim Bamba suspends NPP Nasara campaign after convoy accident,"Alhaj Saalim Bamba, a two-term Ashanti Regional Nasara Organiser of the New Patriotic Party (NPP), has suspended his campaign activities indefinitely following an accident involving a vehicle in his campaign convoy.",,https://www.myjoyonline.com/saalim-bamba-suspends-npp-nasara-campaign-after-convoy-accident/,Abubakar Ibrahim,2026-09-09 21:58:00+00:00,2026-09-09T22:20:50.412786,Health,0.0227,Neutral,"campaign, accident, bamba, nasara, following, saalim, convoy, alhaj",,,1619.0,,2026-09-09,21,Wednesday,1619.0,8,202.354,2026-09-09 22:30:30.312391+00:00
,Joy Online Ghana,CDD-Ghana pushes for independent authority to regulate political financing,The Centre for Democratic Development (CDD-Ghana) is advocating the establishment of an independent authority to regulate political party and campaign financing in Ghana.,,https://www.myjoyonline.com/cdd-ghana-pushes-for-independent-authority-to-regulate-political-financing/,Abubakar Ibrahim,2026-09-09 21:50:00+00:00,2026-09-09T22:20:50.415457,Politics,0.0071,Neutral,"political, ghana, financing, campaign, authority, independent, party, frimpong",,,3863.0,,2026-09-09,21,Wednesday,3863.0,8,426.442,2026-09-09 22:30:30.312391+00:00
,Joy Online Ghana,Ghana music industry needs collective public-private investment – UK High Commissioner,"UK High Commissioner to Ghana, Sabah Zita Benson, has called for stronger collaboration between the government and private sector to invest in Ghana’s creative industry, particularly music, arts and tourism.",,https://www.myjoyonline.com/ghana-music-industry-needs-collective-public-private-investment-uk-high-commissioner/,Prince Adu-Owusu,2026-09-09 21:24:06+00:00,2026-09-09T22:20:50.418544,Politics,0.1551,Positive,"sector, ghana, music, private, government, tourism, industry, creative",,,2934.0,,2026-09-09,21,Wednesday,2934.0,8,336.502,2026-09-09 22:30:30.312391+00:00
,Joy Online Ghana,“We don’t have the mindset of sabotage” – NPP on MMDCE election proposal,"The New Patriotic Party (NPP) says it will critically assess the government’s proposed changes to the process for selecting Metropolitan, Municipal and District Chief Executives (MMDCEs), with a view to supporting measures that strengthen Ghana’s decentralisation system.",,https://www.myjoyonline.com/we-dont-have-the-mindset-of-sabotage-npp-on-mmdce-election-proposal/,Prince Adu-Owusu,2026-09-09 21:08:25+00:00,2026-09-09T22:20:50.422371,Politics,0.0435,Neutral,"system, proposal, proposed, mmdces, ghana, president, decentralisation, people",,,4299.0,,2026-09-09,21,Wednesday,4299.0,8,470.77000000000004,2026-09-09 22:30:30.312391+00:00
,Joy Online Ghana,From Kumasi to the world: Mirakilouz Beatz’s rise in music production,"Ghanaian music producer Agyei Mensah Miracle, professionally known as Mirakilouz Beatz, is carving out a growing presence in Ghana's music industry while pursuing ambitions that extend beyond music production.",,https://www.myjoyonline.com/from-kumasi-to-the-world-mirakilouz-beatzs-rise-in-music-production/,Sarah Djosu,2026-09-09 21:06:16+00:00,2026-09-09T22:20:50.424840,Business,0.0544,Positive,"music, mirakilouz, beatz, production, industry, ghana, beyond, producer",uba,,2419.0,,2026-09-09,21,Wednesday,2419.0,8,282.988,2026-09-09 22:30:30.312391+00:00
,Joy Online Ghana,Low pay making it harder for universities to attract PhD holders – UTAG-UG,"The University of Ghana chapter of the University Teachers Association of Ghana (UTAG-UG) has warned that poor remuneration is making it increasingly difficult for Ghanaian universities to attract highly qualified academics, particularly professionals with PhDs and specialised industry experience.",,https://www.myjoyonline.com/low-pay-making-it-harder-for-universities-to-attract-phd-holders-utag-ug/,Kenneth Darko,2026-09-09 21:06:07+00:00,2026-09-09T22:20:50.427847,Politics,0.0423,Neutral,"universities, academic, university, ghana, academics, specialised, harrison, making",,,3746.0,,2026-09-09,21,Wednesday,3746.0,8,415.446,2026-09-09 22:30:30.312391+00:00
,Joy Online Ghana,Julius Emunah parts ways with Hearts of Oak as Managing Director,"Emunah, who was appointed Managing Director effective February 2, 2026, succeeded Dr Delali Anku-Adiamah. He joined the Phobians after serving as Head of Competitions at the Ghana Football Association.",,https://www.myjoyonline.com/julius-emunah-parts-ways-with-hearts-of-oak-as-managing-director/,Mishael Quaynor,2026-09-09 20:55:47+00:00,2026-09-09T22:20:50.430115,General,0.1492,Positive,"emunah, managing, director, hearts, february, football, position, stepping",,,1783.0,,2026-09-09,20,Wednesday,1783.0,8,221.28400000000002,2026-09-09 22:30:30.312391+00:00
,Joy Online Ghana,Weija Dam flooding will persist without political will to relocate residents – NADMO,The National Disaster Management Organisation (NADMO) says flooding of communities downstream of the Weija Dam will persist unless authorities muster the political will to relocate residents from areas originally designated as buffer zones.,,https://www.myjoyonline.com/weija-dam-flooding-will-persist-without-political-will-to-relocate-residents-nadmo/,Emma Ankrah,2026-09-09 20:54:42+00:00,2026-09-09T22:20:50.432186,Climate & Environment,0.1122,Positive,"nadmo, areas, flooding, residents, water, political, communities, buffer",,,2166.0,,2026-09-09,20,Wednesday,2166.0,8,258.84400000000005,2026-09-09 22:30:30.312391+00:00
,Joy Online Ghana,"UMB, 3TREES launch paint outlets across constituencies ahead of Ghana’s 70th anniversary",Universal Merchant Bank (UMB) and 3TREES Ghana have signed a Memorandum of Understanding (MoU) for a paint discount scheme that includes plans to establish a sales outlet in every constituency ahead of Ghana’s 70th independence anniversary.,,https://www.myjoyonline.com/umb-3trees-launch-paint-outlets-across-constituencies-ahead-of-ghanas-70th-anniversary/,Prince Adu-Owusu,2026-09-09 20:54:31+00:00,2026-09-09T22:20:50.434456,Politics,0.0136,Neutral,"ghana, paint, anniversary, outlets, sales, constituency, initiative, local",,,2359.0,,2026-09-09,20,Wednesday,2359.0,8,276.17199999999997,2026-09-09 22:30:30.312391+00:00
,Joy Online Ghana,CSSPS: Education Ministry orders action against alleged payment demands in Ashanti Region,The Ministry of Education has directed officials of the Ghana Education Service (GES) in the Ashanti Region to take steps to stop alleged demands for money from parents seeking assistance with the Computerised School Selection and Placement System (CSSPS).,,https://www.myjoyonline.com/cssps-education-ministry-orders-action-against-alleged-payment-demands-in-ashanti-region/,Emma Ankrah,2026-09-09 20:54:27+00:00,2026-09-09T22:20:50.436224,Politics,0.0925,Positive,"parents, education, ministry, placement, cssps, alleged, ashanti, region",,,1785.0,,2026-09-09,20,Wednesday,1785.0,8,220.35,2026-09-09 22:30:30.312391+00:00
,Joy Online Ghana,SSNIT honours 16 stakeholders at 2025 Awards,"The recognition took place at the 2025 SSNIT Stakeholder Awards, held last month at the La Palm Royal Beach Hotel in Accra. The awardees included employers, self-employed contributors, pensioners and partner organisations.",,https://www.myjoyonline.com/ssnit-honours-16-stakeholders-at-2025-awards/,Sarah Djosu,2026-09-09 20:44:13+00:00,2026-09-09T22:20:50.438916,Health,0.1261,Positive,"ssnit, award, stakeholders, scheme, awards, social, security, trust",,,3578.0,,2026-09-09,20,Wednesday,3578.0,8,400.322,2026-09-09 22:30:30.312391+00:00
,Joy Online Ghana,"Naa Shika Adu presents Vernacular of Play: An art exhibition inspired by sport, identity and social impact","Former women’s professional tennis player and internationally certified tennis coach Naa Shika Adu is set to launch Vernacular of Play on 11 September 2026, a compelling multidisciplinary art exhibition exploring the connections between movement, language and cultural expression in sport and everyday life.",,https://www.myjoyonline.com/naa-shika-adu-presents-vernacular-of-play-an-art-exhibition-inspired-by-sport-identity-and-social-impact/,Isaac Yeboah,2026-09-09 20:34:36+00:00,2026-09-09T22:20:50.442342,Health,0.1022,Positive,"exhibition, sport, vernacular, shika, tennis, social, movement, identity",,,4105.0,,2026-09-09,20,Wednesday,4105.0,8,452.544,2026-09-09 22:30:30.312391+00:00
,Joy Online Ghana,Ghana wastes up to 50% of fruits and vegetables annually – Agrofresh,"Ghana wastes between 40% and 50% of its fruits and vegetables annually, social entrepreneur, innovator and changemaker Mathias Charles Yabe has said. He said the losses occur across the food value chain, from farms and marketplaces to homes, restaurants and food joints.",,https://www.myjoyonline.com/ghana-wastes-up-to-50-of-fruits-and-vegetables-annually-agrofresh/,Caleb Ahinakwah,2026-09-09 20:11:24+00:00,2026-09-09T22:20:50.445241,Business,-0.0683,Negative,"ghana, fruits, vegetables, losses, communities, farms, solar, powered",,,2665.0,,2026-09-09,20,Wednesday,2665.0,8,307.866,2026-09-09 22:30:30.312391+00:00
,Joy Online Ghana,CSSPS deploys more personnel to ease delays at resolution centres,The Computerised School Selection and Placement System (CSSPS) has deployed additional personnel to some resolution centres across the country following concerns over long queues and delays in addressing parents’ placement challenges.,,https://www.myjoyonline.com/cssps-deploys-more-personnel-to-ease-delays-at-resolution-centres/,Emma Ankrah,2026-09-09 19:56:11+00:00,2026-09-09T22:20:50.447492,Politics,0.1243,Positive,"parents, centres, placement, resolution, cssps, concerns, personnel, delays",,,2341.0,,2026-09-09,19,Wednesday,2341.0,8,276.586,2026-09-09 22:30:30.312391+00:00
,Joy Online Ghana,Poor transport and storage systems contribute to post-harvest losses in Ghana – Mathias Yabe,"The absence of appropriate transportation and storage systems is contributing to post-harvest losses among farmers, particularly those dealing with highly perishable crops, social entrepreneur and innovator Mathias Charles Yabe has said. Speaking on the 13th edition of the Loud and Green X-Space on JoyNews, Mr Yabe said the transportation of fresh produce could result in significant losses before the food reached consumers. He cited the experience of a lettuce farmer near the Dodowa Road who sup",,https://www.myjoyonline.com/poor-transport-and-storage-systems-contribute-to-post-harvest-losses-in-ghana-mathias-yabe/,Caleb Ahinakwah,2026-09-09 19:37:52+00:00,2026-09-09T22:20:50.450297,Business,0.0779,Positive,"losses, produce, farmer, systems, harvest, transportation, green, refrigerated",,,3165.0,,2026-09-09,19,Wednesday,3165.0,8,358.058,2026-09-09 22:30:30.312391+00:00
,Joy Online Ghana,Partisan MMDCE elections could stifle development – NDC,"The National Democratic Congress (NDC) has defended government’s position against fully partisan elections for Metropolitan, Municipal and District Chief Executives (MMDCEs), arguing that such an arrangement could undermine development at the local level.",,https://www.myjoyonline.com/partisan-mmdce-elections-could-stifle-development-ndc/,Emma Ankrah,2026-09-09 19:22:29+00:00,2026-09-09T22:20:50.453209,Politics,0.0855,Positive,"government, mmdces, local, elections, development, district, arrangement, political",,,3038.0,,2026-09-09,19,Wednesday,3038.0,8,345.51,2026-09-09 22:30:30.312391+00:00
,Joy Online Ghana,TUC urges Mahama to keep constitutional reform discussions open,"The Trades Union Congress (TUC) is urging President John Mahama to keep discussions on the proposed constitutional reforms open to allow for broader consultation and consensus-building. Deputy Secretary-General of the TUC, Dr Kwabena Nyarko Otoo, said the union intends to engage the President and members of the constitutional reform implementation committee to further present its [&#8230;]",,https://www.myjoyonline.com/tuc-urges-mahama-to-keep-constitutional-reform-discussions-open/,Emma Ankrah,2026-09-09 19:22:19+00:00,2026-09-09T22:20:50.455810,Politics,0.1292,Positive,"constitutional, union, president, mahama, reform, discussions, local, consensus",,,2504.0,,2026-09-09,19,Wednesday,2504.0,8,292.984,2026-09-09 22:30:30.312391+00:00
,Joy Online Ghana,“They showed up with character” – Sampson praises Black Princesses after South Korea win,Black Princesses head coach Charles Sampson has praised his players for showing character and determination in their 3-1 victory over South Korea at the 2026 FIFA U-20 Women’s World Cup.,,https://www.myjoyonline.com/they-showed-up-with-character-sampson-praises-black-princesses-after-south-korea-win/,Fentuo Tahiru,2026-09-09 19:05:11+00:00,2026-09-09T22:20:50.457668,General,0.0196,Neutral,"character, black, princesses, sampson, south, victory, showed, korea",,,1391.0,,2026-09-09,19,Wednesday,1391.0,8,179.492,2026-09-09 22:30:30.312391+00:00
,Joy Online Ghana,"Free tablets , missed opportunities ? Rethinking Ghana’s one student-one tablet initiative","Ghana’s digital education investment needs digital discipline to succeed. Ghana’s Free Senior High School (Free SHS) programme has significantly expanded access to secondary education. As the programme evolves, the government has complemented it with a major digital education intervention, which is the One Student–One Tablet initiative, announced in January, 2023 and formally launched on 25th March, 2024 under the Ghana Smart Schools Project. The initiative was designed to provide SHS and TVET s",,https://www.myjoyonline.com/free-tablets-missed-opportunities-rethinking-ghanas-one-student-one-tablet-initiative/,Caleb Ahinakwah,2026-09-09 18:51:36+00:00,2026-09-09T22:20:50.462047,AI & Tech,0.1306,Positive,"digital, students, tablet, education, learning, technology, ghana, initiative",,,5955.0,,2026-09-09,18,Wednesday,5955.0,8,638.112,2026-09-09 22:30:30.312391+00:00
,Joy Online Ghana,"Mahama has not abandoned Haruna Iddrisu, he is backing him to fix education challenges – Spokesperson","The spokesperson for the Minister of Education, Haruna Iddrisu, says President John Mahama has not abandoned the Minister to deal with challenges confronting Ghana's education sector.",,https://www.myjoyonline.com/mahama-has-not-abandoned-haruna-iddrisu-he-is-backing-him-to-fix-education-challenges-spokesperson/,Prince Adu-Owusu,2026-09-09 18:46:41+00:00,2026-09-09T22:20:50.466281,Politics,-0.0056,Neutral,"education, challenges, sector, mahama, minister, president, iddrisu, mohammed",,,4672.0,,2026-09-09,18,Wednesday,4672.0,8,507.31200000000007,2026-09-09 22:30:30.312391+00:00
,Joy Online Ghana,Only Category C schools available for placement resolution – Northern Region parents say,"Category C is the only option left; that is the reality facing parents and students at the Ghana Education Service (GES) Northern Regional Education Office in Tamale this week, as the resolution window for second-cycle school placements opens with a narrowed list of schools.",,https://www.myjoyonline.com/only-category-c-schools-available-for-placement-resolution-northern-region-parents-say/,Clara Seshie,2026-09-09 18:21:29+00:00,2026-09-09T22:20:50.469298,Politics,0.0422,Neutral,"category, schools, school, northern, resolution, region, parents, regional",,,2805.0,,2026-09-09,18,Wednesday,2805.0,8,321.344,2026-09-09 22:30:30.312391+00:00
,Joy Online Ghana,More students benefited under Mahama gov’t than previous 20 years combined – SLTF CEO,"The Chief Executive Officer of the Student Loan Trust Fund (SLTF), Dr Saajida Shiraz, says more students have benefited from government’s student support interventions under the Mahama administration than the total number supported during the previous 20 years of the Fund’s existence.",,https://www.myjoyonline.com/more-students-benefited-under-mahama-govt-than-previous-20-years-combined-sltf-ceo/,Emma Ankrah,2026-09-09 18:05:32+00:00,2026-09-09T22:20:50.472207,Politics,0.052,Positive,"students, student, government, benefited, shiraz, support, mahama, during",,,3219.0,,2026-09-09,18,Wednesday,3219.0,8,362.94000000000005,2026-09-09 22:30:30.312391+00:00
,Joy Online Ghana,"Gov’t reviewing policy for stipends, assistive devices for disabled students – SLTF CEO","The Chief Executive Officer of the Students Loan Trust Fund (SLTF), Dr Saajida Shiraz, has revealed that government is considering additional support measures, including the payment of stipends and the provision of assistive learning devices for tertiary students with disabilities.",,https://www.myjoyonline.com/govt-reviewing-policy-for-stipends-assistive-devices-for-disabled-students-sltf-ceo/,Emma Ankrah,2026-09-09 17:57:47+00:00,2026-09-09T22:20:50.474106,Politics,-0.02,Neutral,"students, support, stipends, assistive, devices, shiraz, government, tertiary",,,1685.0,,2026-09-09,17,Wednesday,1685.0,8,208.9,2026-09-09 22:30:30.312391+00:00
,Joy Online Ghana,Israel sets deadline for Britain to close consulate as settlers warn of sanctions hit,"Israel has given Britain 30 days to close its East Jerusalem consulate in response to sanctions on goods from settlements, a measure Britain's leader said ‌on Wednesday was needed to ""stand against injustice"" in the occupied West Bank.",,https://www.myjoyonline.com/israel-sets-deadline-for-britain-to-close-consulate-as-settlers-warn-of-sanctions-hit/,Emmanuel Tetteh,2026-09-09 17:57:12+00:00,2026-09-09T22:20:50.477856,Politics,0.0008,Neutral,"israel, britain, sanctions, close, settlements, palestinian, israeli, consulate",,,4973.0,,2026-09-09,17,Wednesday,4973.0,8,537.3159999999999,2026-09-09 22:30:30.312391+00:00
,Joy Online Ghana,Community leaders call for 24-hour operation of African Mall in Ejisu-Kwamo,"Community leaders in Ejisu-Kwamo have called on management of the newly opened African Mall to consider operating the facility around the clock. They believe a 24-hour operation would create more jobs, increase economic activity and give residents access to goods and services at all times. The mall has been welcomed by local authorities, who say it could transform commercial activities in the community.",,https://www.myjoyonline.com/community-leaders-call-for-24-hour-operation-of-african-mall-in-ejisu-kwamo/,Caleb Ahinakwah,2026-09-09 17:47:15+00:00,2026-09-09T22:20:50.481213,Politics,0.2,Positive,"community, ejisu, african, leaders, operation, management, consider, facility",,,3069.0,,2026-09-09,17,Wednesday,3069.0,8,350.90000000000003,2026-09-09 22:30:30.312391+00:00
,Joy Online Ghana,Bozoma Saint John wedding highlights Ghana’s untapped tourism dividend,"Ghana may have one of the most valuable and least systematically exploited tourism marketing assets in the world: people with enormous global audiences voluntarily choosing to associate themselves with Ghana. This is not the usual celebrity endorsement where a destination pays a famous person to appear in an advertisement, pose beside a hotel or read a scripted message. Ghana has something potentially much more powerful. Celebrities come here because they want to.",,https://www.myjoyonline.com/bozoma-saint-john-wedding-highlights-ghanas-untapped-tourism-dividend/,Albert Kuzor,2026-09-09 17:44:37+00:00,2026-09-09T22:20:50.491630,Health,0.1695,Positive,"ghana, tourism, celebrity, destination, marketing, return, wedding, people",,,15950.0,,2026-09-09,17,Wednesday,15950.0,8,1638.39,2026-09-09 22:30:30.312391+00:00
,Joy Online Ghana,Brent crude oil rises above $100 a barrel as Middle East conflict intensifies,"Brent crude futures breached $100 a barrel on Wednesday for the first time since late July, as Iran and the U.S. hit tankers in the ​biggest wave of attacks on shipping since the war began, threatening to worsen the ongoing impairment of energy supplies from the Middle East.",,https://www.myjoyonline.com/brent-crude-oil-rises-above-100-a-barrel-as-middle-east-conflict-intensifies/,Emmanuel Tetteh,2026-09-09 17:31:02+00:00,2026-09-09T22:20:50.499290,Politics,-0.0634,Negative,"crude, barrel, supply, brent, attacks, futures, energy, prices",uba,,5809.0,,2026-09-09,17,Wednesday,5809.0,8,622.168,2026-09-09 22:30:30.312391+00:00
,Joy Online Ghana,"59,300 students receive GH¢210m in enhanced student loans – SLTF","The Student Loan Trust Fund (SLTF) says it has disbursed GH¢210 million in enhanced student loans to 59,300 tertiary students this year.",,https://www.myjoyonline.com/59300-students-receive-gh%c2%a2210m-in-enhanced-student-loans-sltf/,Emma Ankrah,2026-09-09 17:24:59+00:00,2026-09-09T22:20:50.501920,Politics,0.0875,Positive,"student, students, loans, million, support, enhanced, tertiary, disbursed",,,1808.0,,2026-09-09,17,Wednesday,1808.0,8,222.55,2026-09-09 22:30:30.312391+00:00
,Joy Online Ghana,"Trump gave $45,000 cash gifts to close aide Natalie Harp and others","President Donald Trump gave tens of ​thousands of dollars in cash gifts last year to executive assistant Natalie Harp and three other ‌close aides working in the West Wing, according to financial disclosures released by the White House.",,https://www.myjoyonline.com/trump-gave-45000-cash-gifts-to-close-aide-natalie-harp-and-others/,Emmanuel Tetteh,2026-09-09 17:24:27+00:00,2026-09-09T22:20:50.504553,Politics,0.0467,Neutral,"white, house, trump, gifts, president, aides, nauta, according",,,3137.0,,2026-09-09,17,Wednesday,3137.0,8,354.63400000000007,2026-09-09 22:30:30.312391+00:00
,Joy Online Ghana,Beauty Kabukie Apedoe appointed CEO of Inter Tourism Expo Accra,The Management Board of Inter Tourism Expo Accra (INTTA) has appointed Beauty Kabukie Apedoe as the organisation’s new Chief Executive Officer.,,https://www.myjoyonline.com/beauty-kabukie-apedoe-appointed-ceo-of-inter-tourism-expo-accra/,Albert Kuzor,2026-09-09 16:59:32+00:00,2026-09-09T22:20:50.507629,Health,0.1097,Positive,"tourism, apedoe, management, development, intta, organisation, experience, inter",,,3884.0,,2026-09-09,16,Wednesday,3884.0,8,430.59400000000005,2026-09-09 22:30:30.312391+00:00
,Joy Online Ghana,"New Ghanaian movie ‘Two’ to explore crime, faith and moral ambiguity","Two, a new Ghanaian neo-noir film, produced by Bravado!, LL Productions, Apstairs Media and WM Media, is in the offing.",,https://www.myjoyonline.com/new-ghanaian-movie-two-to-explore-crime-faith-and-moral-ambiguity/,Kwame Dadzie,2026-09-09 16:53:25+00:00,2026-09-09T22:20:50.511316,Education,0.0925,Positive,"producer, louis, ghanaian, produced, media, church, experience, lamis",,,3755.0,,2026-09-09,16,Wednesday,3755.0,8,417.35,2026-09-09 22:30:30.312391+00:00
,Joy Online Ghana,Indo-Ghana begins local liquid oxygen supply,"Ghanaian hospitals, marking a shift in the country’s medical oxygen supply chain from cylinder-based distribution to a storage-based system designed to reduce shortages and improve reliability. The company delivered the first made-in-Ghana liquid oxygen supply to the Lekma Hospital, where a cryogenic storage system has been installed to receive, store and distribute the product through [&#8230;]",,https://www.myjoyonline.com/indo-ghana-begins-local-liquid-oxygen-supply/,Charles Nixon,2026-09-09 16:53:24+00:00,2026-09-09T22:20:50.516793,Health,0.075,Positive,"oxygen, liquid, supply, ghana, hospitals, medical, company, tyagi",,,6558.0,,2026-09-09,16,Wednesday,6558.0,8,697.3000000000001,2026-09-09 22:30:30.312391+00:00
,Joy Online Ghana,Atwima-Techiman residents decry poultry farm nuisance as assembly sues farmer over siting of farm,The Kwadaso Municipal Assembly has taken legal action against a resident of Atwima-Techiman for causing public nuisance by improperly rearing chickens in a residential area.,,https://www.myjoyonline.com/atwima-techiman-residents-decry-poultry-farm-nuisance-as-assembly-sues-farmer-over-siting-of-farm/,Clara Seshie,2026-09-09 16:46:36+00:00,2026-09-09T22:20:50.520884,Health,0.0482,Neutral,"assembly, nuisance, residents, poultry, farmer, municipal, health, court",,,4267.0,,2026-09-09,16,Wednesday,4267.0,8,467.66400000000004,2026-09-09 22:30:30.312391+00:00
,Joy Online Ghana,Vice President urges Catholic youth to promote peace and prosperity across West Africa,"Vice President Professor Naana Jane Opoku Agyemang has urged Catholic youth across West Africa to take an active role in building peaceful and prosperous societies, saying the region’s young population has a critical role to play in shaping its future. Speaking at a gathering of Catholic youth in Accra, Professor Opoku Agyemang said young people represented a significant source of energy, creativity and potential for West Africa.",,https://www.myjoyonline.com/vice-president-urges-catholic-youth-to-promote-peace-and-prosperity-across-west-africa/,Caleb Ahinakwah,2026-09-09 16:45:11+00:00,2026-09-09T22:20:50.524930,Politics,0.0865,Positive,"people, young, youth, professor, opoku, agyemang, catholic, africa",,,4653.0,,2026-09-09,16,Wednesday,4653.0,8,507.03000000000003,2026-09-09 22:30:30.312391+00:00
,Joy Online Ghana,"Double-track was about demand, not lack of space in all schools – Adutwum","Former Education Minister, Dr Yaw Osei Adutwum, has clarified that the introduction of the double-track system in Senior High Schools (SHSs) was primarily intended to address high demand for places in popular schools, rather than a shortage of physical infrastructure.",,https://www.myjoyonline.com/double-track-was-about-demand-not-lack-of-space-in-all-schools-adutwum/,Prince Adu-Owusu,2026-09-09 16:37:43+00:00,2026-09-09T22:20:50.528520,Politics,0.1929,Positive,"schools, track, double, students, demand, adutwum, system, presec",,,3404.0,,2026-09-09,16,Wednesday,3404.0,8,384.25800000000004,2026-09-09 22:30:30.312391+00:00
,Joy Online Ghana,"Adutwum proposes subject resits, transcript system for secondary schools","Former Education Minister and Member of Parliament for Bosomtwe, Dr Yaw Osei Adutwum, has called for reforms to Ghana's education system to allow students who fail individual subjects to resit them or, where necessary, repeat a class.",,https://www.myjoyonline.com/adutwum-proposes-subject-resits-transcript-system-for-secondary-schools/,Clara Seshie,2026-09-09 16:34:50+00:00,2026-09-09T22:20:50.532618,Politics,-0.0231,Neutral,"students, adutwum, system, resit, repeat, subjects, class, education",,,4453.0,,2026-09-09,16,Wednesday,4453.0,8,485.762,2026-09-09 22:30:30.312391+00:00
,Joy Online Ghana,Teacher retraining needed to tackle social media jargon in WASSCE – Adutwum,Former Education Minister Dr Yaw Osei Adutwum has called for increased teacher professional development following concerns over the use of social media language and jargon in the 2026 West African Senior School Certificate Examination (WASSCE).,,https://www.myjoyonline.com/teacher-retraining-needed-to-tackle-social-media-jargon-in-wassce-adutwum/,Emma Ankrah,2026-09-09 16:20:07+00:00,2026-09-09T22:20:50.535341,Politics,0.0855,Positive,"students, teacher, social, media, adutwum, professional, development, language",,,2493.0,,2026-09-09,16,Wednesday,2493.0,8,291.01,2026-09-09 22:30:30.312391+00:00
,Joy Online Ghana,Free SHS Secretariat official denies bribery allegations at Kumasi CSSPS Resolution centre,"The Deputy Ashanti Regional Coordinator of the Free Senior High School Secretariat, Michael Owusu Baafi, has rejected allegations of bribery at the Placement Resolution Centre at the Kumasi Technical Institute (KTI), assuring parents and students that no fee is required to resolve CSSPS placement concerns.",,https://www.myjoyonline.com/free-shs-secretariat-official-denies-bribery-allegations-at-kumasi-cssps-resolution-centre/,Emmanuel Tetteh,2026-09-09 16:18:57+00:00,2026-09-09T22:20:50.537638,Politics,0.2038,Positive,"placement, centre, baafi, parents, school, students, allegations, cssps",,,2575.0,,2026-09-09,16,Wednesday,2575.0,8,301.576,2026-09-09 22:30:30.312391+00:00
,Joy Online Ghana,NPP Executive Elections: Full list of candidates and their ballot positions,"The New Patriotic Party (NPP) has completed balloting for candidates contesting its national executive elections scheduled for October 3, 2026, in the Ashanti Region.",,https://www.myjoyonline.com/npp-executive-elections-full-list-of-candidates-and-their-ballot-positions/,Prince Adu-Owusu,2026-09-09 16:17:10+00:00,2026-09-09T22:20:50.541004,Politics,0.2461,Positive,"national, candidates, positions, executive, elections, ballot, boakye, mohammed",sfa,,6925.0,,2026-09-09,16,Wednesday,6925.0,8,737.422,2026-09-09 22:30:30.312391+00:00
,Joy Online Ghana,SHS Assistant Heads demand payment of transfer grants and responsibility allowances,The Forum of Assistant Heads of Assisted Secondary Schools (FAHASS) has called on the Ghana Education Service (GES) to pay outstanding transfer grants and responsibility allowances due to its members.,,https://www.myjoyonline.com/shs-assistant-heads-demand-payment-of-transfer-grants-and-responsibility-allowances/,Clara Seshie,2026-09-09 16:13:12+00:00,2026-09-09T22:20:50.544715,Politics,0.1586,Positive,"heads, assistant, schools, education, transfer, responsibility, allowances, allowance",,,4937.0,,2026-09-09,16,Wednesday,4937.0,8,536.8720000000001,2026-09-09 22:30:30.312391+00:00
,Joy Online Ghana,"MTN, Telecel, Goal Telecom qualify for next stage of NCA spectrum auction","The National Communications Authority (NCA) has completed the qualification stage of its Request for Applications for spectrum licences in the 700 MHz, 2.3 GHz and 3 GHz bands, with three of the four companies that submitted applications cleared to proceed to the next stage.",,https://www.myjoyonline.com/mtn-telecel-goal-telecom-qualify-for-next-stage-of-nca-spectrum-auction/,Emmanuel Tetteh,2026-09-09 16:07:46+00:00,2026-09-09T22:20:50.547864,Politics,0.1325,Positive,"applicants, stage, applications, qualification, spectrum, authority, process, request",mtn,,2725.0,,2026-09-09,16,Wednesday,2725.0,8,315.15,2026-09-09 22:30:30.312391+00:00
,Joy Online Ghana,"TUC demands overhaul of Council of State, wants presidential appointees capped at 5","The Trades Union Congress (TUC) is calling for reforms to the composition of Ghana’s Council of State, including a cap on the number of members appointed by the President.",,https://www.myjoyonline.com/tuc-demands-overhaul-of-council-of-state-wants-presidential-appointees-capped-at-5/,Emma Ankrah,2026-09-09 15:45:34+00:00,2026-09-09T22:20:50.549648,Politics,0.2833,Positive,"council, state, union, composition, members, president, presidential, appointees",,,1373.0,,2026-09-09,15,Wednesday,1373.0,8,182.966,2026-09-09 22:30:30.312391+00:00
,Joy Online Ghana,"Health workers raise alarm over unpaid ’13th month salary’, staff shortages","The Health Services Workers’ Union has raised concerns over the non-payment of its ‘13th-month salary’ agreed under the collective agreement, while warning of severe staff shortages in public health facilities across the country.",,https://www.myjoyonline.com/health-workers-raise-alarm-over-unpaid-13th-month-salary-staff-shortages/,Emma Ankrah,2026-09-09 15:44:27+00:00,2026-09-09T22:20:50.552331,Health,0.0597,Positive,"workers, union, health, staff, month, salary, shortages, agreement",,,3333.0,,2026-09-09,15,Wednesday,3333.0,8,374.494,2026-09-09 22:30:30.312391+00:00
,Joy Online Ghana,"CSSPS doesn’t need overhaul, review policies behind system – Adutwum","Former Education Minister and Member of Parliament for Bosomtwe, Dr Yaw Osei Adutwum, has argued against blaming the Computerised School Selection and Placement System (CSSPS) for challenges associated with school placement.",,https://www.myjoyonline.com/cssps-doesnt-need-overhaul-review-policies-behind-system-adutwum/,Clara Seshie,2026-09-09 15:41:33+00:00,2026-09-09T22:20:50.554677,Politics,0.0364,Neutral,"placement, computer, system, adutwum, policies, cssps, software, school",,,2199.0,,2026-09-09,15,Wednesday,2199.0,8,260.628,2026-09-09 22:30:30.312391+00:00
,Joy Online Ghana,2026 U-20 WWC: Black Princesses beat South Korea to keep qualification hopes alive,Ghana bounced back opening day defeat to record victory in their second game at the 2026 U-20 Women&#8217;s World Cup. The Black Princesses scored three goals in the second half as they sealed a 3-1 win over South Korea after losing to Ecuador. Charles Sampson made a few changes to his starting lineup with Latifa [&#8230;],,https://www.myjoyonline.com/2026-u-20-wwc-black-princesses-beat-south-korea-to-keep-qualification-hopes-alive/,Kweku Lawrence,2026-09-09 15:38:31+00:00,2026-09-09T22:20:50.556641,General,-0.0345,Neutral,"second, black, princesses, korea, opening, scored, south, ghana",,,1736.0,,2026-09-09,15,Wednesday,1736.0,8,214.29000000000002,2026-09-09 22:30:30.312391+00:00
,Joy Online Ghana,‘Corruption must be assassinated’ – Citizen Kofi calls for tougher punishment to reset Ghana’s culture,"Ghanaian businessman Dr Kofi Amoah, popularly known as Citizen Kofi, has called for a national rethink of how corruption is investigated and punished.",,https://www.myjoyonline.com/corruption-must-be-assassinated-citizen-kofi-calls-for-tougher-punishment-to-reset-ghanas-culture/,Kenneth Darko,2026-09-09 15:31:03+00:00,2026-09-09T22:20:50.564380,AI & Tech,0.0603,Positive,"corruption, ghana, amoah, argues, state, public, enterprises, believes",,,10972.0,,2026-09-09,15,Wednesday,10972.0,8,1138.406,2026-09-09 22:30:30.312391+00:00
,Joy Online Ghana,Illicit political funding and vote buying: A threat to Ghana’s democracy,"Illicit political funding refers to money or other resources provided to political parties or candidates through illegal, undisclosed or improper means. This may include funds from undisclosed sources, the misuse of public resources, proceeds from corruption, or other forms of financial support that violate electoral laws and regulations.",,https://www.myjoyonline.com/illicit-political-funding-and-vote-buying-a-threat-to-ghanas-democracy/,Prince Adu-Owusu,2026-09-09 15:27:49+00:00,2026-09-09T22:20:50.570287,Politics,0.0457,Neutral,"political, ghana, candidates, money, funding, parties, financing, resources",,,6031.0,,2026-09-09,15,Wednesday,6031.0,8,644.014,2026-09-09 22:30:30.312391+00:00
,Joy Online Ghana,Hill Tennis Club and Ghana Tennis Federation honor Professor Bannerman Richter,"Hill Tennis Club of Cape Coast has long stood as the premier club of tennis in Ghana, a place where passion for the sport was born, where generations meet on the court, and where community is woven into every serve and rally. At the 2026 Fetu Afahyɛ Festival Tennis Tournament, the Club, in proud collaboration [&#8230;]",,https://www.myjoyonline.com/hill-tennis-club-and-ghana-tennis-federation-honor-professor-bannerman-richter/,Kweku Lawrence,2026-09-09 15:23:49+00:00,2026-09-09T22:20:50.573968,General,0.1985,Positive,"tennis, ghana, professor, richter, tournament, federation, bannerman, coast",,,3177.0,,2026-09-09,15,Wednesday,3177.0,8,361.6700000000001,2026-09-09 22:30:30.312391+00:00
,Joy Online Ghana,"Google to invest $15.1bn in Finland AI infrastructure, strike nuclear power deal","Alphabet's Google will invest at least €13 billion ($15.1 billion) in AI ‌infrastructure in nippy Nordic country Finland over the next two years, its biggest European investment, including a major deal for the supply of nuclear power.",,https://www.myjoyonline.com/google-to-invest-15-1bn-in-finland-ai-infrastructure-strike-nuclear-power-deal/,Emmanuel Tetteh,2026-09-09 15:23:01+00:00,2026-09-09T22:20:50.577365,AI & Tech,0.09,Positive,"google, finland, energy, nuclear, billion, power, investment, electricity",,,3545.0,,2026-09-09,15,Wednesday,3545.0,8,396.3,2026-09-09 22:30:30.312391+00:00
,Joy Online Ghana,TUC supports CRC call to make Ghanaians custodians of their lands,The Trades Union Congress (TUC) has backed a recommendation by the Constitutional Review Committee (CRC) for Ghana’s lands to be vested in the people rather than the President.,,https://www.myjoyonline.com/tuc-supports-crc-call-to-make-ghanaians-custodians-of-their-lands/,Emma Ankrah,2026-09-09 15:21:18+00:00,2026-09-09T22:20:50.579609,Politics,0.0901,Positive,"lands, ghana, natural, resources, union, constitutional, recommendations, recommendation",,,1881.0,,2026-09-09,15,Wednesday,1881.0,8,229.90200000000002,2026-09-09 22:30:30.312391+00:00
,Jeune Afrique,Dialogue en RDC : pourquoi les Églises cherchent encore leur place,"Alors qu’ils ont été au cœur des discussions qui ont précédé l’annonce de ces futures assises, les religieux redoutent de n’avoir, au final, qu’un rôle marginal dans ce processus auquel l’opposition a d’ores et déjà refusé de prendre part.",,https://www.jeuneafrique.com/1841740/politique/dialogue-en-rdc-pourquoi-les-eglises-cherchent-encore-leur-place/,Romain Gras,2026-09-09 22:20:52.215969+00:00,2026-09-09T22:20:52.215969,General,0.0,Neutral,"dialogue, pourquoi, cherchent, encore, alors, discussions, annonce, futures",,,306.0,,2026-09-09,22,Wednesday,306.0,8,70.6,2026-09-09 22:30:30.312391+00:00
,Jeune Afrique,"Côte d’Ivoire : entre Simone Ehivet et Laurent Gbagbo, des retrouvailles très politiques","L’ancienne première dame a été reçue au siège du parti de son ex-époux, dont elle est séparée depuis plusieurs années, alors que leurs formations politiques espèrent s’entendre autour de propositions pour une réforme électorale en Côte d’Ivoire.",,https://www.jeuneafrique.com/1841133/politique/cote-divoire-entre-simone-ehivet-et-laurent-gbagbo-des-retrouvailles-tres-politiques/,Florence Richard,2026-09-09 22:20:52.216542+00:00,2026-09-09T22:20:52.216542,Health,0.0,Neutral,"ivoire, politiques, entre, simone, ehivet, laurent, gbagbo, retrouvailles",,,334.0,,2026-09-09,22,Wednesday,334.0,8,73.4,2026-09-09 22:30:30.312391+00:00
,Jeune Afrique,« Une introduction en Bourse pour le peuple » : la raffinerie Dangote espère séduire des millions de petits investisseurs,"La raffinerie Dangote entre en Bourse. Pour 35 centimes d’euro l’action, l’homme le plus riche d’Afrique invite chauffeurs et cuisiniers à devenir actionnaires de la plus grande raffinerie du continent.",,https://www.jeuneafrique.com/1841620/economie-entreprises/une-introduction-en-bourse-pour-le-peuple-la-raffinerie-dangote-espere-seduire-des-millions-de-petits-investisseurs/,‘Femi Asu,2026-09-09 22:20:52.217120+00:00,2026-09-09T22:20:52.217120,General,0.1,Positive,"raffinerie, bourse, dangote, introduction, peuple, millions, petits, investisseurs",dangote,,324.0,,2026-09-09,22,Wednesday,324.0,8,74.4,2026-09-09 22:30:30.312391+00:00
,Jeune Afrique,Sénégal : les trois mesures à retenir d’un discours très « FMI-compatible »,"Dans sa déclaration de politique générale, le Premier ministre Ahmadou Al Aminou Lô a dévoilé trois axes économiques : reprofilage de la dette, réforme des subventions et réduction des dépenses publiques.",,https://www.jeuneafrique.com/1841665/economie-entreprises/senegal-les-trois-mesures-a-retenir-dun-discours-tres-fmi-compatible/,Thaïs Brouck,2026-09-09 22:20:52.217622+00:00,2026-09-09T22:20:52.217622,General,0.0,Neutral,"trois, mesures, retenir, discours, compatible, politique, premier, ministre",,,280.0,,2026-09-09,22,Wednesday,280.0,8,68.0,2026-09-09 22:30:30.312391+00:00
,Jeune Afrique,Niger : nouvelles révélations sur la mutinerie et ses présumés meneurs,"Dix jours après la mutinerie ayant ébranlé la junte d’Abdourahamane Tiani, plusieurs officiers des Forces spéciales nigériennes sont dans le viseur des enquêteurs. Jeune Afrique révèle leurs identités et reconstitue le déroulé du coup de force.",,https://www.jeuneafrique.com/1841850/politique/niger-nouvelles-revelations-sur-la-mutinerie-et-ses-presumes-meneurs/,Jeune Afrique,2026-09-09 22:20:52.218098+00:00,2026-09-09T22:20:52.218098,Security & Conflict,0.0,Neutral,"mutinerie, niger, nouvelles, meneurs, jours, ayant, junte, abdourahamane",,,315.0,,2026-09-09,22,Wednesday,315.0,8,71.5,2026-09-09 22:30:30.312391+00:00
,Jeune Afrique,Sénégal : ce qu’il faut retenir de la déclaration de politique générale du Premier ministre Ahmadou Al Aminou Mohamed Lô,"Au terme d’un marathon face aux députés, la déclaration de politique générale (DPG) du successeur d’Ousmane Sonko aura confirmé, hier, les tiraillements entre le gouvernement et la majorité parlementaire Pastef.",,https://www.jeuneafrique.com/1841666/politique/senegal-ce-quil-faut-retenir-de-la-declaration-de-politique-generale-du-premier-ministre-ahmadou-al-aminou-mohamed-lo/,Mehdi Ba,2026-09-09 22:20:52.218604+00:00,2026-09-09T22:20:52.218604,General,0.0,Neutral,"politique, retenir, premier, ministre, ahmadou, aminou, mohamed, terme",,,332.0,,2026-09-09,22,Wednesday,332.0,8,73.2,2026-09-09 22:30:30.312391+00:00
,Jeune Afrique,"Tanezrouft, ce bagne du désert où Abdelmadjid Tebboune veut envoyer les narcotrafiquants algériens","Peine de mort pour les pyromanes, pénitencier du désert pour les narcotrafiquants : face aux faits divers récents, le président algérien durcit le ton et annonce des mesures répressives très sévères.",,https://www.jeuneafrique.com/1841196/politique/tanezrouft-ce-bagne-du-desert-ou-abdelmadjid-tebboune-veut-envoyer-les-narcotrafiquants-algeriens/,Arezki Said,2026-09-09 22:20:52.219054+00:00,2026-09-09T22:20:52.219054,General,0.0,Neutral,"narcotrafiquants, tanezrouft, bagne, abdelmadjid, tebboune, envoyer, peine, pyromanes",,,298.0,,2026-09-09,22,Wednesday,298.0,8,69.8,2026-09-09 22:30:30.312391+00:00
,Jeune Afrique,"Côte d’Ivoire : le métro, un game changer pour Abidjan ?","Cette fois, le train urbain de la capitale économique ivoirienne prend corps, avec la construction d’une première ligne de 37 kilomètres entre le sud et le nord de l’agglomération – depuis l’aéroport jusqu’à Anyama – qui doit être mise en service en 2029. Un chantier colossal de 1,7 milliard d’euros.",,https://www.jeuneafrique.com/1840733/economie-entreprises/cote-divoire-le-metro-un-game-changer-pour-abidjan/,Hadrien Degiorgi,2026-09-09 22:20:52.219701+00:00,2026-09-09T22:20:52.219701,General,-0.05,Negative,"ivoire, changer, abidjan, cette, train, urbain, capitale, ivoirienne",,,358.0,,2026-09-09,22,Wednesday,358.0,8,76.80000000000001,2026-09-09 22:30:30.312391+00:00
,Jeune Afrique,Cameroun : pourquoi l’opposant Maurice Kamto a quitté la présidence du MRC,"L’ancien candidat à la présidentielle a annoncé ce 8 septembre qu’il quittait ses fonctions de président du Mouvement pour la renaissance du Cameroun (MRC), évoquant « l’intérêt supérieur » du parti. Explications.",,https://www.jeuneafrique.com/1841493/politique/cameroun-pourquoi-lopposant-maurice-kamto-a-quitte-la-presidence-du-mrc/,Franck Foute,2026-09-09 22:20:52.220272+00:00,2026-09-09T22:20:52.220272,General,0.0,Neutral,"cameroun, pourquoi, opposant, maurice, kamto, ancien, candidat, septembre",,,288.0,,2026-09-09,22,Wednesday,288.0,8,68.8,2026-09-09 22:30:30.312391+00:00
,Jeune Afrique,"« Divisés, nous n’existons même pas » : quand Kadhafi plaidait pour les États-Unis d’Afrique","Après avoir échoué à faire l’unité arabe, le guide libyen s’est fait le chantre du panafricanisme. Le 9 septembre 1999, c’est à Syrte, chez lui, que les chefs d’État africains adoptent la déclaration qui pose les bases de la future Union africaine.",,https://www.jeuneafrique.com/207116/politique/le-virage-africain-de-kadhafi/,Jeune Afrique,2026-09-09 22:20:52.220904+00:00,2026-09-09T22:20:52.220904,General,0.0,Neutral,"existons, quand, kadhafi, plaidait, afrique, avoir, faire, arabe",,,341.0,,2026-09-09,22,Wednesday,341.0,8,74.1,2026-09-09 22:30:30.312391+00:00
,Africanews FR,Kenya : les autorités mettent en garde contre la propagation de la variole du singe,La maladie touche 40 des 47 comtés du pays depuis trois mois.,,http://fr.africanews.com/2026/09/09/kenya-les-autorites-alertent-sur-la-propagation-de-la-variole-du-singe/,editorial@africanews.com (Rédaction Africanews),2026-09-09 20:17:37+00:00,2026-09-09T22:20:52.630374,General,0.0,Neutral,"kenya, mettent, garde, contre, propagation, variole, singe, maladie",,,145.0,,2026-09-09,20,Wednesday,145.0,8,54.5,2026-09-09 22:30:30.312391+00:00
,Africanews FR,Mali : l'intelligence artificielle alimente la guerre de l'information,"Selon une étude, les belligérants font usage de la technologie dans leur campagne de communication dans le cadre du conflit qui déchire le pays.",,http://fr.africanews.com/2026/09/09/mali-lintelligence-artificielle-alimente-la-guerre-de-linformation/,editorial@africanews.com (Rédaction Africanews),2026-09-09 18:45:56+00:00,2026-09-09T22:20:52.630753,General,0.0,Neutral,"intelligence, artificielle, alimente, guerre, information, selon, usage, technologie",,,215.0,,2026-09-09,18,Wednesday,215.0,8,61.5,2026-09-09 22:30:30.312391+00:00
,Africanews FR,Libye : l'ONU salue l'accord politique signé fin août,"La feuille prévoit la tenue des élections dans un délai de 24 mois dans un pays en proie à l'instabilité depuis la fin du long règne de Mouammar Kadhafi, en 2011.",,http://fr.africanews.com/2026/09/09/libye-lonu-salue-laccord-politique-signe-fin-aout/,editorial@africanews.com (Rédaction Africanews),2026-09-09 17:54:21+00:00,2026-09-09T22:20:52.631204,General,-0.05,Neutral,"libye, salue, accord, politique, feuille, tenue, proie, depuis",,,216.0,,2026-09-09,17,Wednesday,216.0,8,62.6,2026-09-09 22:30:30.312391+00:00
,Africanews FR,"Au Kenya, un robot traduit la parole des enseignants en langue des signes","Au Kenya, une jeune start-up développe des mains et des bras robotiques capables de traduire en temps réel la parole en langue des signes. Déjà déployée dans 78 établissements, cette technologie entend réduire les difficultés d’accès à l’éducation, notamment dans les disciplines scientifiques.",,http://fr.africanews.com/2026/09/09/au-kenya-un-robot-traduit-la-parole-des-enseignants-en-langue-des-signes/,editorial@africanews.com (Rédaction Africanews),2026-09-09 16:56:33+00:00,2026-09-09T22:20:52.631706,General,0.0,Neutral,"kenya, parole, langue, signes, robot, traduit, enseignants, jeune",,,368.0,,2026-09-09,16,Wednesday,368.0,8,76.80000000000001,2026-09-09 22:30:30.312391+00:00
,Africanews FR,"Égypte, Grèce et Chypre appellent à appliquer la 2eme phase du plan Trump pour Gaza","L’Égypte, la Grèce et la République de Chypre ont appelé mercredi à la mise en œuvre de la deuxième phase du plan du président américain Donald Trump pour Gaza et à l’application des dispositions prévues par le Conseil de sécurité de l’ONU, lors d’un sommet tripartite à El-Alamein.",,http://fr.africanews.com/2026/09/09/egypte-grece-et-chypre-appellent-a-appliquer-la-2eme-phase-du-plan-trump-pour-gaza/,editorial@africanews.com (Rédaction Africanews),2026-09-09 14:58:05+00:00,2026-09-09T22:20:52.632315,General,0.0,Neutral,"chypre, phase, trump, appellent, appliquer, mercredi, donald, application",,,366.0,,2026-09-09,14,Wednesday,366.0,8,76.6,2026-09-09 22:30:30.312391+00:00
,Africanews FR,Madagascar : 50 chinois condamnés pour escroquerie en ligne renvoyés en Chine,Les autorités affirment que ces condamnés ne bénéficieront d'aucune clémence et devront purger leur peine.,,http://fr.africanews.com/2026/09/09/madagascar-50-chinois-condamnes-pour-escroquerie-en-ligne-renvoyes-en-chine/,editorial@africanews.com (Rédaction Africanews),2026-09-09 15:01:56+00:00,2026-09-09T22:20:52.632707,General,0.0,Neutral,"madagascar, chinois, escroquerie, ligne, chine, affirment, aucune, devront",,,184.0,,2026-09-09,15,Wednesday,184.0,8,58.400000000000006,2026-09-09 22:30:30.312391+00:00
,Africanews FR,L'Iran déclare avoir endommagé des navires de guerre américains,"L’Iran a annoncé avoir capturé un drone sous-marin américain à l’entrée du détroit d’Ormuz, et avoir endommagé deux navires de guerre américains et huit pétroliers dans le golfe Persique.",,http://fr.africanews.com/2026/09/09/liran-declare-avoir-endommage-des-navires-de-guerre-americains/,editorial@africanews.com (Rédaction Africanews),2026-09-09 14:01:26+00:00,2026-09-09T22:20:52.633142,General,0.0,Neutral,"avoir, navires, guerre, drone, marin, ormuz, golfe, persique",,,251.0,,2026-09-09,14,Wednesday,251.0,8,65.1,2026-09-09 22:30:30.312391+00:00
,Africanews FR,Égypte: les technologies de drones au cœur du Salon aéronautique d'Al-Alamein,"La deuxième édition du Salon international de l’aéronautique et de l’espace d’Al-Alamein se tient depuis mardi à l’aéroport de la ville. Les drones occupent une place importante sur le site de l’exposition, avec des appareils sans pilote chinois et égyptiens.",,http://fr.africanews.com/2026/09/09/egypte-les-technologies-de-drones-au-coeur-du-salon-aeronautique-dal-alamein/,editorial@africanews.com (Rédaction Africanews),2026-09-09 12:55:53+00:00,2026-09-09T22:20:52.633676,General,0.0,Neutral,"drones, salon, alamein, technologies, international, espace, tient, depuis",,,337.0,,2026-09-09,12,Wednesday,337.0,8,73.7,2026-09-09 22:30:30.312391+00:00
,Africanews FR,"Gambie : face à la colère, Barrow promet de répondre à la crise énergétique","Le président gambien Adama Barrow a promis mardi une amélioration de l’approvisionnement en électricité d’ici à la fin octobre, après plusieurs mois de coupures pouvant durer jusqu’à 48 heures et une nouvelle nuit de manifestations violentes à Banjul et dans ses environs.",,http://fr.africanews.com/2026/09/09/gambie-face-a-la-colere-barrow-promet-de-repondre-a-la-crise-energetique/,editorial@africanews.com (Rédaction Africanews),2026-09-09 12:40:23+00:00,2026-09-09T22:20:52.634229,Security & Conflict,0.0,Neutral,"barrow, gambie, promet, crise, gambien, adama, promis, mardi",,,348.0,,2026-09-09,12,Wednesday,348.0,8,74.80000000000001,2026-09-09 22:30:30.312391+00:00
,Africanews FR,Arrêt sur images du 9 septembre 2026 : 40 jours de grève pour les infirmiers kenyans,"Arrêt sur images du 9 septembre 2026 : au Kenya, la grève des infirmiers a atteint son 40e jour mardi alors que les médecins menacent désormais de rejoindre la mobilisation.",,http://fr.africanews.com/2026/09/09/arret-sur-images-du-9-septembre-2026-40-jours-de-greve-pour-les-infirmiers-kenyans/,editorial@africanews.com (Rédaction Africanews),2026-09-09 10:56:47+00:00,2026-09-09T22:20:52.634721,General,0.0,Neutral,"images, septembre, infirmiers, jours, kenyans, kenya, atteint, mardi",,,258.0,,2026-09-09,10,Wednesday,258.0,8,65.8,2026-09-09 22:30:30.312391+00:00
,Africanews FR,"Kenya : six semaines de grève, les infirmiers maintiennent la pression","Mardi, les médecins kényans ont menacé de se joindre à la grève des infirmiers, qui en est désormais à sa sixième semaine, invoquant une charge de travail accrue dans les hôpitaux qui doivent faire face aux conséquences de cette grève.",,http://fr.africanews.com/2026/09/09/kenya-six-semaines-de-greve-les-infirmiers-maintiennent-la-pression/,editorial@africanews.com (Ali Bamba),2026-09-09 11:02:43+00:00,2026-09-09T22:20:52.635153,General,0.0,Neutral,"infirmiers, kenya, semaines, maintiennent, pression, mardi, joindre, semaine",,,306.0,,2026-09-09,11,Wednesday,306.0,8,70.6,2026-09-09 22:30:30.312391+00:00
,Africanews FR,"Ballon d'Or 2026 : une liste dominée par le PSG, l'Afrique peu présente",Qui succédera à Ousmane Dembélé et Aitana Bonmatí pour remporter le Ballon d'Or 2026 ? La liste des nommés a été annoncée mardi par le magazine France Football.,,http://fr.africanews.com/2026/09/09/ballon-dor-2026-une-liste-dominee-par-le-psg-lafrique-peu-presente/,editorial@africanews.com (Rédaction Africanews),2026-09-09 10:16:39+00:00,2026-09-09T22:20:52.635580,General,0.0,Neutral,"ballon, liste, afrique, ousmane, aitana, remporter, mardi, magazine",,,232.0,,2026-09-09,10,Wednesday,232.0,8,63.2,2026-09-09 22:30:30.312391+00:00
,Africanews FR,Tunisie : mobilisation pour la libération du journaliste Mohamed Yousfi,"Des dizaines de journalistes ont manifesté mardi à Tunis pour dénoncer la détention provisoire de Mohamed Yousfi, rédacteur en chef du média indépendant Alqatiba, arrêté vendredi dans une affaire de criminalité financière que sa défense juge dépourvue de preuves.",,http://fr.africanews.com/2026/09/09/tunisie-mobilisation-pour-la-liberation-du-journaliste-mohamed-yousfi/,editorial@africanews.com (Rédaction Africanews),2026-09-09 09:36:55+00:00,2026-09-09T22:20:52.636000,General,0.0,Neutral,"mohamed, yousfi, tunisie, mobilisation, journaliste, dizaines, journalistes, mardi",,,335.0,,2026-09-09,9,Wednesday,335.0,8,73.5,2026-09-09 22:30:30.312391+00:00
,Africanews FR,Un incendie ravage 8 700 hectares sur le mont Kenya,"Un feu de forêt a ravagé environ 8 700 hectares de végétation sur le mont Kenya depuis que l'incendie a été signalé pour la première fois le 1er septembre, a déclaré le Mount Kenya Trust, une association de protection de l'environnement.",,http://fr.africanews.com/2026/09/09/un-incendie-ravage-8-700-hectares-sur-le-mont-kenya/,editorial@africanews.com (Ali Bamba),2026-09-09 09:42:54+00:00,2026-09-09T22:20:52.636511,General,0.0,Neutral,"kenya, incendie, hectares, ravage, environ, depuis, septembre, mount",,,289.0,,2026-09-09,9,Wednesday,289.0,8,68.9,2026-09-09 22:30:30.312391+00:00
,Africanews FR,Kenya : des Burundais prêts à partir après la répression des commerces étrangers,"Des centaines de Burundais vivant au Kenya se sont rendus en masse à leur ambassade à Nairobi, lundi, pour obtenir des documents de voyage afin de quitter le pays, quelques jours après que le président William Ruto a ordonné la fermeture des petits commerces tenus par des étrangers.",,http://fr.africanews.com/2026/09/09/kenya-des-burundais-prets-a-partir-apres-la-repression-des-commerces-etrangers/,editorial@africanews.com (Ali Bamba),2026-09-09 08:55:37+00:00,2026-09-09T22:20:52.636977,General,0.0,Neutral,"kenya, burundais, commerces, partir, centaines, vivant, rendus, masse",,Kenya Politics,364.0,,2026-09-09,8,Wednesday,364.0,8,76.4,2026-09-09 22:30:30.312391+00:00
,Africanews FR,MSF : 1 046 migrants secourus en une semaine sur la route des Canaries,"Plus de 1 000 personnes ont été secourues fin août au large de l’Afrique de l’Ouest alors qu’elles tentaient de rejoindre les îles Canaries à bord d’embarcations de fortune, selon Médecins Sans Frontières.",,http://fr.africanews.com/2026/09/09/msf-1-046-migrants-secourus-en-une-semaine-sur-la-route-des-canaries/,editorial@africanews.com (Rédaction Africanews),2026-09-09 08:14:38+00:00,2026-09-09T22:20:52.637535,General,0.2143,Positive,"canaries, migrants, secourus, semaine, route, personnes, secourues, afrique",,,276.0,,2026-09-09,8,Wednesday,276.0,8,71.886,2026-09-09 22:30:30.312391+00:00
,Africanews FR,Gambie : la colère gronde face aux coupures d’électricité à répétition,"En Gambie, la crise énergétique plonge des milliers d’habitants dans l’exaspération. Depuis plusieurs mois, les coupures d’électricité se multiplient et se sont encore aggravées récemment.",,http://fr.africanews.com/2026/09/09/gambie-la-colere-gronde-face-aux-coupures-delectricite-a-repetition/,editorial@africanews.com (Ali Bamba),2026-09-09 08:30:37+00:00,2026-09-09T22:20:52.638025,Security & Conflict,0.0,Neutral,"gambie, coupures, gronde, crise, plonge, milliers, habitants, depuis",,,259.0,,2026-09-09,8,Wednesday,259.0,8,65.9,2026-09-09 22:30:30.312391+00:00
,Africanews FR,Sénégal : le FMI au cœur d'un bras de fer politique à l'Assemblée,"Une semaine après la signature d'un accord de 2,2 milliards de dollars avec le FMI, le Premier ministre sénégalais a défendu ce partenariat comme un passage obligé pour redresser les finances publiques. Un discours vivement attaqué par une partie du Pastef.",,http://fr.africanews.com/2026/09/09/senegal-le-fmi-au-coeur-dun-bras-de-fer-politique-a-lassemblee/,editorial@africanews.com (Ali Bamba),2026-09-09 07:33:58+00:00,2026-09-09T22:20:52.638504,Business,0.0,Neutral,"politique, semaine, signature, accord, milliards, dollars, premier, ministre",,,323.0,,2026-09-09,7,Wednesday,323.0,8,72.30000000000001,2026-09-09 22:30:30.312391+00:00
,Africanews FR,Kenya : les étrangers sommés de régulariser leur situation en 90 jours,"Des centaines de Burundais se sont rassemblés lundi devant leur ambassade à Nairobi, dans un climat d'inquiétude, après la décision du gouvernement kényan d'imposer un délai de 90 jours aux ressortissants étrangers pour mettre à jour leurs documents administratifs.",,http://fr.africanews.com/2026/09/09/kenya-les-etrangers-sommes-de-regulariser-leur-situation-en-90-jours/,editorial@africanews.com (Ali Bamba),2026-09-09 07:45:44+00:00,2026-09-09T22:20:52.638986,General,0.0,Neutral,"jours, kenya, situation, centaines, burundais, lundi, devant, ambassade",,,336.0,,2026-09-09,7,Wednesday,336.0,8,73.6,2026-09-09 22:30:30.312391+00:00
,Africanews FR,Afrique du Sud : Ndodana Tshuma plaide coupable pour possession d'armes à feu,"Devant un tribunal de Johannesburg, Ndodana Tshuma a reconnu sa culpabilité pour possession illégale d’une arme à feu et de munitions.",,http://fr.africanews.com/2026/09/08/afrique-du-sud-ndodana-tshuma-plaide-coupable-pour-possession-darmes-a-feu/,editorial@africanews.com (Rédaction Africanews),2026-09-09 07:51:35+00:00,2026-09-09T22:20:52.639390,Security & Conflict,0.0,Neutral,"ndodana, tshuma, possession, afrique, plaide, coupable, armes, devant",,,212.0,,2026-09-09,7,Wednesday,212.0,8,61.2,2026-09-09 22:30:30.312391+00:00
,Africanews FR,Le Népal commémore le premier anniversaire du soulèvement de la Gen Z,"Le Népal commémore mardi le premier anniversaire du soulèvement de la Gen Z, un mouvement de contestation qui avait provoqué la chute du gouvernement de l’ancien Premier ministre K.P. Sharma Oli.",,http://fr.africanews.com/2026/09/08/le-nepal-commemore-le-premier-anniversaire-du-soulevement-de-la-genz/,editorial@africanews.com (Laetitia Lago Dregnounou),2026-09-09 08:41:23+00:00,2026-09-09T22:20:52.640401,General,0.0,Neutral,"premier, anniversaire, mardi, mouvement, contestation, avait, chute, gouvernement",,,265.0,,2026-09-09,8,Wednesday,265.0,8,66.5,2026-09-09 22:30:30.312391+00:00
,Africanews FR,RDC : les Pygmées de Béni survivent loin de leurs terres ancestrales [Africanews Today],"Contraint d'abandonner la forêt du Nord-Kivu, son milieu de vie naturel, le peuple autochtone pygmée tente de se réinventer.",,http://fr.africanews.com/2026/09/07/rdc-les-pygmees-de-beni-survivent-loin-de-leurs-terres-ancestrales-africanews-today/,editorial@africanews.com (Ali Bamba),2026-09-09 12:58:34+00:00,2026-09-09T22:20:52.648009,General,0.0,Neutral,"survivent, leurs, terres, ancestrales, africanews, today, contraint, abandonner",,,212.0,,2026-09-09,12,Wednesday,212.0,8,61.2,2026-09-09 22:30:30.312391+00:00
,RFI Afrique,Moscou annonce l'ouverture de nouvelles Maisons russes dans huit pays d'Afrique,La Russie étend encore son influence en Afrique. L'agence chargée des centres culturels russes dans le monde a annoncé la signature d'un accord de partenariat avec des organisations locales déjà installées sur le continent. Huit pays africains sont concernés et verront l'ouverture de Maisons russes.,,https://www.rfi.fr/fr/afrique/20260909-moscou-annonce-l-ouverture-de-nouvelles-maisons-russes-dans-huit-pays-d-afrique,RFI,2026-09-09 22:20:53.064373+00:00,2026-09-09T22:20:53.064373,General,0.0,Neutral,"russes, ouverture, maisons, afrique, moscou, annonce, nouvelles, russie",,,380.0,,2026-09-09,22,Wednesday,380.0,8,78.0,2026-09-09 22:30:30.312391+00:00
,RFI Afrique,Cameroun: la classe politique réagit après la démission de Maurice Kamto,"La démission mardi 8 septembre de Maurice Kamto de la présidence du Mouvement pour la renaissance du Cameroun (MRC), concomitamment avec celle de son premier vice-président Mamadou Mota, fait toujours autant parler au Cameroun. Le parti est perçu par beaucoup comme le principal parti de l'opposition. Cette démission est abondamment commentée tant en interne au sein du MRC que dans le reste de la classe politique.",,https://www.rfi.fr/fr/afrique/20260909-cameroun-d%C3%A9mission-de-maurice-kamto-classe-politique-reagit,RFI,2026-09-09 22:20:53.065029+00:00,2026-09-09T22:20:53.065029,Security & Conflict,0.0,Neutral,"cameroun, classe, politique, maurice, kamto, parti, mardi, septembre",,,489.0,,2026-09-09,22,Wednesday,489.0,8,88.9,2026-09-09 22:30:30.312391+00:00
,RFI Afrique,Tchad: Abdoulaye Miskine condamné à 15 ans de prison ferme,"Le verdict est tombé dans le procès d'Abdoulaye Miskine : l'ancien chef de guerre est condamné à 15 ans de prison ferme. Ses trois coaccusés écopent, eux, de 10 ans et tous sont également condamnés à payer solidairement 30 millions de francs CFA à chacune des parties civiles.",,https://www.rfi.fr/fr/afrique/20260909-tchad-abdoulaye-miskine-condamn%C3%A9-%C3%A0-15-ans-de-prison-ferme,RFI,2026-09-09 22:20:53.065613+00:00,2026-09-09T22:20:53.065613,General,0.0,Neutral,"abdoulaye, miskine, prison, ferme, tchad, verdict, ancien, guerre",,,335.0,,2026-09-09,22,Wednesday,335.0,8,73.5,2026-09-09 22:30:30.312391+00:00
,RFI Afrique,Recherche spatiale: le Rwanda a déjà affiché ses ambitions,"Le premier sommet international sur l’espace qui se tient au Grand Palais de Paris ces 9 et 10 septembre rassemble l’ensemble des acteurs du secteur pour discuter des enjeux sécuritaires, économiques et de régulation dans l’industrie et la recherche spatiale. De nombreuses délégations africaines et certains chefs d’État, dont le président rwandais, y sont attendus. Depuis la création de l’agence spatiale rwandaise en 2020, Kigali affiche ses ambitions. L’année dernière, à Rwamagana, le Rwanda in",,https://www.rfi.fr/fr/afrique/20260909-recherche-spatiale-le-rwanda-a-d%C3%A9j%C3%A0-affich%C3%A9-ses-ambitions,RFI,2026-09-09 22:20:53.066394+00:00,2026-09-09T22:20:53.066394,General,0.25,Positive,"spatiale, recherche, rwanda, ambitions, premier, sommet, international, espace",,,590.0,,2026-09-09,22,Wednesday,590.0,8,104.0,2026-09-09 22:30:30.312391+00:00
,RFI Afrique,Incendies à Kinshasa: des camions irrécupérables et une centaine de pompiers privés d’engins,"À Kinshasa, les incendies survenus ces derniers jours ont remis en lumière l’extrême faiblesse du dispositif municipal. Selon plusieurs sources à l’Hôtel de ville, la capitale ne possède que deux camions anti-incendie. Vétustes et en panne, ils seraient jugés irrécupérables par les mécaniciens. Dans l’attente de nouveaux véhicules, la ville délègue une partie du service à des opérateurs privés.",,https://www.rfi.fr/fr/afrique/20260909-incendies-kinshasa-des-camions-irr%C3%A9cup%C3%A9rables-pompiers-priv%C3%A9s-d-engins-operateurs-prives,Patient Ligodi,2026-09-09 22:20:53.067124+00:00,2026-09-09T22:20:53.067124,General,0.0,Neutral,"incendies, kinshasa, camions, ville, centaine, pompiers, engins, survenus",,,490.0,,2026-09-09,22,Wednesday,490.0,8,89.0,2026-09-09 22:30:30.312391+00:00
,RFI Afrique,Transition énergétique: la facture de l'après-pétrole sera lourde pour les pétro-États,"La sortie mondiale du pétrole pourrait entraîner des conflits, des migrations et des bouleversements économiques selon une étude du groupe de réflexion E3G publiée mardi 8 septembre. L’utilisation du pétrole est en déclin dans de nombreux pays, avec la croissance des énergies renouvelables, et les effets de la guerre en Iran qui a limité l’offre et fait flamber les prix. Et cette stagnation va obliger les producteurs à rechercher un bassin d’acheteurs en déclin. Des pays comme le Nigeria, l’Iran",,https://www.rfi.fr/fr/environnement/20260909-transition-%C3%A9nerg%C3%A9tique-facture-apr%C3%A8s-p%C3%A9trole-sera-lourde-pour-les-p%C3%A9tro-%C3%A9tats-analyse-e3g,RFI,2026-09-09 22:20:53.068080+00:00,2026-09-09T22:20:53.068080,Business,0.0,Neutral,"transition, facture, lourde, sortie, mondiale, pourrait, conflits, migrations",,,834.0,,2026-09-09,22,Wednesday,834.0,8,123.4,2026-09-09 22:30:30.312391+00:00
,RFI Afrique,"Au Sénégal, une déclaration de politique générale maîtrisée par le Premier ministre","Pendant 2h30, le chef du gouvernement sénégalai, Ahmadou Al Aminou Lô a défendu mardi 8 septembre l’accord pour un prêt conclu avec le FMI la semaine passée pour gérer la dette colossale du pays. Il promet aussi la continuité avec son prédécesseur Ousmane Sonko, aujourd’hui à la tête de l’Assemblée nationale. Comment ce grand oral est-il perçu au lendemain ?",,https://www.rfi.fr/fr/afrique/20260909-s%C3%A9n%C3%A9gal-le-premier-ministre-convainc-avec-sa-d%C3%A9claration-de-politique-g%C3%A9n%C3%A9rale,RFI,2026-09-09 22:20:53.068830+00:00,2026-09-09T22:20:53.068830,General,0.5,Positive,"politique, premier, ministre, pendant, gouvernement, ahmadou, aminou, mardi",,,444.0,,2026-09-09,22,Wednesday,444.0,8,94.4,2026-09-09 22:30:30.312391+00:00
,RFI Afrique,Cameroun: l'opposant du MRC «Maurice Kamto a l’habitude de partir un jour» du MRC «pour revenir le lendemain»,"Au Cameroun, l'opposant Maurice Kamto a annoncé mardi 8 septembre sa démission de la présidence du Mouvement pour la renaissance du Cameroun (MRC), mettant en avant « l'intérêt supérieur du parti ». Le vice-président du parti Mamadou Mota a annoncé lui aussi dans la foulée sa démission. Selon Stéphane Akoa, analyste politique à la fondation Paul Ango Ela et l’invité d’Afrique midi, Maurice Kamto « a préféré se retirer » pour éviter « que le parti soit disqualifié des prochaines élections ».",,https://www.rfi.fr/fr/podcasts/invit%C3%A9-afrique-midi/20260909-cameroun-l-opposant-du-mrc-maurice-kamto-a-l-habitude-de-partir-un-jour-pour-revenir-le-lendemain,Nicolas Sur,2026-09-09 22:20:53.069676+00:00,2026-09-09T22:20:53.069676,General,0.0,Neutral,"cameroun, maurice, kamto, parti, opposant, habitude, partir, revenir",,,605.0,,2026-09-09,22,Wednesday,605.0,8,100.5,2026-09-09 22:30:30.312391+00:00
,RFI Afrique,Nigeria: le convoi de l'opposant Peter Obi attaqué à Benue,"Au Nigeria, la campagne en vue des élections générales de janvier 2027 a débuté il y a quelques semaines, et le spectre des violences politiques plane déjà. Ce mardi 8 septembre, le candidat d'opposition Peter Obi, arrivé troisième lors de la présidentielle de 2023, a été empêché de visiter un camp de déplacés internes dans la région de Benue par des jeunes qui avaient bloqué la route. Le gouverneur, qui dément être derrière cette action, a reproché au candidat du parti NDC de ne pas avoir « res",,https://www.rfi.fr/fr/afrique/20260909-nigeria-le-convoi-de-l-opposant-peter-obi-attaqu%C3%A9-%C3%A0-benue,RFI,2026-09-09 22:20:53.070513+00:00,2026-09-09T22:20:53.070513,General,0.1,Positive,"nigeria, peter, benue, candidat, avoir, convoi, opposant, campagne",,,622.0,,2026-09-09,22,Wednesday,622.0,8,104.2,2026-09-09 22:30:30.312391+00:00
,RFI Afrique,Madagascar: l’épouse du colonel Patrick Rakotomamonjy dénonce ses conditions de détention,"À Madagascar, il a un temps été l'un des visages de la contestation contre l'ancien régime. Depuis le 16 avril, le colonel Patrick Rakotomamonjy est détenu dans la prison de haute sécurité de Tsiafahy. Il est poursuivi pour tentative d'assassinat visant le président du mouvement Refondation, Michaël Randrianirina, et projet de coup d'État. Depuis fin août, une nouvelle polémique agite ce dossier, celle de ses conditions de détention.",,https://www.rfi.fr/fr/afrique/20260909-madagascar-l-%C3%A9pouse-du-colonel-patrick-rakotomamonjy-d%C3%A9nonce-ses-conditions-de-d%C3%A9tention,RFI,2026-09-09 22:20:53.071242+00:00,2026-09-09T22:20:53.071242,Security & Conflict,0.0,Neutral,"madagascar, colonel, patrick, rakotomamonjy, conditions, depuis, temps, visages",,,527.0,,2026-09-09,22,Wednesday,527.0,8,92.7,2026-09-09 22:30:30.312391+00:00
,RFI Afrique,Est de la RDC: les combats atteignent des zones où l’aide était déjà très insuffisante,"Dans l’est de la République démocratique du Congo (RDC), les combats aggravent une crise humanitaire déjà considérable. Du sud-ouest de Masisi aux hauts plateaux de Fizi, les affrontements se déroulent dans des zones marquées par d’importants déplacements. Dans une communication diffusée dans la nuit, le mouvement AFC/M23 accuse l’armée d’avoir bombardé Minembwe. Les FARDC affirment, eux, conserver Mulima et avoir repris plusieurs positions dans ce secteur. Ces affirmations contradictoires ne so",,https://www.rfi.fr/fr/afrique/20260909-est-de-la-rdc-les-combats-atteignent-des-zones-o%C3%B9-l-aide-%C3%A9tait-d%C3%A9j%C3%A0-tr%C3%A8s-insuffisante,RFI,2026-09-09 22:20:53.072100+00:00,2026-09-09T22:20:53.072100,General,0.0,Neutral,"combats, zones, avoir, atteignent, insuffisante, congo, aggravent, crise",,,723.0,,2026-09-09,22,Wednesday,723.0,8,112.3,2026-09-09 22:30:30.312391+00:00
,RFI Afrique,Nouvelles technologies: un sommet Corée du Sud-Afrique largement consacré à l'IA,"En Corée du Sud, les délégations de 54 pays africains sont réunies à Séoul pour le sommet Koafec, une rencontre économique entre la Corée du Sud et le continent africain. Du 9 au 11 septembre, les représentants coréens et africains vont s'entretenir sur des projets de développement commun, notamment en matière de haute technologies et d'intelligence artificielle. Une rencontre qui a débuté ce mercredi matin.",,https://www.rfi.fr/fr/afrique/20260909-nouvelles-technologies-un-sommet-cor%C3%A9e-du-sud-afrique-largement-consacr%C3%A9-%C3%A0-l-ia,RFI,2026-09-09 22:20:53.072807+00:00,2026-09-09T22:20:53.072807,General,0.0,Neutral,"technologies, sommet, africains, rencontre, nouvelles, afrique, largement, koafec",,,492.0,,2026-09-09,22,Wednesday,492.0,8,89.2,2026-09-09 22:30:30.312391+00:00
,RFI Afrique,"Tunisie: rassemblement de soutien au journaliste Mohamed Yousfi, du média d'investigation Al Qatiba","En Tunisie, les journalistes se sont mobilisés pour leur confrère Mohamed Yousfi interrogé hier, mardi, par le pôle judiciaire économique et financier pour soupçons de blanchiment d'argent. Il a été arrêté et placé en garde à vue vendredi 4 septembre alors qu'il s'apprêtait à donner une interview radio sur les problèmes hydriques du pays. À l'issue de l'interrogatoire qui a été interrompu par un malaise du journaliste, le juge d'instruction a émis un mandat de dépôt à son encontre.",,https://www.rfi.fr/fr/afrique/20260909-tunisie-rassemblement-soutien-au-journaliste-mohamed-yousfi-du-m%C3%A9dia-d-investigation-al-qatiba,RFI,2026-09-09 22:20:53.073511+00:00,2026-09-09T22:20:53.073511,General,0.0,Neutral,"tunisie, journaliste, mohamed, yousfi, rassemblement, soutien, investigation, qatiba",,,586.0,,2026-09-09,22,Wednesday,586.0,8,98.6,2026-09-09 22:30:30.312391+00:00
,RFI Afrique,Libye: le local de l'Office international des Migrations à Tripoli saccagé par des protestataires,"La Mission d'appui des Nations unies en Libye (Manul) a condamné ce mardi 8 septembre l'irruption de personnes dans les locaux de l'une de ses agences à Tripoli, où se trouvaient des migrants, dénonçant « un acte d'extrême violence ». Plusieurs manifestations ont eu lieu devant ce bâtiment ces derniers mois.",,https://www.rfi.fr/fr/afrique/20260909-libye-local-omi-office-international-migrations-%C3%A0-tripoli-saccag%C3%A9-protestataires-tensions-migrants,RFI,2026-09-09 22:20:53.074157+00:00,2026-09-09T22:20:53.074157,Business,0.0,Neutral,"libye, tripoli, local, office, international, migrations, protestataires, mission",,,407.0,,2026-09-09,22,Wednesday,407.0,8,80.7,2026-09-09 22:30:30.312391+00:00
,RFI Afrique,Mali: le Timbuktu Institute analyse l'intégration de l'intelligence artificielle dans la guerre informationnelle,"« Des algorithmes en guerre », c'est le nom de l'étude publiée ce mercredi 9 septembre 2026 par le Timbuktu Institute, un centre de recherches basé à Dakar et qui s'est intéressé à l'utilisation de l'intelligence artificielle générative dans le conflit malien. Les jihadistes du Jnim, liés à al-Qaïda, leurs alliés indépendantistes du FLA, les autorités maliennes de transition, leurs partenaires russes de l'Africa Corps, et tous leurs soutiens respectifs utilisent désormais l'intelligence artifici",,https://www.rfi.fr/fr/afrique/20260908-mali-le-timbuktu-institute-analyse-l-int%C3%A9gration-de-l-intelligence-artificielle-dans-la-guerre-informationnelle,David Baché,2026-09-09 22:20:53.074889+00:00,2026-09-09T22:20:53.074889,General,0.0,Neutral,"intelligence, artificielle, leurs, timbuktu, institute, guerre, analyse, informationnelle",,,666.0,,2026-09-09,22,Wednesday,666.0,8,106.60000000000001,2026-09-09 22:30:30.312391+00:00
,RFI Afrique,À la Une: des affaires de gros sous,Summary unavailable,,https://www.rfi.fr/fr/podcasts/revue-de-presse-afrique/20260909-%C3%A0-la-une-des-affaires-de-gros-sous,Frédéric Couteau,2026-09-09 22:20:53.075931+00:00,2026-09-09T22:20:53.075931,General,0.0,Neutral,affaires,,,35.0,,2026-09-09,22,Wednesday,35.0,1,8.5,2026-09-09 22:30:30.312391+00:00
,RFI Afrique,"Est de la RDC: au Nord-Kivu, l'AFC/M23 accentue la pression près des territoires de Masisi et Walikale","Au Nord-Kivu, dans l'est de la RDC, l'AFC/M23 accentue sa pression sur plusieurs axes entre Masisi et Walikale. Au Sud-Kivu, l’armée tente de reprendre des positions dans les hauts plateaux, où le mécanisme de vérification du cessez-le-feu vient pourtant d’effectuer sa première mission. RFI fait le point sur les principaux fronts et sur les dynamiques en cours.",,https://www.rfi.fr/fr/afrique/20260908-est-de-la-rdc-au-nord-kivu-l-afc-m23-accentue-la-pression-pr%C3%A8s-des-territoires-de-masisi-et-walikale,RFI,2026-09-09 22:20:53.078120+00:00,2026-09-09T22:20:53.078120,General,0.0,Neutral,"accentue, pression, masisi, walikale, territoires, plusieurs, entre, tente",,,466.0,,2026-09-09,22,Wednesday,466.0,8,86.6,2026-09-09 22:30:30.312391+00:00
,RFI Afrique,Mauritanie: 17 personnes arrêtées dans une affaire de trafic d'armes près de la frontière malienne,"Vendredi 4 septembre, les autorités mauritaniennes ont arrêté 17 personnes et ont récupéré deux véhicules qui contenaient des armes à Bassiknou, dans la région du Hodh Ech Chargui, frontalière avec le Mali. Une figure bien connue du groupe jihadiste malien Ansar Dine, aujourd'hui intégré au Jnim, fait partie des personnes interpellées. L'ensemble des suspects a été transféré à Néma pour y être interrogé dans le cadre de l'enquête en cours.",,https://www.rfi.fr/fr/afrique/20260909-mauritanie-17-personnes-arr%C3%AAt%C3%A9es-dans-une-affaire-de-trafic-d-armes-pr%C3%A8s-de-la-fronti%C3%A8re-malienne,RFI,2026-09-09 22:20:53.078796+00:00,2026-09-09T22:20:53.078796,General,0.0,Neutral,"personnes, armes, mauritanie, affaire, trafic, malienne, vendredi, septembre",,,542.0,,2026-09-09,22,Wednesday,542.0,8,94.2,2026-09-09 22:30:30.312391+00:00
,RFI Afrique,RDC: la baisse de la demande pèse sur les prix du cobalt congolais,"Après les restrictions successives à l'exportation mises en place par la République démocratique du Congo (RDC), il y a un an et demi, la courbe des prix du cobalt s'inverse. L'hydroxyde de cobalt, la matière première exportée de RDC, a baissé de près de 27 % alors même que la RDC contrôle toujours les volumes d'exportation via des quotas.",,https://www.rfi.fr/fr/podcasts/chronique-des-mati%C3%A8res-premi%C3%A8res/20260908-la-baisse-de-la-demande-p%C3%A8se-sur-les-prix-du-cobalt-congolais,Marie-Pierre Olphand,2026-09-09 22:20:53.080128+00:00,2026-09-09T22:20:53.080128,General,0.0,Neutral,"cobalt, exportation, baisse, demande, congolais, restrictions, successives, mises",,,408.0,,2026-09-09,22,Wednesday,408.0,8,80.80000000000001,2026-09-09 22:30:30.312391+00:00
,Le Monde Afrique,"Au Kenya, des enfants cachés de soldats britanniques en quête de leur père : « Je demandais à ma mère où était le mien »","Des dizaines d’enfants et leurs mères se sont lancés dans la recherche de leurs pères britanniques, passés par Nanyuki, dans le centre du Kenya, où l’armée du Royaume-Uni conserve une base militaire. Un projet, mêlant test ADN et processus juridique, a permis à certains d’entre eux de retrouver leur géniteur.",,https://www.lemonde.fr/afrique/article/2026/09/09/au-kenya-des-enfants-caches-de-soldats-britanniques-en-quete-de-leur-pere-je-demandais-a-ma-mere-ou-etait-le-mien_6768935_3212.html,Unknown,2026-09-09 16:00:08+00:00,2026-09-09T22:20:53.614226,General,-0.8,Negative,"kenya, enfants, britanniques, leurs, soldats, demandais, dizaines, recherche",,,625.0,,2026-09-09,16,Wednesday,625.0,8,118.5,2026-09-09 22:30:30.312391+00:00
,Le Monde Afrique,"Après l’afflux de migrants à Ceuta, l’UE accorde 115 millions d’euros à l’Espagne pour renforcer sa frontière",L’aide européenne permettra à l’Espagne d’investir dans de nouveaux équipements de surveillance et de renforcer la présence de ses agents à la frontière de Ceuta.,,https://www.lemonde.fr/international/article/2026/09/09/apres-l-afflux-de-migrants-a-ceuta-l-ue-accorde-115-millions-d-euros-a-l-espagne-pour-renforcer-sa-frontiere_6768922_3210.html,Unknown,2026-09-09 14:45:35+00:00,2026-09-09T22:20:53.615008,General,0.0,Neutral,"ceuta, espagne, renforcer, afflux, migrants, accorde, millions, euros",,,350.0,,2026-09-09,14,Wednesday,350.0,8,75.0,2026-09-09 22:30:30.312391+00:00
,Le Monde Afrique,L’Arabie saoudite une nouvelle fois rattrapée par la guerre au Yémen,"Le royaume a subi, mardi, la pire attaque houthiste sur son sol depuis des années alors que la guerre reprend sur différents fronts de l’autre côté de la frontière.",,https://www.lemonde.fr/international/article/2026/09/09/l-arabie-saoudite-une-nouvelle-fois-rattrapee-par-la-guerre-au-yemen_6768874_3210.html,Unknown,2026-09-09 09:30:02+00:00,2026-09-09T22:20:53.615606,General,0.0,Neutral,"arabie, saoudite, guerre, nouvelle, royaume, mardi, attaque, houthiste",,,386.0,,2026-09-09,9,Wednesday,386.0,8,78.6,2026-09-09 22:30:30.312391+00:00
,Le Monde Afrique,"Dans la ville espagnole de Ceuta, une rentrée scolaire sous tension après la crise migratoire","La ville autonome espagnole d’Afrique du Nord reste marquée par l’afflux de migrants, fin juillet. Certains parents ont préféré ne pas envoyer leurs enfants à l’école pour la reprise, mardi 8 septembre.",,https://www.lemonde.fr/international/article/2026/09/09/dans-la-ville-espagnole-de-ceuta-une-rentree-scolaire-sous-tension-apres-la-crise-migratoire_6768867_3210.html,Unknown,2026-09-09 09:00:19+00:00,2026-09-09T22:20:53.616258,General,0.0,Neutral,"ville, espagnole, ceuta, scolaire, septembre, tension, crise, migratoire",,,389.0,,2026-09-09,9,Wednesday,389.0,8,78.9,2026-09-09 22:30:30.312391+00:00
,Le Monde Afrique,Le romancier Kamel Daoud relaxé dans un procès en diffamation,"Poursuivi par Saâda Arbane, après une interview publiée dans « Le Figaro », Kamel Daoud a été relaxé mardi par le tribunal correctionnel de Paris. D’autres procédures judiciaires, pour atteintes à la vie privée cette fois, sont encore en cours.",,https://www.lemonde.fr/societe/article/2026/09/08/le-romancier-kamel-daoud-relaxe-dans-un-proces-en-diffamation_6768422_3224.html,Unknown,2026-09-08 16:36:03+00:00,2026-09-09T22:20:53.618247,General,0.0,Neutral,"kamel, daoud, paris, romancier, diffamation, poursuivi, arbane, interview",,,382.0,,2026-09-08,16,Tuesday,382.0,8,78.2,2026-09-09 22:30:30.312391+00:00
,Le Monde Afrique,"« On subit un abandon, et on se retrouve encore seul à devoir trouver les réponses » : le parcours solitaire des jeunes adoptés","Pour les personnes adoptées, la quête des origines est un cheminement intime qui prend une dimension particulière à l’âge adulte. Face au vide identitaire, beaucoup entament un travail de reconstruction, passant par la thérapie, le soutien de pairs ou la réappropriation d’une culture d’origine oubliée.",,https://www.lemonde.fr/campus/article/2026/09/06/on-subit-un-abandon-et-on-se-retrouve-encore-seul-a-devoir-trouver-les-reponses-le-parcours-solitaire-des-jeunes-adoptes_6766816_4401467.html,Unknown,2026-09-06 04:00:12+00:00,2026-09-09T22:20:53.625089,Security & Conflict,0.0,Neutral,"subit, abandon, retrouve, encore, devoir, trouver, parcours, solitaire",,,431.0,,2026-09-06,4,Sunday,431.0,8,83.1,2026-09-09 22:30:30.312391+00:00
,SA News Gov,Employment and Labour intensifies workplace inspections in Mpumalanga,"Employment and Labour intensifies workplace inspections in Mpumalanga The Department of Employment and Labour in Mpumalanga is intensifying its efforts to promote compliance with labour legislation through a province-wide Blitz Inspection Campaign across the three district municipalities; Nkangala, Gert Sibande and Ehlanzeni.&nbsp; The campaign is taking place from 07 to 11 September 2026.The inspections are being conducted by teams of Basic Conditions of Employment Act (BCEA) and Occupational H",,https://www.sanews.gov.za/south-africa/employment-and-labour-intensifies-workplace-inspections-mpumalanga,DikelediM,2026-09-09 13:36:12+00:00,2026-09-09T22:21:00.331735,Health,0.2302,Positive,"employment, labour, workplace, inspections, department, compliance, employers, health",,,2657.0,,2026-09-09,13,Wednesday,2657.0,8,310.304,2026-09-09 22:30:30.312391+00:00
,SA News Gov,Disaster management monitors NW storm damage to fast-track relief,"Disaster management monitors NW storm damage to fast-track relief The North West Provincial Disaster Management Centre (PDMC) continues to monitor the situation across the province to fast-track reconstruction, relief and rehabilitation efforts following severe weather that caused widespread damage over the past weekend. In an update report issued on Wednesday, the PDMC said it had embarked on a risk and vulnerability assessment to determine the extent and severity of damage caused by strong win",,https://www.sanews.gov.za/south-africa/disaster-management-monitors-nw-storm-damage-fast-track-relief,GabiK,2026-09-09 13:33:59+00:00,2026-09-09T22:21:00.335127,Health,0.0521,Positive,"affected, gaolaolwe, disaster, damage, management, following, weather, district",,,3775.0,,2026-09-09,13,Wednesday,3775.0,8,418.542,2026-09-09 22:30:30.312391+00:00
,SA News Gov,President Ramaphosa to attend BRICS 2026,"President Ramaphosa to attend BRICS 2026 President Cyril Ramaphosa will attend the 18th BRICS Summit, which will be held in New Delhi, India, over the weekend under India’s chairship theme: Building for Resilience, Innovation, Cooperation and Security. President Ramaphosa will be accompanied by the Ministers of International Relations and Cooperation, Ronald Lamola; Minister in The Presidency Khumbudzo Ntshavheni, and Deputy Minister of Trade, Industry and Competition, Zuko Godlimpi. “The gather",,https://www.sanews.gov.za/south-africa/president-ramaphosa-attend-brics-2026,NeoB,2026-09-09 12:19:25+00:00,2026-09-09T22:21:00.338218,Politics,0.0778,Positive,"brics, cooperation, president, ramaphosa, trade, development, investment, south",,,3024.0,,2026-09-09,12,Wednesday,3024.0,8,343.956,2026-09-09 22:30:30.312391+00:00
,SA News Gov,Mohai urges collaboration to unlock SAFCOL’s potential,"Mohai urges collaboration to unlock SAFCOL’s potential Deputy Minister in the Presidency for Planning, Monitoring and Evaluation, Seiso Mohai, has called for stronger collaboration between government, business and civil society to unlock the full developmental potential of the South African Forestry Company SOC Limited (SAFCOL) and strengthen its contribution to inclusive economic growth. Mohai made the call during an oversight monitoring visit to SAFCOL in Mpumalanga on Tuesday, 8 September 202",,https://www.sanews.gov.za/south-africa/mohai-urges-collaboration-unlock-safcols-potential,GabiK,2026-09-09 11:05:43+00:00,2026-09-09T22:21:00.341425,Politics,0.1328,Positive,"safcol, mohai, potential, government, development, oversight, visit, unlock",,,3681.0,,2026-09-09,11,Wednesday,3681.0,8,410.75600000000003,2026-09-09 22:30:30.312391+00:00
,SA News Gov,"Western Cape govt, Mossel Bay agree on interim Diaz Beach measures","Western Cape govt, Mossel Bay agree on interim Diaz Beach measures The Western Cape Government and Mossel Bay Municipality have agreed on interim emergency measures to address the serious and ongoing coastal erosion risks at Diaz Beach. In a statement issued by the Department of Environmental Affairs and Development Planning, the provincial government recognised the serious and ongoing risks posed by coastal erosion at Diaz Beach and the need to protect people, properties and public infrastructu",,https://www.sanews.gov.za/south-africa/western-cape-govt-mossel-bay-agree-interim-diaz-beach-measures,GabiK,2026-09-09 10:35:44+00:00,2026-09-09T22:21:00.344079,Politics,0.0342,Neutral,"beach, mossel, coastal, western, measures, interim, government, municipality",,,2505.0,,2026-09-09,10,Wednesday,2505.0,8,291.184,2026-09-09 22:30:30.312391+00:00
,SA News Gov,Africa Green Hydrogen Summit 2026 to be held next week,"Africa Green Hydrogen Summit 2026 to be held next week Department of Electricity and Energy (DEE) Minister, Dr Kgosientsho Ramokgopa, will host the upcoming Africa Green Hydrogen Summit (AGHS) 2026, in Cape Town, next week. The summit will be held under the theme: “Moving Africa’s Green Hydrogen Sector from PowerPoint to Gigawatts”. “Following the successful South Africa Green Hydrogen Summits in 2022 and 2023, the platform evolved into the Africa Green Hydrogen Summit in 2025 and has become Afr",,https://www.sanews.gov.za/south-africa/africa-green-hydrogen-summit-2026-be-held-next-week,NeoB,2026-09-09 10:21:28+00:00,2026-09-09T22:21:00.347245,Politics,-0.0448,Neutral,"green, hydrogen, africa, development, summit, african, south, technology",,,3530.0,,2026-09-09,10,Wednesday,3530.0,8,393.896,2026-09-09 22:30:30.312391+00:00
,SA News Gov,Crackdown nabs over 100 unlicensed drivers,"Crackdown nabs over 100 unlicensed drivers The Gauteng Transport Inspectorate (GTI) has flagged over 100 unlicensed drivers in a crackdown against non-compliance among public transport operators and drivers.The GTI, in collaboration with the Road Traffic Management Corporation (RTMC) and other law-enforcement agencies, conducted enforcement operations across the province’s major metropolitan municipalities under the #RemoveSkorokoro campaign.Last week, operations targeted high-risk public transp",,https://www.sanews.gov.za/south-africa/crackdown-nabs-over-100-unlicensed-drivers,NeoB,2026-09-09 09:34:25+00:00,2026-09-09T22:21:00.349790,General,-0.0313,Neutral,"drivers, transport, public, unlicensed, compliance, enforcement, roads, crackdown",,,2267.0,,2026-09-09,9,Wednesday,2267.0,8,267.326,2026-09-09 22:30:30.312391+00:00
,SA News Gov,Mozambican national sentenced for contravening Immigration Act,"Mozambican national sentenced for contravening Immigration Act The Boschfontein Regional Court in Mpumalanga has sentenced a Mozambican national to five years’ imprisonment for contravention of the Immigration Act.Carlos David Mlambo was arrested in July this year during a routine inspection by Immigration Security officials who stopped and searched him. The officials discovered 16 Mozambican passports belonging to individuals who were not present at the Lebombo Border Post. “Upon questioning, M",,https://www.sanews.gov.za/south-africa/mozambican-national-sentenced-contravening-immigration-act,NeoB,2026-09-09 09:21:16+00:00,2026-09-09T22:21:00.352346,Security & Conflict,0.0947,Positive,"immigration, mozambican, national, sentenced, mlambo, officials, passports, border",awf,,2534.0,,2026-09-09,9,Wednesday,2534.0,8,295.294,2026-09-09 22:30:30.312391+00:00
,SA News Gov,"DWYPD, Metropolitan Life join forces on empowerment","DWYPD, Metropolitan Life join forces on empowerment The Department of Women, Youth and Persons with Disabilities (DWYPD) and Metropolitan Life have joined forces to strengthen employee wellness, financial empowerment and personal development, while exploring broader initiatives aimed at advancing the inclusion of women, youth and persons with disabilities. The partnership was formalised through the signing of a Memorandum of Understanding (MoU) in Sandton, Johannesburg, on Tuesday. Speaking at t",,https://www.sanews.gov.za/south-africa/dwypd-metropolitan-life-join-forces-empowerment,GabiK,2026-09-09 09:10:48+00:00,2026-09-09T22:21:00.356620,Health,0.087,Positive,"chikunga, financial, women, wellness, inclusion, department, youth, persons",,,5135.0,,2026-09-09,9,Wednesday,5135.0,8,555.24,2026-09-09 22:30:30.312391+00:00
,SA News Gov,Special Tribunal declares eThekwini low cost housing contracts unlawful,"Special Tribunal declares eThekwini low cost housing contracts unlawful The Special Investigating Unit (SIU) has welcomed a Special Tribunal ruling declaring low-cost housing contracts – worth some R30 million – awarded to three service providers in the eThekwini Metropolitan Municipality as unlawful and unconstitutional.The three companies, Woodglaze Trading (Pty) Ltd, Madupha Business Enterprise CC and Ready Homes CC, were appointed to develop the housing units in the municipality; however, an",,https://www.sanews.gov.za/south-africa/special-tribunal-declares-ethekwini-low-cost-housing-contracts-unlawful,NeoB,2026-09-09 09:07:11+00:00,2026-09-09T22:21:00.361281,Business,0.094,Positive,"municipality, service, providers, sites, housing, ethekwini, tribunal, contracts",awf,,4871.0,,2026-09-09,9,Wednesday,4871.0,8,528.98,2026-09-09 22:30:30.312391+00:00
,Moneyweb,Your ambition belongs in good company: RMB Private Banking unveils new campaign,"As careers, wealth creation, and ambitions evolve, RMB Private Banking is adapting its offering to support today’s professionals through portfolio careers, entrepreneurship, and changing priorities.",,https://www.moneyweb.co.za/in-depth/rmb-private-banking/your-ambition-belongs-in-good-company-rmb-private-banking-unveils-new-campaign/,RMB Private Banking,2026-09-09 22:04:55+00:00,2026-09-09T22:21:01.867507,General,0.2091,Positive,"private, banking, careers, ambition, belongs, company, unveils, campaign",,,278.0,,2026-09-09,22,Wednesday,278.0,8,71.982,2026-09-09 22:30:30.312391+00:00
,Moneyweb,"Cash feels safe, but inflation could be costing you","Inflation can quietly erode the value of your money. Old Mutual head of financial education John Manyike discusses beating inflation, the risks of holding cash and the importance of staying invested.",,https://www.moneyweb.co.za/in-depth/old-mutual-group-communications/cash-feels-safe-but-inflation-could-be-costing-you/,Jimmy Moyaha,2026-09-09 22:03:41+00:00,2026-09-09T22:21:01.867982,Business,0.15,Positive,"inflation, feels, costing, quietly, erode, value, money, mutual",old mutual,,251.0,,2026-09-09,22,Wednesday,251.0,8,68.1,2026-09-09 22:30:30.312391+00:00
,Moneyweb,Payments are becoming the operating system of banking,"Digital payments can drive financial inclusion, facilitate cross-border trade, and connect African businesses and consumers.",,https://www.moneyweb.co.za/in-depth/standard-bank-group/payments-are-becoming-the-operating-system-of-banking/,Margaret Nienaber,2026-09-09 22:02:03+00:00,2026-09-09T22:21:01.868317,Business,0.1125,Positive,"payments, becoming, operating, system, banking, digital, drive, financial",,,178.0,,2026-09-09,22,Wednesday,178.0,8,60.05,2026-09-09 22:30:30.312391+00:00
,Moneyweb,Growthpoint’s property pivot starts paying off,"Outgoing Group CEO Norbert Sasse on the group’s 2026 results, his 26 years with the company, and the ‘exceptional team’ that will take the business to the next level.",,https://www.moneyweb.co.za/moneyweb-radio/safm-market-update/growthpoints-property-pivot-starts-paying-off/,Jimmy Moyaha,2026-09-09 19:33:11+00:00,2026-09-09T22:21:01.868756,Business,0.3333,Positive,"growthpoint, property, pivot, starts, paying, outgoing, norbert, sasse",,,213.0,,2026-09-09,19,Wednesday,213.0,8,67.966,2026-09-09 22:30:30.312391+00:00
,Moneyweb,Portfolio optimisation: The secret tenant anchoring Hyprop,"Brett Till, CFO of Hyprop Investments, discusses the increase in distributable income, the repositioning of mall operations and the group’s international expansion.",,https://www.moneyweb.co.za/moneyweb-radio/safm-market-update/portfolio-optimisation-the-secret-tenant-anchoring-hyprop/,Jimmy Moyaha,2026-09-09 17:50:12+00:00,2026-09-09T22:21:01.869156,Business,-0.2,Negative,"hyprop, portfolio, optimisation, secret, tenant, anchoring, brett, investments",,,223.0,,2026-09-09,17,Wednesday,223.0,8,66.3,2026-09-09 22:30:30.312391+00:00
,Moneyweb,From retail floor to the boardroom,"Unathi Kildase, vice president of operations at Game Africa Massmart, shares her passion for books, her travels to Brazil, her advocacy for mental health and the leadership journey that has shaped her career in retail.",,https://www.moneyweb.co.za/moneyweb-radio/safm-market-update/from-retail-floor-to-the-boardroom/,Jimmy Moyaha,2026-09-09 17:45:14+00:00,2026-09-09T22:21:01.869539,Health,-0.25,Negative,"retail, floor, boardroom, unathi, kildase, president, operations, africa",,,253.0,,2026-09-09,17,Wednesday,253.0,8,70.3,2026-09-09 22:30:30.312391+00:00
,Moneyweb,Hyprop-inisiatief sny waterverbruik met 16%,"Morné Wilken, uitvoerende hoof van Hyprop, gesels oor die groep se finansiële resultate.",,https://www.moneyweb.co.za/moneyweb-radio/rsg-geldsake/hyprop-inisiatief-sny-waterverbruik-met-16/,Ryk van Niekerk,2026-09-09 17:40:40+00:00,2026-09-09T22:21:01.869852,General,0.0,Neutral,"hyprop, inisiatief, waterverbruik, wilken, uitvoerende, gesels, groep, resultate",,,132.0,,2026-09-09,17,Wednesday,132.0,8,53.2,2026-09-09 22:30:30.312391+00:00
,Moneyweb,Beyond the perfect hit rate: Making the best investment ideas count,"Tim Acker, portfolio manager at Allan Gray, explains the importance of investment philosophy and risk management, and how investors can outperform the market.",,https://www.moneyweb.co.za/moneyweb-radio/safm-market-update/beyond-the-perfect-hit-rate-making-the-best-investment-ideas-count/,Jimmy Moyaha,2026-09-09 17:40:26+00:00,2026-09-09T22:21:01.870196,Business,1.0,Positive,"investment, beyond, perfect, making, ideas, count, acker, portfolio",,,226.0,,2026-09-09,17,Wednesday,226.0,8,82.6,2026-09-09 22:30:30.312391+00:00
,Moneyweb,Waterfront blink steeds die helderste in Growthpoint se kroon,"Josè Snyders, finansiële hoof van Growthpoint, gesels oor die groep se jongste resultate.",,https://www.moneyweb.co.za/moneyweb-radio/rsg-geldsake/waterfront-blink-steeds-die-helderste-in-growthpoint-se-kroon/,Ryk van Niekerk,2026-09-09 17:37:20+00:00,2026-09-09T22:21:01.870488,General,0.0,Neutral,"growthpoint, waterfront, blink, steeds, helderste, kroon, snyders, gesels",,,151.0,,2026-09-09,17,Wednesday,151.0,8,55.1,2026-09-09 22:30:30.312391+00:00
,Moneyweb,Acsa’s recovery takes flight,"Charles Shilowa, acting CEO of Airports Company South Africa, discusses dividend payments, debt reduction and upcoming airport infrastructure projects over the coming year.",,https://www.moneyweb.co.za/moneyweb-radio/safm-market-update/acsas-recovery-takes-flight/,Jimmy Moyaha,2026-09-09 17:35:25+00:00,2026-09-09T22:21:01.870838,General,0.0,Neutral,"recovery, takes, flight, charles, shilowa, acting, airports, company",,,201.0,,2026-09-09,17,Wednesday,201.0,8,60.1,2026-09-09 22:30:30.312391+00:00
,Nyasa Times Malawi,"An ordinary citizen, an extraordinary court case: Austin Mkoka story","There is something almost quaint about the idea that a single, unemployed man from Thyolo, acting entirely alone and on principle, might halt the machinery of a national parliament. And yet that, in essence, is the story of Austin Mkoka, who this month obtained a court injunction preventing Malawi&#8217;s Parliament from launching inquiries into several [&#8230;] The post An ordinary citizen, an extraordinary court case: Austin Mkoka story appeared first on Malawi News | Breaking News, Politics,",,https://www.nyasatimes.com/an-ordinary-citizen-an-extraordinary-court-case-austin-mkoka-story/?utm_source=rss&utm_medium=rss&utm_campaign=an-ordinary-citizen-an-extraordinary-court-case-austin-mkoka-story,Nyasa Times News Desk,2026-09-09 21:26:15+00:00,2026-09-09T22:21:09.644162,Politics,0.0595,Positive,"court, austin, mkoka, story, ordinary, citizen, extraordinary, parliament",,,602.0,,2026-09-09,21,Wednesday,602.0,8,101.39,2026-09-09 22:30:30.312391+00:00
,Nyasa Times Malawi,Anadkat donates K1.26 billion CT scanner to Blantyre Adventist Hospital,"In a country where access to advanced diagnostic equipment remains the preserve of the privileged few, a single donation this week has thrown into sharp relief both the scale of need and the power of private philanthropy to fill the gaps left by chronic underfunding. Hitesh Anadkat, the businessman behind First Capital Bank, has handed [&#8230;] The post Anadkat donates K1.26 billion CT scanner to Blantyre Adventist Hospital appeared first on Malawi News | Breaking News, Politics, Business & Spo",,https://www.nyasatimes.com/anadkat-donates-k1-26-billion-ct-scanner-to-blantyre-adventist-hospital/?utm_source=rss&utm_medium=rss&utm_campaign=anadkat-donates-k1-26-billion-ct-scanner-to-blantyre-adventist-hospital,Nyasa Times News Desk,2026-09-09 21:12:18+00:00,2026-09-09T22:21:09.644932,Health,0.0354,Neutral,"anadkat, donates, billion, scanner, blantyre, adventist, hospital, country",,,590.0,,2026-09-09,21,Wednesday,590.0,8,99.708,2026-09-09 22:30:30.312391+00:00
,Nyasa Times Malawi,MCP rocked by civil war as Chakwera makes brazen bid to cling to power,Main opposition Malawi Congress Party (MCP) descended into chaos today as a crunch leadership meeting exploded into a bitter row over former president Lazarus Chakwera&#8217;s audacious attempt to rewrite party rules and extend his grip on power. Tempers reportedly flared behind closed doors at the party&#8217;s Lilongwe headquarters as senior figures clashed over Chakwera&#8217;s controversial [&#8230;] The post MCP rocked by civil war as Chakwera makes brazen bid to cling to power appeared fir,,https://www.nyasatimes.com/mcp-rocked-by-civil-war-as-chakwera-makes-brazen-bid-to-cling-to-power/?utm_source=rss&utm_medium=rss&utm_campaign=mcp-rocked-by-civil-war-as-chakwera-makes-brazen-bid-to-cling-to-power,Nyasa Times News Desk,2026-09-09 16:49:50+00:00,2026-09-09T22:21:09.645643,Politics,0.0771,Positive,"chakwera, power, party, rocked, civil, makes, brazen, cling",,,648.0,,2026-09-09,16,Wednesday,648.0,8,106.342,2026-09-09 22:30:30.312391+00:00
,Nyasa Times Malawi,Escom gives Blantyre Water Board 14 days to pay K1.6bn or face blackout,"Electricity Supply Corporation of Malawi (ESCOM) has threatened to disconnect power to Blantyre Water Board (BWB) over an unpaid K1.6 billion commitment. In a letter dated 1 September 2026, ESCOM chief executive Eng. William Kaipa told BWB it had paid only K400 million of the K2 billion it had committed to settle for August, leaving [&#8230;] The post Escom gives Blantyre Water Board 14 days to pay K1.6bn or face blackout appeared first on Malawi News | Breaking News, Politics, Business & Sports",,https://www.nyasatimes.com/escom-gives-blantyre-water-board-14-days-to-pay-k1-6bn-or-face-blackout/?utm_source=rss&utm_medium=rss&utm_campaign=escom-gives-blantyre-water-board-14-days-to-pay-k1-6bn-or-face-blackout,Nyasa Times News Desk,2026-09-09 16:40:55+00:00,2026-09-09T22:21:09.646451,Business,0.175,Positive,"escom, blantyre, water, board, gives, blackout, malawi, billion",,,587.0,,2026-09-09,16,Wednesday,587.0,8,102.2,2026-09-09 22:30:30.312391+00:00
,Nyasa Times Malawi,"K488.5bn needed for El Niño preparedness, Chief Secretary Says","Chief Secretary to the Government Dr Justin Adack Saidi says Malawi needs K488.5 billion, about US$281.7 million, to respond to El Niño conditions projected for the 2026/27 season. Saidi disclosed this during an El Niño Preparedness engagement meeting in Lilongwe, where he appealed to the private sector to support the initiative. He said government alone [&#8230;] The post K488.5bn needed for El Niño preparedness, Chief Secretary Says appeared first on Malawi News | Breaking News, Politics, Busi",,https://www.nyasatimes.com/k488-5bn-needed-for-el-nino-preparedness-chief-secretary-says/?utm_source=rss&utm_medium=rss&utm_campaign=k488-5bn-needed-for-el-nino-preparedness-chief-secretary-says,Nyasa Times News Desk,2026-09-09 16:36:31+00:00,2026-09-09T22:21:09.647154,Politics,0.1667,Positive,"preparedness, chief, secretary, needed, government, saidi, malawi, justin",,,591.0,,2026-09-09,16,Wednesday,591.0,8,102.434,2026-09-09 22:30:30.312391+00:00
,Nyasa Times Malawi,Malawi presses AfDB and South Korea for fresh budget support in Seoul,"Malawi&#8217;s finance minister has stepped up efforts to secure additional grants and concessional financing through talks in Seoul, as the country seeks to ease persistent foreign exchange shortages without adding to its debt stock. Joseph Mwanamvekha, the finance minister, held separate meetings with Sidi Ould Tah, president of the African Development Bank, and Jinsung Moon, [&#8230;] The post Malawi presses AfDB and South Korea for fresh budget support in Seoul appeared first on Malawi News ",,https://www.nyasatimes.com/malawi-presses-afdb-and-south-korea-for-fresh-budget-support-in-seoul/?utm_source=rss&utm_medium=rss&utm_campaign=malawi-presses-afdb-and-south-korea-for-fresh-budget-support-in-seoul,Nyasa Times News Desk,2026-09-09 16:22:53+00:00,2026-09-09T22:21:09.647881,Politics,0.1964,Positive,"malawi, seoul, presses, south, korea, fresh, budget, support","afdb, african development bank",Africa Development Finance,629.0,,2026-09-09,16,Wednesday,629.0,8,106.828,2026-09-09 22:30:30.312391+00:00
,Nyasa Times Malawi,Maranatha blasts jealous rivals as school celebrates near-perfect pass rate,"The head of one of Malawi&#8217;s top-performing schools has hit out at critics who he says are consumed by envy rather than curiosity, after his pupils once again dominated this year&#8217;s national exam results. Enerst Kaonga, head of Maranatha Academy, said his school had delivered another outstanding performance in the Malawi School Certificate of Education [&#8230;] The post Maranatha blasts jealous rivals as school celebrates near-perfect pass rate appeared first on Malawi News | Breaking",,https://www.nyasatimes.com/maranatha-blasts-jealous-rivals-as-school-celebrates-near-perfect-pass-rate/?utm_source=rss&utm_medium=rss&utm_campaign=maranatha-blasts-jealous-rivals-as-school-celebrates-near-perfect-pass-rate,Nyasa Times News Desk,2026-09-09 16:12:55+00:00,2026-09-09T22:21:09.648554,Business,0.3333,Positive,"school, maranatha, malawi, blasts, jealous, rivals, celebrates, perfect",,,625.0,,2026-09-09,16,Wednesday,625.0,8,109.166,2026-09-09 22:30:30.312391+00:00
,Nyasa Times Malawi,Apostle Kawinga marks 20 years of marriage with heartfelt tribute,"Apostle Clifford Kawinga has marked two decades of marriage with an emotional tribute to his wife, describing their union as one of the &#8216;greatest gifts&#8217; of his life. Taking to Facebook, the preacher reflected on his marriage journey, admitting their relationship did not have the fairy-tale beginnings often associated with romance. &#8216;Our love story may [&#8230;] The post Apostle Kawinga marks 20 years of marriage with heartfelt tribute appeared first on Malawi News | Breaking New",,https://www.nyasatimes.com/apostle-kawinga-marks-20-years-of-marriage-with-heartfelt-tribute/?utm_source=rss&utm_medium=rss&utm_campaign=apostle-kawinga-marks-20-years-of-marriage-with-heartfelt-tribute,Nyasa Times News Desk,2026-09-09 15:54:06+00:00,2026-09-09T22:21:09.649299,Business,0.1571,Positive,"marriage, apostle, kawinga, tribute, marks, heartfelt, clifford, marked",,,611.0,,2026-09-09,15,Wednesday,611.0,8,104.24199999999999,2026-09-09 22:30:30.312391+00:00
,Nyasa Times Malawi,"‘Homeland Security is supposed to protect, not threaten’: Ntata’s attack on Chisale’s whipping threat","A Malawian government deputy minister has been accused of threatening to unleash violence against opposition supporters — in astonishing remarks that legal experts say expose him as constitutionally unfit for office. Norman Chisale, who serves as Deputy Minister of Homeland Security with responsibility for Operations, is said to have warned members of the opposition UTM [&#8230;] The post ‘Homeland Security is supposed to protect, not threaten’: Ntata’s attack on Chisale’s whipping threat appear",,https://www.nyasatimes.com/homeland-security-is-supposed-to-protect-not-threaten-ntatas-attack-on-chisales-whipping-threat/?utm_source=rss&utm_medium=rss&utm_campaign=homeland-security-is-supposed-to-protect-not-threaten-ntatas-attack-on-chisales-whipping-threat,Nyasa Times News Desk,2026-09-09 15:35:44+00:00,2026-09-09T22:21:09.650202,Politics,0.3,Positive,"homeland, security, chisale, supposed, protect, threaten, ntata, attack",,,685.0,,2026-09-09,15,Wednesday,685.0,8,114.5,2026-09-09 22:30:30.312391+00:00
,Nyasa Times Malawi,Coaching shake-up at Silver Strikers as interim panel named,"Silver Strikers Football Club have announced a sweeping interim technical panel to take charge of first-team affairs &#8216;with immediate effect&#8217; — a move that will fuel speculation over the future of the club&#8217;s senior coaching set-up. In a statement released on Wednesday, the Malawian Premiership side insisted the shake-up was designed to provide &#8216;continuity&#8217; while [&#8230;] The post Coaching shake-up at Silver Strikers as interim panel named appeared first on Malawi Ne",,https://www.nyasatimes.com/coaching-shake-up-at-silver-strikers-as-interim-panel-named/?utm_source=rss&utm_medium=rss&utm_campaign=coaching-shake-up-at-silver-strikers-as-interim-panel-named,Nyasa Times News Desk,2026-09-09 12:32:11+00:00,2026-09-09T22:21:09.650991,Business,0.125,Positive,"coaching, shake, silver, strikers, interim, panel, named, football",,,622.0,,2026-09-09,12,Wednesday,622.0,8,104.7,2026-09-09 22:30:30.312391+00:00
,The Namibian,Minister Zaamwani pulls Nathaniel-Koch from Land Tribunal chair bid,"The appointment of Rachel Nathaniel-Koch as proposed chairperson of the Land Tribunal has been withdrawn. Minister of agriculture, fisheries, water and land reform Inge Zaamwani says the decision was taken to protect the integrity of the appointment process, and not because of allegations against Nathaniel-Koch. “My withdrawal of that candidate is not an admission of [&#8230;] The post Minister Zaamwani pulls Nathaniel-Koch from Land Tribunal chair bid appeared first on The Namibian.",,https://www.namibian.com.na/minister-zaamwani-pulls-nathaniel-koch-from-land-tribunal-chair-bid/,Martin Endjala,2026-09-09 19:24:21+00:00,2026-09-09T22:21:10.180399,Politics,0.0158,Neutral,"zaamwani, nathaniel, tribunal, allegations, minister, appointment, proposed, against",,,2581.0,,2026-09-09,19,Wednesday,2581.0,8,298.416,2026-09-09 22:30:30.312391+00:00
,The Namibian,City residents lose case about water bills,Eight Katutura residents who sued the Windhoek City Council about the city’s practice of estimating consumers’ monthly water use for billing purposes have lost their case in the Windhoek High Court. The Municipality of Windhoek Water Supply Regulations of 1996 allow the City of Windhoek to estimate residents’ water use during months when water meter [&#8230;] The post City residents lose case about water bills appeared first on The Namibian.,,https://www.namibian.com.na/city-residents-lose-case-about-water-bills/,Werner Menges,2026-09-09 17:00:00+00:00,2026-09-09T22:21:10.184057,General,-0.0435,Neutral,"water, windhoek, residents, court, supply, electricity, plaintiffs, meter",awf,,4286.0,,2026-09-09,17,Wednesday,4286.0,8,469.47,2026-09-09 22:30:30.312391+00:00
,The Namibian,No Smoking!,"Smokers may soon run out of spaces to light up The Ministry of Health and Social Services has proposed a set of laws that will further limit space for smokers in public places. The new laws will prohibit smoking in “indoor public places, workplaces and public” and will extend to outdoor restrictions, “including 50m zones [&#8230;] The post No Smoking! appeared first on The Namibian.",,https://www.namibian.com.na/no-smoking/,Eliaser Ndeyanale,2026-09-09 17:00:00+00:00,2026-09-09T22:21:10.190662,Health,0.036,Neutral,"tobacco, smoking, proposed, products, public, smokers, health, nicotine",,,7501.0,,2026-09-09,17,Wednesday,7501.0,8,790.82,2026-09-09 22:30:30.312391+00:00
,The Namibian,‘P-Park’ residents decry noise pollution,"‘The sport clubs were there first, and the houses were built around it’ A Group of 218 residents have signed a petition calling on the City of Windhoek to intervene on “excessive noise” from music festivals and large entertainment events held in Pionierspark. The residents say amplified music, public announcements and sound testing from events [&#8230;] The post ‘P-Park’ residents decry noise pollution appeared first on The Namibian.",,https://www.namibian.com.na/p-park-residents-decry-noise-pollution/,Chris Kaukema,2026-09-09 17:00:00+00:00,2026-09-09T22:21:10.195730,Business,0.0925,Positive,"residents, events, music, noise, entertainment, wanderers, event, petition",fnb,,4690.0,,2026-09-09,17,Wednesday,4690.0,8,510.85,2026-09-09 22:30:30.312391+00:00
,The Namibian,Windhoek’s crash hotspots,Top-3 accident zones since 2023:* John Meinert Street and Hosea Kutako Drive: 68 crashes* B1 Road and Independence Avenue intersection in Northern Industrial: 59 crashes* Hans Dietrich Genscher Street and Independence Avenue: 50 crashes THE intersection at John Meinert Street and Hosea Kutako Drive in Windhoek West has been identified as the city’s most accident-prone [&#8230;] The post Windhoek’s crash hotspots appeared first on The Namibian.,,https://www.namibian.com.na/windhoeks-crash-hotspots/,Chris Kaukema,2026-09-09 17:00:00+00:00,2026-09-09T22:21:10.200312,Politics,0.0975,Positive,"traffic, crashes, intersection, windhoek, street, intersections, accident, independence",,,4861.0,,2026-09-09,17,Wednesday,4861.0,8,528.0500000000001,2026-09-09 22:30:30.312391+00:00
,The Namibian,Ohangwena wellness campaign reaches 140 people on first day,"A total of 140 pupils and community members received medical and wellness services during the first day of the Dune Seven Community Foundation school wellness and community outreach campaign in Ohangwena on Tuesday. The outreach, launched on Monday, saw 75 pupils, 65 community members, and two teachers receive treatment, health screening and information on sexual [&#8230;] The post Ohangwena wellness campaign reaches 140 people on first day appeared first on The Namibian.",,https://www.namibian.com.na/ohangwena-wellness-campaign-reaches-140-people-on-first-day/,Dolly Menas,2026-09-09 16:56:08+00:00,2026-09-09T22:21:10.203070,Health,0.2014,Positive,"community, campaign, pupils, wellness, members, health, received, ohangwena",,,2305.0,,2026-09-09,16,Wednesday,2305.0,8,274.528,2026-09-09 22:30:30.312391+00:00
,The Namibian,"Namibia, China open talks for communication centre","Namibia and China have opened talks about establishing a new communication centre in Windhoek. This is after Namibia announced plans to strengthen the initiative through an agreement with China. New Era Publication chief executive Christof Maletsky says Namibia and China are planning to establish the centre, which would facilitate greater cooperation and exchanges between media [&#8230;] The post Namibia, China open talks for communication centre appeared first on The Namibian.",,https://www.namibian.com.na/namibia-china-open-talks-for-communication-centre/,Chris Kaukema,2026-09-09 14:20:05+00:00,2026-09-09T22:21:10.205798,AI & Tech,0.0921,Positive,"china, media, namibia, communication, centre, cooperation, namibian, talks",,,3511.0,,2026-09-09,14,Wednesday,3511.0,8,392.942,2026-09-09 22:30:30.312391+00:00
,The Namibian,Youth council escapes former boss’ salary bill,The Labour Court has dismissed former National Youth Council director Calista Schwartz-Gowases’ claim for back pay covering nine months between her consecutive employment contracts. This covers the nine months between the expiry of her first five-year contract and her eventual reappointment. Schwartz-Gowases during the case argued she should be compensated for the period from 5 [&#8230;] The post Youth council escapes former boss’ salary bill appeared first on The Namibian.,,https://www.namibian.com.na/youth-council-escapes-former-boss-salary-bill/,Tracy Tafirenyika,2026-09-09 13:20:23+00:00,2026-09-09T22:21:10.209854,General,0.0337,Neutral,"performance, schwartz, gowases, contract, council, youth, assessment, former",,,4296.0,,2026-09-09,13,Wednesday,4296.0,8,470.274,2026-09-09 22:30:30.312391+00:00
,The Namibian,Inevitability,"Foresight is the ability to see and anticipate the future. As a strategist, I would like to build on this definition. I define foresight not only as the ability to accurately perceive what is coming, but more importantly, to translate and apply those future demands into today. This is important. It is not good enough [&#8230;] The post Inevitability appeared first on The Namibian.",,https://www.namibian.com.na/inevitability/,Desmond Nikanor,2026-09-09 13:00:00+00:00,2026-09-09T22:21:10.212727,General,0.1159,Positive,"future, something, today, foresight, ability, demands, inevitability, anticipate",,,2084.0,,2026-09-09,13,Wednesday,2084.0,8,250.71800000000002,2026-09-09 22:30:30.312391+00:00
,The Namibian,Capricorn new head office set to revive CBD,"Capricorn is moving 350 employees to its new 13-storey central business district head office in Windhoek, boosting local supply chains and supporting city centre revitalisation efforts. The development represents one of the more prominent recent private-sector construction projects in the central business district (CBD), which started in 2024 and provided work for local businesses during [&#8230;] The post Capricorn new head office set to revive CBD appeared first on The Namibian.",,https://www.namibian.com.na/capricorn-new-head-office-set-to-revive-cbd/,Shania Lazarus,2026-09-09 12:55:08+00:00,2026-09-09T22:21:10.215337,Business,0.1474,Positive,"windhoek, capricorn, local, businesses, office, business, development, construction",,,2809.0,,2026-09-09,12,Wednesday,2809.0,8,323.848,2026-09-09 22:30:30.312391+00:00
,The Namibian,Court stops farmer’s expulsion from sheep breeders’ society,A Sheep stud farmer who died in an aircraft crash in the Maltahöhe area near the end of August has now won a court case about a decision of the Meatmaster Sheep Breeders’ Society of Namibia to expel him from the organisation for a year. In a judgement delivered in the Windhoek High Court on [&#8230;] The post Court stops farmer’s expulsion from sheep breeders’ society appeared first on The Namibian.,,https://www.namibian.com.na/court-stops-farmers-expulsion-from-sheep-breeders-society/,Werner Menges,2026-09-09 12:44:43+00:00,2026-09-09T22:21:10.218415,General,0.065,Positive,"association, court, sheep, hanekom, meatmaster, breeders, auction, farmer",awf,,3341.0,,2026-09-09,12,Wednesday,3341.0,8,375.40000000000003,2026-09-09 22:30:30.312391+00:00
,The Namibian,City workers get FNB banking deal,"City of Windhoek employees will have access to financial education and a range of banking services under a new agreement between the municipality and FNB Namibia. The Workplace Banking Staffing Solutions Strategic Partnership, signed on Friday, includes financial literacy programmes, preferential home loan rates, personal loans, vehicle and asset finance, as well as debt consolidation [&#8230;] The post City workers get FNB banking deal appeared first on The Namibian.",,https://www.namibian.com.na/city-workers-get-fnb-banking-deal/,Matthew Dlamini,2026-09-09 11:54:03+00:00,2026-09-09T22:21:10.221177,Business,0.0892,Positive,"financial, banking, employees, access, windhoek, services, agreement, solutions",fnb,,2572.0,,2026-09-09,11,Wednesday,2572.0,8,298.984,2026-09-09 22:30:30.312391+00:00
,Libya Herald,"British Council signs MoU with Benghazi University allowing access to the Council's Digital Library to 70,000 students",The British Embassy announced today that the British Council has signed an MoU with Benghazi University allowing access to the British Council Digital...,,https://libyaherald.com/2026/09/british-council-signs-mou-with-benghazi-university-allowing-access-to-the-councils-digital-library-to-70000-students/,zaptia@libyaherald.com (Sami Zaptia),2026-09-09 22:21:14.957047+00:00,2026-09-09T22:21:14.957047,Education,0.0,Neutral,"british, council, benghazi, university, allowing, access, digital, signs",,,272.0,,2026-09-09,22,Wednesday,272.0,8,67.2,2026-09-09 22:30:30.312391+00:00
,Libya Herald,Security campaign to seize non-compliant military vehicles continues in Tripoli,The Tripoli based Libyan Ministry of Interior announced today that the security campaign conducted by competent security agencies—under the auspices o...,,https://libyaherald.com/2026/09/security-campaign-to-seize-non-compliant-military-vehicles-continues-in-tripoli/,zaptia@libyaherald.com (Sami Zaptia),2026-09-09 22:21:14.957458+00:00,2026-09-09T22:21:14.957458,Business,0.2,Positive,"security, campaign, tripoli, seize, compliant, military, vehicles, continues",,,233.0,,2026-09-09,22,Wednesday,233.0,8,67.3,2026-09-09 22:30:30.312391+00:00
,Libya Herald,SLB sees Libya as a vital strategic partner - seeks to expand its activities,SLB (Schlumberger) affirmed that Libya is a vital strategic partner for the company and that it has no intention of scaling back its operations in Lib...,,https://libyaherald.com/2026/09/slb-sees-libya-as-a-vital-strategic-partner-seeks-to-expand-its-activities/,zaptia@libyaherald.com (Sami Zaptia),2026-09-09 22:21:14.957884+00:00,2026-09-09T22:21:14.957884,General,0.0667,Positive,"libya, vital, strategic, partner, seeks, expand, activities, schlumberger",,,230.0,,2026-09-09,22,Wednesday,230.0,8,64.334,2026-09-09 22:30:30.312391+00:00
,Libya Herald,Libya and China discuss expanding scope of economic and investment cooperation in several sectors to support Libya's development paths,"Libya and China discussed expanding the scope of economic and investment cooperation and leveraging Chinese expertise in reconstruction, development,...",,https://libyaherald.com/2026/09/libya-and-china-discuss-expanding-scope-of-economic-and-investment-cooperation-in-several-sectors-to-support-libyas-development-paths/,zaptia@libyaherald.com (Sami Zaptia),2026-09-09 22:21:14.958293+00:00,2026-09-09T22:21:14.958293,Business,0.1,Positive,"libya, china, expanding, scope, economic, investment, cooperation, development",,,287.0,,2026-09-09,22,Wednesday,287.0,8,70.7,2026-09-09 22:30:30.312391+00:00
,Libya Herald,"7,303 illegal migrants deported in August from Tripoli, Benghazi, Misrata and Sebha airports",Libya’s Tripoli based Passport Investigation Department reported today that statistics compiled for August this year regarding the deportation of fore...,,https://libyaherald.com/2026/09/7303-illegal-migrants-deported-in-august-from-tripoli-benghazi-misrata-and-sebha-airports/,zaptia@libyaherald.com (Sami Zaptia),2026-09-09 22:21:14.958694+00:00,2026-09-09T22:21:14.958694,Business,-0.5,Negative,"august, tripoli, illegal, migrants, deported, benghazi, misrata, sebha",,,246.0,,2026-09-09,22,Wednesday,246.0,8,74.6,2026-09-09 22:30:30.312391+00:00
,Libya Herald,Al-Khadra and Zuwara Hospital medical staff join partial strike as action spreads – union threatens total sit-ins,Al-Khadra and Zuwara Hospital medical staff announced that they are joining the partial strike as the action spreads across Libya.A statement issued b...,,https://libyaherald.com/2026/09/al-khadra-and-zuwara-hospital-medical-staff-join-partial-strike-as-action-spreads-union-threatens-total-sit-ins/,zaptia@libyaherald.com (Sami Zaptia),2026-09-09 22:21:14.959147+00:00,2026-09-09T22:21:14.959147,Health,0.0,Neutral,"khadra, zuwara, hospital, medical, staff, partial, strike, action",,,267.0,,2026-09-09,22,Wednesday,267.0,8,66.7,2026-09-09 22:30:30.312391+00:00
,Libya Herald,Plan to establish fully equipped seaside resorts across ten locations - part of wider ''Return to Life'' beach resort project,Minister of Youth Haitham Al-Zahaf discussed the completion and preparation of &quot;Return to Life&quot; Seaside Resorts for opening ahead of the upc...,,https://libyaherald.com/2026/09/plan-to-establish-fully-equipped-seaside-resorts-across-ten-locations-part-of-wider-return-to-life-beach-resort-project/,zaptia@libyaherald.com (Sami Zaptia),2026-09-09 22:21:14.959560+00:00,2026-09-09T22:21:14.959560,Politics,0.0,Neutral,"seaside, resorts, return, establish, fully, equipped, across, locations",,,279.0,,2026-09-09,22,Wednesday,279.0,8,67.9,2026-09-09 22:30:30.312391+00:00
,Libya Herald,"After relaxation of UN asset freeze, Long Term Investment Portfolio (LTP) achieves US$ 1.25 bn profits in 2025","In a statement to CNN Business, Abdel-Fattah Ghaffar, Chairman of the Libyan Long-Term Investment Portfolio (LTP), a subsidiary of Libya’s main sovere...",,https://libyaherald.com/2026/09/after-relaxation-of-un-asset-freeze-long-term-investment-portfolio-ltp-achieves-us-125-bn-profits-in-2025/,zaptia@libyaherald.com (Sami Zaptia),2026-09-09 22:21:14.960024+00:00,2026-09-09T22:21:14.960024,Business,0.0583,Positive,"investment, portfolio, relaxation, asset, freeze, achieves, profits, statement",,,264.0,,2026-09-09,22,Wednesday,264.0,8,67.566,2026-09-09 22:30:30.312391+00:00
,Africanews EN,"Kenya records 19 Mpox deaths as cases rise to 1,298","At least 19 people have died from mox since the outbreak was confirmed in Kenya three months ago, according to a statement released Monday by the Kenyan Ministry of Health.",,http://www.africanews.com/2026/09/09/kenya-records-19-mpox-deaths-as-cases-rise-to-1298/,editorial@africanews.com (Rédaction Africanews),2026-09-09 19:35:50+00:00,2026-09-09T22:21:15.450424,Health,0.05,Positive,"kenya, records, deaths, cases, least, people, outbreak, confirmed",,,224.0,,2026-09-09,19,Wednesday,224.0,8,63.400000000000006,2026-09-09 22:30:30.312391+00:00
,Africanews EN,Kenyan start-up makes robotic limbs to sign for deaf kids,"A Kenyan start-up has built a mechanical hand that can translate a teachers' voice into sign language in real time, allowing deaf children to learn alongside their hearing counterparts",,http://www.africanews.com/2026/09/09/kenyan-start-up-makes-robotic-limbs-to-sign-for-deaf-kids/,editorial@africanews.com,2026-09-09 18:51:53+00:00,2026-09-09T22:21:15.450812,Education,0.05,Neutral,"kenyan, start, makes, robotic, limbs, built, mechanical, translate",,,242.0,,2026-09-09,18,Wednesday,242.0,8,65.2,2026-09-09 22:30:30.312391+00:00
,Africanews EN,Mali’s information war is increasingly being shaped by AI,"Generative AI is increasingly used for information warfare in Mali, according to a study released Wednesday, with the conflict's factions mastering the technology to varying degrees.",,http://www.africanews.com/2026/09/09/malis-information-war-is-increasingly-being-shaped-by-ai/,editorial@africanews.com (Rédaction Africanews),2026-09-09 18:12:31+00:00,2026-09-09T22:21:15.451233,AI & Tech,0.0,Neutral,"information, increasingly, being, shaped, generative, warfare, according, study",,,240.0,,2026-09-09,18,Wednesday,240.0,8,64.0,2026-09-09 22:30:30.312391+00:00
,Africanews EN,UN hails Libyan agreement to move toward elections,The UN Security Council on Tuesday hailed an agreement reached by Libya's rival political groups that paves the way for elections to be held within two years.,,http://www.africanews.com/2026/09/09/un-hails-libyan-agreement-to-move-toward-elections/,editorial@africanews.com (Rédaction Africanews),2026-09-09 17:41:56+00:00,2026-09-09T22:21:15.451593,Politics,0.0,Neutral,"agreement, elections, hails, libyan, toward, security, council, tuesday",,,209.0,,2026-09-09,17,Wednesday,209.0,8,60.900000000000006,2026-09-09 22:30:30.312391+00:00
,Africanews EN,Fifty Chinese nationals convicted in Madagascar for crimes deported,Chinese nationals convicted in Madagascar for their involvement in online fraud networks have been transferred to their country of origin to continue serving their sentences.,,http://www.africanews.com/2026/09/09/fifty-chinese-nationals-convicted-in-madagascar-for-crimes-deported/,editorial@africanews.com (Rédaction Africanews),2026-09-09 15:29:45+00:00,2026-09-09T22:21:15.451942,General,0.0,Neutral,"chinese, nationals, convicted, madagascar, fifty, crimes, deported, involvement",,,242.0,,2026-09-09,15,Wednesday,242.0,8,64.2,2026-09-09 22:30:30.312391+00:00
,Africanews EN,"Sissi urges de-escalation as Israel attacks Gaza, Lebanon",Israeli airstrikes in the Gaza Strip on Wednesday wounded at least nine people and reduced buildings to rubble in various areas,,http://www.africanews.com/2026/09/09/sissi-urges-de-escalation-as-israel-attacks-gaza-lebanon/,editorial@africanews.com,2026-09-09 14:43:48+00:00,2026-09-09T22:21:15.452265,Security & Conflict,-0.15,Negative,"sissi, urges, escalation, israel, attacks, lebanon, israeli, airstrikes",,,185.0,,2026-09-09,14,Wednesday,185.0,8,61.5,2026-09-09 22:30:30.312391+00:00
,Africanews EN,"Ballon d'Or 2026: Hakimi, Mané among African nominees","Nominations for the 2026 Ballon d'Or, which recognises performances during the 2025-26 season, were announced by France Football magazine on Tuesday, ahead of the awards ceremony in London on October 26.",,http://www.africanews.com/2026/09/09/ballon-dor-2026-hakimi-mane-among-african-nominees/,editorial@africanews.com (Rédaction Africanews),2026-09-09 13:57:17+00:00,2026-09-09T22:21:15.452679,General,0.0,Neutral,"ballon, hakimi, among, african, nominees, nominations, recognises, performances",,,257.0,,2026-09-09,13,Wednesday,257.0,8,65.7,2026-09-09 22:30:30.312391+00:00
,Africanews EN,Iran claims strike on U.S. warships and oil tankers,"Iran's Revolutionary Guards said they have attacked and damaged two U.S. warships and eight oil tankers in the Persian Gulf, in what they call retaliation for a U.S. strike on Iranian tankers.",,http://www.africanews.com/2026/09/09/iran-claims-strike-on-us-warships-and-oil-tankers/,editorial@africanews.com (Rédaction Africanews),2026-09-09 13:55:24+00:00,2026-09-09T22:21:15.453102,Security & Conflict,0.0,Neutral,"tankers, strike, warships, claims, revolutionary, guards, attacked, damaged",,,244.0,,2026-09-09,13,Wednesday,244.0,8,64.4,2026-09-09 22:30:30.312391+00:00
,Africanews EN,Egypt air show spotlights drones and military hardware,"Dozens of exhibitors from several countries are taking part in the El Alamein International Air Show, held this week at the airport in Egypt's northwestern Mediterranean coast.",,http://www.africanews.com/2026/09/09/egypt-air-show-spotlights-drones-and-military-hardware/,editorial@africanews.com (Rédaction Africanews),2026-09-09 12:29:22+00:00,2026-09-09T22:21:15.453461,General,-0.0333,Neutral,"egypt, spotlights, drones, military, hardware, dozens, exhibitors, several",,,231.0,,2026-09-09,12,Wednesday,231.0,8,63.766,2026-09-09 22:30:30.312391+00:00
,Africanews EN,Gambian leader vows power boost after violent blackout protests,Gambian President Adama Barrow on Tuesday pledged to boost power supplies by next month after violent protests over blackouts that have dogged the west African country since June,,http://www.africanews.com/2026/09/09/gambian-leader-vows-power-boost-after-violent-blackout-protests/,editorial@africanews.com,2026-09-09 10:38:57+00:00,2026-09-09T22:21:15.453797,Politics,-0.4,Negative,"gambian, power, boost, violent, protests, leader, blackout, president",,,242.0,,2026-09-09,10,Wednesday,242.0,8,72.2,2026-09-09 22:30:30.312391+00:00
,Africanews EN,"Concerns over wildlife, water supply, as wildfire rages across Mount Kenya","A wildfire has burned about 8,700 hectares of vegetation on Mount Kenya since the fire was first reported on Sept 1, Mount Kenya Trust, an environmental conservation group, said.",,http://www.africanews.com/2026/09/09/concerns-over-wildlife-water-supply-as-wildfire-rages-across-mount-kenya/,editorial@africanews.com,2026-09-09 09:25:33+00:00,2026-09-09T22:21:15.454187,General,0.25,Positive,"mount, kenya, wildfire, concerns, wildlife, water, supply, rages",,,253.0,,2026-09-09,9,Wednesday,253.0,8,70.3,2026-09-09 22:30:30.312391+00:00
,Africanews EN,'We are tired': Gambians struggle after months of power outages,"After months of electricity outages which have recently grown more severe, residents of The Gambia are becoming desperate. Thousands took to the streets on Monday in protest over the blackouts, burning tyres and chanting against the president.",,http://www.africanews.com/2026/09/09/gambias-president-barrow-calls-for-calm-after-protests-over-power-outages/,editorial@africanews.com (Rédaction Africanews),2026-09-09 09:12:58+00:00,2026-09-09T22:21:15.454609,Politics,-0.01,Neutral,"months, outages, tired, gambians, struggle, power, electricity, recently",,,307.0,,2026-09-09,9,Wednesday,307.0,8,70.9,2026-09-09 22:30:30.312391+00:00
,Africanews EN,Uncertainty for Burundians in Kenya after president orders foreign-owned businesses closed,"Burundians in Nairobi flocked to their embassy on Monday to get travel documents, days after Kenyan president William Ruto ordered the closure of small businesses run by foreigners.",,http://www.africanews.com/2026/09/09/uncertainty-for-burundians-in-kenya-after-president-orders-foreign-owned-businesses-closed/,editorial@africanews.com,2026-09-09 08:54:41+00:00,2026-09-09T22:21:15.454988,Politics,-0.175,Negative,"burundians, president, businesses, uncertainty, kenya, orders, foreign, owned",,Kenya Politics,272.0,,2026-09-09,8,Wednesday,272.0,8,70.7,2026-09-09 22:30:30.312391+00:00
,Africanews EN,Tunisian journalists protest after arrest of reporter,"Dozens of journalists protested in Tunisia on Tuesday over the arrest of a reporter on money-laundering charges, accusations his lawyer said were unfounded",,http://www.africanews.com/2026/09/09/tunisian-journalists-protest-after-arrest-of-reporter/,editorial@africanews.com,2026-09-09 08:42:27+00:00,2026-09-09T22:21:15.455295,Security & Conflict,-0.05,Neutral,"journalists, arrest, reporter, tunisian, protest, dozens, protested, tunisia",,,209.0,,2026-09-09,8,Wednesday,209.0,8,61.900000000000006,2026-09-09 22:30:30.312391+00:00
,Africanews EN,Senegal lawmakers push back against PM Lo over IMF agreement,"The International Monetary Fund took centre stage on Tuesday during debates in Senegal's National Assembly. Laying out the government’s general policy statement, Prime Minister Ahmadou Al Aminou Mohamed Lo defended its recent agreement with the IMF on a three year aid programme worth $2.2 billion.",,http://www.africanews.com/2026/09/09/senegal-lawmakers-push-back-against-pm-lo-over-imf-agreement/,editorial@africanews.com (Rédaction Africanews),2026-09-09 06:40:39+00:00,2026-09-09T22:21:15.455778,Politics,0.07,Positive,"senegal, agreement, lawmakers, against, international, monetary, centre, stage",,,359.0,,2026-09-09,6,Wednesday,359.0,8,77.30000000000001,2026-09-09 22:30:30.312391+00:00
,Africanews EN,Foreigners in Kenya given 90 days to regularise documents,"The Kenyan government on Tuesday gave foreigners running businesses in the country 90 days to obtain or update required documents, including work permits and business licenses. The move followed remarks by the president about foreign-owned businesses that sparked panic in immigrant communities.",,http://www.africanews.com/2026/09/09/foreigners-in-kenya-given-90-days-to-regularise-documents/,editorial@africanews.com,2026-09-09 05:21:08+00:00,2026-09-09T22:21:15.456249,Politics,0.0,Neutral,"foreigners, documents, businesses, kenya, given, regularise, kenyan, government",,,353.0,,2026-09-09,5,Wednesday,353.0,8,75.30000000000001,2026-09-09 22:30:30.312391+00:00
,AllAfrica,Gambia: Gambian President Declares Power Emergency Amid Protests,[allAfrica] President Adama Barrow has declared the country's prolonged electricity crisis a national emergency and promised to increase power generation as protests over rolling blackouts intensify ahead of the December presidential election.,,https://allafrica.com/stories/202609090119.html,info@allafrica.com (allAfrica),2026-09-09 22:21:16.003456+00:00,2026-09-09T22:21:16.003456,Politics,0.0,Neutral,"president, power, emergency, protests, gambia, gambian, declares, allafrica",,,308.0,,2026-09-09,22,Wednesday,308.0,8,70.8,2026-09-09 22:30:30.312391+00:00
,AllAfrica,"Africa: All of Africa Today - September 9, 2026",[allAfrica],,https://allafrica.com/stories/202609090083.html,info@allafrica.com (allAfrica),2026-09-09 22:21:16.003782+00:00,2026-09-09T22:21:16.003782,General,0.0,Neutral,"africa, today, september, allafrica",,,59.0,,2026-09-09,22,Wednesday,59.0,4,25.9,2026-09-09 22:30:30.312391+00:00
,AllAfrica,"South Africa: Fake Toys Raise Safety and Job Concerns - South African News Briefs - September 9, 2026",[allAfrica],,https://allafrica.com/stories/202609090068.html,info@allafrica.com (allAfrica),2026-09-09 22:21:16.004092+00:00,2026-09-09T22:21:16.004092,General,-0.25,Negative,"south, africa, raise, safety, concerns, african, briefs, september",,,113.0,,2026-09-09,22,Wednesday,113.0,8,56.3,2026-09-09 22:30:30.312391+00:00
,AllAfrica,"Nigeria: Nigerian Army Redeploys Top Generals, Appoints New Person to Lead Boko Haram War","[Premium Times] A Wednesday statement by army spokesperson Appolonia Anele said the deployments were approved by the Chief of Army Staff, Waidi Shaibu, a lieutenant general.",,https://allafrica.com/stories/202609090510.html,Unknown,2026-09-09 22:21:16.004513+00:00,2026-09-09T22:21:16.004513,General,0.2288,Positive,"nigeria, nigerian, redeploys, generals, appoints, person, haram, premium",,,263.0,,2026-09-09,22,Wednesday,263.0,8,70.876,2026-09-09 22:30:30.312391+00:00
,AllAfrica,Mali: Malian Women Resist Renewed Support for Female Genital Mutilation,"[ISS] An online campaign defending cutting, which is still legal in Mali, recasts the practice as a means of protecting girls.",,https://allafrica.com/stories/202609090262.html,Unknown,2026-09-09 22:21:16.004905+00:00,2026-09-09T22:21:16.004905,General,-0.1333,Negative,"malian, women, resist, renewed, support, female, genital, mutilation",,,198.0,,2026-09-09,22,Wednesday,198.0,8,62.465999999999994,2026-09-09 22:30:30.312391+00:00
,AllAfrica,Ethiopia: Rising Tigray Tensions Test African Union,[HRW] AU Should Act Before Conflict Escalates,,https://allafrica.com/stories/202609090094.html,hrwla@hrw.org (HRW),2026-09-09 22:21:16.005178+00:00,2026-09-09T22:21:16.005178,Security & Conflict,0.0,Neutral,"ethiopia, rising, tigray, tensions, african, union, conflict, escalates",,,97.0,,2026-09-09,22,Wednesday,97.0,8,49.7,2026-09-09 22:30:30.312391+00:00
,AllAfrica,Zimbabwe: 'Order Must Be Maintained' - Govt Orders Crackdown On Illegal Harare Vendors Defying Eviction,"[New Zimbabwe] THE government has declared that illegal vending in Harare's Central Business District (CBD) ""is no longer acceptable"" and ""no longer business as usual"", with authorities moving to enforce the use of designated markets and vending bays.",,https://allafrica.com/stories/202609090014.html,Unknown,2026-09-09 22:21:16.005602+00:00,2026-09-09T22:21:16.005602,Politics,-0.2227,Negative,"zimbabwe, illegal, harare, vending, business, longer, order, maintained",,,355.0,,2026-09-09,22,Wednesday,355.0,8,79.95400000000001,2026-09-09 22:30:30.312391+00:00
,AllAfrica,"Zimbabwe: Teachers Cut Working Days to Three, Set Aside Two for Side Hustles, Citing Poor Salaries","[New Zimbabwe] The Amalgamated Rural Teachers Union of Zimbabwe (ARTUZ) says its members will report for duty for only three days a week, citing the failure by the government to address their deteriorating salaries and working conditions.",,https://allafrica.com/stories/202609090013.html,Unknown,2026-09-09 22:21:16.006058+00:00,2026-09-09T22:21:16.006058,Politics,-0.1161,Negative,"zimbabwe, teachers, working, citing, salaries, aside, hustles, amalgamated",,,337.0,,2026-09-09,22,Wednesday,337.0,8,76.022,2026-09-09 22:30:30.312391+00:00
,AllAfrica,Gabon: Gabon Lawmaker Faces Trial Over Assault On Kigali Airport Staff,"[New Times] Gabonese MP Augustin Lobelle Yembi, who was arrested in Kigali following an alleged assault on an employee at Kigali International Airport, has been handed over to authorities in Gabon after diplomatic intervention between Kigali and Libreville, according to Gabonese officials.",,https://allafrica.com/stories/202609090500.html,Unknown,2026-09-09 22:21:16.006485+00:00,2026-09-09T22:21:16.006485,General,0.0091,Neutral,"kigali, gabon, assault, airport, gabonese, lawmaker, faces, trial",,,361.0,,2026-09-09,22,Wednesday,361.0,8,76.282,2026-09-09 22:30:30.312391+00:00
,AllAfrica,"Congo-Kinshasa: Scapegoating Cannot End DR Congo Crisis, Rwandan Envoy Tells UN","[New Times] A Rwandan envoy to the United Nations has told the UN Human Rights Council that lasting peace in eastern DR Congo will require accountability, implementation of existing peace commitments and genuine cooperation, rather than attempts to shift responsibility for the conflict onto Rwanda.",,https://allafrica.com/stories/202609090499.html,Unknown,2026-09-09 22:21:16.006964+00:00,2026-09-09T22:21:16.006964,Security & Conflict,0.1341,Positive,"congo, rwandan, envoy, peace, kinshasa, scapegoating, cannot, crisis",,,379.0,,2026-09-09,22,Wednesday,379.0,8,80.58200000000001,2026-09-09 22:30:30.312391+00:00
,AllAfrica,Nigeria: 'Regina Daniels Didn't Reconcile With Ned Nwoko' - Mother Clarifies,[Premium Times] The actress's appearance at the senator's residence triggered reconciliation and pregnancy speculation months after their acrimonious separation.,,https://allafrica.com/stories/202609090478.html,Unknown,2026-09-09 22:21:16.007345+00:00,2026-09-09T22:21:16.007345,General,0.0,Neutral,"nigeria, regina, daniels, reconcile, nwoko, mother, clarifies, premium",,,238.0,,2026-09-09,22,Wednesday,238.0,8,63.8,2026-09-09 22:30:30.312391+00:00
,AllAfrica,Nigeria: PDP Governorship Camp in Niger Aligns With Tinubu's 2027 Re-Election Bid,"[Leadership] Abuja -- A faction of political supporters associated with Niger State's PDP governorship candidate, Alhaji Muhammad Mamman Nami, has thrown its weight behind President Bola Tinubu as he prepares to seek re-election in 2027.",,https://allafrica.com/stories/202609090225.html,Unknown,2026-09-09 22:21:16.007771+00:00,2026-09-09T22:21:16.007771,Politics,-0.2,Negative,"governorship, niger, tinubu, election, nigeria, aligns, leadership, abuja",,,319.0,,2026-09-09,22,Wednesday,319.0,8,75.9,2026-09-09 22:30:30.312391+00:00
,AllAfrica,"Somalia: Somali Army Commander, Turkey-Trained Troops Welcomed in Mogadishu","[Shabelle] Mogadishu -- Somalia's 21st Gorgor Commando Brigade commander and a contingent of Somali soldiers who completed advanced military training in Turkey have been welcomed at a ceremony in Mogadishu, the military said Wednesday.",,https://allafrica.com/stories/202609090520.html,Unknown,2026-09-09 22:21:16.008186+00:00,2026-09-09T22:21:16.008186,General,0.02,Neutral,"mogadishu, somalia, somali, commander, turkey, welcomed, military, trained",,,311.0,,2026-09-09,22,Wednesday,311.0,8,71.5,2026-09-09 22:30:30.312391+00:00
,AllAfrica,"Nigeria: KC Luxury Asks Court to Lift 30-Day Detention Order, NDLEA Justifies Drugs Suspect's Remand","[Premium Times] Relying on Sections 293 to 299 of the ACJA, particularly Section 296(1), the lawyer said the law did not permit a court to order a suspect's remand for more than 14 days in the first instance.",,https://allafrica.com/stories/202609090519.html,Unknown,2026-09-09 22:21:16.008675+00:00,2026-09-09T22:21:16.008675,General,0.3056,Positive,"court, order, suspect, remand, nigeria, luxury, detention, ndlea",,,309.0,,2026-09-09,22,Wednesday,309.0,8,77.012,2026-09-09 22:30:30.312391+00:00
,AllAfrica,Nigeria: Police Arraign 87-Year-Old Man for Allegedly Attacking Judge With Cutlass in Court,[Premium Times] Dahiru Garba allegedly attacked an area court judge with a cutlass during court proceedings.,,https://allafrica.com/stories/202609090518.html,Unknown,2026-09-09 22:21:16.009028+00:00,2026-09-09T22:21:16.009028,General,-0.1,Negative,"court, allegedly, judge, cutlass, nigeria, police, arraign, attacking",,,200.0,,2026-09-09,22,Wednesday,200.0,8,62.0,2026-09-09 22:30:30.312391+00:00
,AllAfrica,Nigeria: Attack On Obi Affront On Nigeria's Democracy - Wabara,"[Vanguard] UMUAHIA -- Former Senate President and Chairman of the Board of Trustees of the Peoples Democratic Party, PDP, Senator Adolphus Wabara, has condemned the reported attack on and obstruction of the convoy of the presidential candidate of the Nigeria Democratic Congress, NDC, Peter Obi, in Benue State.",,https://allafrica.com/stories/202609090516.html,Unknown,2026-09-09 22:21:16.009457+00:00,2026-09-09T22:21:16.009457,Politics,0.0,Neutral,"nigeria, attack, wabara, democratic, affront, democracy, vanguard, umuahia",,,374.0,,2026-09-09,22,Wednesday,374.0,8,77.4,2026-09-09 22:30:30.312391+00:00
,AllAfrica,"Nigeria: 2027 - Rivers Adp Flags Off Campaign, Promises 500,000 Jobs","[Vanguard] PORT HARCOURT -- The Rivers State chapter of the Action Democratic Party, ADP, has formally flagged off its 2027 governorship campaign, with its candidate, Angel Lawson, promising to create 500,000 direct and indirect jobs within the first year of his administration if elected.",,https://allafrica.com/stories/202609090514.html,Unknown,2026-09-09 22:21:16.009946+00:00,2026-09-09T22:21:16.009946,General,0.1625,Positive,"rivers, campaign, nigeria, flags, promises, vanguard, harcourt, state",,,358.0,,2026-09-09,22,Wednesday,358.0,8,79.05000000000001,2026-09-09 22:30:30.312391+00:00
,AllAfrica,Kenya: Zimbabwean Tycoon Chivayo Says $200m Kenya Investment Is Finally Taking Shape After Ruto Meeting,"[Capital FM] Nairobi -- Zimbabwean businessman Wicknell Chivayo says his planned US$200 million investment in Kenya through infrastructure projects is finally moving from discussions to reality following a nearly three-hour meeting with President William Ruto at State House, Nairobi.",,https://allafrica.com/stories/202609090506.html,Unknown,2026-09-09 22:21:16.010417+00:00,2026-09-09T22:21:16.010417,Health,0.025,Neutral,"kenya, zimbabwean, chivayo, investment, finally, meeting, nairobi, tycoon",,Kenya Politics,388.0,,2026-09-09,22,Wednesday,388.0,8,79.30000000000001,2026-09-09 22:30:30.312391+00:00
,AllAfrica,Nigeria: NDLEA Arrests Fugitive Suspected Drug Kingpin Linked to 49.7kg Heroin Seizure,[Premium Times] The suspected drug trafficker was said to be on the run for about two years before his recent arrest outside Nigeria.,,https://allafrica.com/stories/202609090476.html,Unknown,2026-09-09 22:21:16.010773+00:00,2026-09-09T22:21:16.010773,General,-0.0167,Neutral,"nigeria, suspected, ndlea, arrests, fugitive, kingpin, linked, heroin",,,220.0,,2026-09-09,22,Wednesday,220.0,8,62.334,2026-09-09 22:30:30.312391+00:00
,AllAfrica,Liberia: CSOs Press Boakai to End Courts' Delays,[Liberian Observer] A Civil society coalition has warned that the prolonged inaction on War and Economic Crimes Court (WECC) and National Anti-Corruption Court (NACC) is deepening impunity and testing the country's credibility ahead of the UN Security Council presidency.,,https://allafrica.com/stories/202609090465.html,editor@liberianobserver.com (Liberian Observer),2026-09-09 22:21:16.011192+00:00,2026-09-09T22:21:16.011192,Security & Conflict,0.2,Positive,"court, liberia, press, boakai, courts, delays, liberian, observer",,,320.0,,2026-09-09,22,Wednesday,320.0,8,76.0,2026-09-09 22:30:30.312391+00:00
,AllAfrica,Uganda: Uganda Takes 'Pearl Sweet' Crude to Global Market At Appec 2026,"[Independent (Kampala)] Kampala -- Uganda has formally introduced its crude oil, branded Pearl Sweet, to the global petroleum market at the Asia Pacific Petroleum Conference (APPEC) 2026 in Singapore, as the country moves closer to first oil production. The unveiling on Tuesday followed President Yoweri Kaguta Museveni's naming of Uganda's crude oil as Pearl Sweet during his recent visit to the Kingfisher Development Area.",,https://allafrica.com/stories/202609090460.html,Unknown,2026-09-09 22:21:16.011787+00:00,2026-09-09T22:21:16.011787,Politics,-0.0727,Negative,"uganda, pearl, sweet, crude, global, market, appec, kampala",,,498.0,,2026-09-09,22,Wednesday,498.0,8,91.254,2026-09-09 22:30:30.312391+00:00
,AllAfrica,Liberia: Boakai Tells Superintendents Their Job Is Not Receiving Visiting Officials,[Liberian Investigator] MONROVIA -- President Joseph Nyuma Boakai used a commissioning ceremony to tell newly sworn-in county superintendents that too many of them treat the office as a receiving line for visiting dignitaries. He also warned officials taking over state-owned enterprises that jobs and contracts can no longer be awarded based on relationships.,,https://allafrica.com/stories/202609090459.html,Unknown,2026-09-09 22:21:16.012401+00:00,2026-09-09T22:21:16.012401,Politics,0.3182,Positive,"boakai, superintendents, receiving, visiting, officials, liberia, tells, liberian",,,444.0,,2026-09-09,22,Wednesday,444.0,8,90.76400000000001,2026-09-09 22:30:30.312391+00:00
,AllAfrica,"Nigeria: Sachet Alcohol 'Became Uncontrollable', Encourages Banditry - NAFDAC","[Vanguard] The National Agency for Food and Drug Administration and Control, NAFDAC, has linked the indiscriminate consumption of alcohol to banditry in Nigeria, warning that excessive alcohol use can also damage vital organs of the human body.",,https://allafrica.com/stories/202609090362.html,Unknown,2026-09-09 22:21:16.012875+00:00,2026-09-09T22:21:16.012875,General,-0.05,Neutral,"alcohol, nigeria, banditry, nafdac, sachet, became, uncontrollable, encourages",,,322.0,,2026-09-09,22,Wednesday,322.0,8,73.2,2026-09-09 22:30:30.312391+00:00
,AllAfrica,"Kenya: Govt Deploys Automatic Terminal Information Service At JKIA to Improve Management of Arriving, Departing Flights","[Capital FM] Nairobi -- The government is tightening operational and security controls at Jomo Kenyatta International Airport (JKIA), deploying new flight-information and passenger-data systems as it seeks to improve processing, strengthen oversight and curb irregular baggage handling.",,https://allafrica.com/stories/202609090361.html,Unknown,2026-09-09 22:21:16.013332+00:00,2026-09-09T22:21:16.013332,Politics,0.0682,Positive,"information, improve, kenya, deploys, automatic, terminal, service, management",,,406.0,,2026-09-09,22,Wednesday,406.0,8,81.964,2026-09-09 22:30:30.312391+00:00
,AllAfrica,Uganda: Ruto Directive Triggers Exodus of Foreign Traders At Uganda-Kenya Border,"[Nile Post] A directive by Kenyan President William Ruto to shut down small-scale businesses operated by foreign nationals without the required work permits has triggered an exodus of traders, with Uganda-Kenya border crossings recording an increasing number of people leaving the country.",,https://allafrica.com/stories/202609090360.html,Unknown,2026-09-09 22:21:16.013760+00:00,2026-09-09T22:21:16.013760,Politics,-0.1352,Negative,"uganda, directive, exodus, foreign, traders, kenya, border, triggers",,Kenya Politics,370.0,,2026-09-09,22,Wednesday,370.0,8,79.704,2026-09-09 22:30:30.312391+00:00
,AllAfrica,"South Africa: Western Cape Govt, Mossel Bay Agree On Interim Diaz Beach Measures",[SAnews.gov.za] The Western Cape Government and Mossel Bay Municipality have agreed on interim emergency measures to address the serious and ongoing coastal erosion risks at Diaz Beach.,,https://allafrica.com/stories/202609090359.html,Unknown,2026-09-09 22:21:16.014369+00:00,2026-09-09T22:21:16.014369,Politics,-0.1111,Negative,"western, mossel, interim, beach, measures, south, africa, agree",,,266.0,,2026-09-09,22,Wednesday,266.0,8,68.82199999999999,2026-09-09 22:30:30.312391+00:00
,AllAfrica,Kenya: Motorists Face 12-Day Diversion At Westlands Expressway Exit,[Capital FM] Nairobi -- Motorists using the Nairobi Expressway have been warned of a temporary traffic diversion at the Westlands exit as maintenance and construction work on the elevated overpass begins.,,https://allafrica.com/stories/202609090355.html,Unknown,2026-09-09 22:21:16.014718+00:00,2026-09-09T22:21:16.014718,General,0.0,Neutral,"motorists, diversion, westlands, expressway, nairobi, kenya, capital, using",,,272.0,,2026-09-09,22,Wednesday,272.0,8,67.2,2026-09-09 22:30:30.312391+00:00
,AllAfrica,Nigeria: Central Bank to Prioritise Terrorism Financing Supervision,"[Premium Times] The supervisory focus would cover terrorism-financing risk management, transaction monitoring, targeted financial sanctions implementation and suspicious transaction reporting related to terrorism financing",,https://allafrica.com/stories/202609090285.html,Unknown,2026-09-09 22:21:16.015089+00:00,2026-09-09T22:21:16.015089,Security & Conflict,0.0,Neutral,"terrorism, financing, transaction, nigeria, central, prioritise, supervision, premium",,,290.0,,2026-09-09,22,Wednesday,290.0,8,69.0,2026-09-09 22:30:30.312391+00:00
,AllAfrica,Nigeria: Why Ogogo Entrusted Me With N25 Million Before His Death - Ilaro Chief Imam,[Premium Times] The Chief Imam said he had documented the transaction and informed members of the actor's family before the actor's death.,,https://allafrica.com/stories/202609090286.html,Unknown,2026-09-09 22:21:16.015477+00:00,2026-09-09T22:21:16.015477,General,0.0,Neutral,"death, chief, actor, nigeria, ogogo, entrusted, million, ilaro",,,223.0,,2026-09-09,22,Wednesday,223.0,8,62.3,2026-09-09 22:30:30.312391+00:00
,AllAfrica,Kenya: Health Ministry Rolls Out El Ni&#xf1;o Plan in 18 High-Risk Counties,"[Capital FM] Nairobi -- The Ministry of Health has activated its El Ni&#xf1;o preparedness plan in 18 high-risk counties as Kenya braces for heavy rains expected during the October-December season, with officials warning of increased flooding, displacement and outbreaks of waterborne and vector-borne diseases.",,https://allafrica.com/stories/202609090284.html,Unknown,2026-09-09 22:21:16.015936+00:00,2026-09-09T22:21:16.015936,Health,-0.15,Negative,"kenya, health, ministry, counties, rolls, capital, nairobi, activated",,,387.0,,2026-09-09,22,Wednesday,387.0,8,81.7,2026-09-09 22:30:30.312391+00:00
,The Africa Report,Tanezrouft: Will a desert penal colony be enough to deter Algeria’s drug lords?,"Algeria’s president is toughening his stance on crime and unveiling severe repressive measures. Among them, the death penalty for arson and a vast prison for drug traffickers in one of the Earth’s harshest environments.",,https://www.theafricareport.com/430287/tanezrouft-will-a-desert-penal-colony-be-enough-to-deter-algerias-drug-lords/,Arezki Saïd,2026-09-09 15:00:00+00:00,2026-09-09T22:21:16.530781,Politics,0.0,Neutral,"algeria, tanezrouft, desert, penal, colony, enough, deter, lords",,,299.0,,2026-09-09,15,Wednesday,299.0,8,69.9,2026-09-09 22:30:30.312391+00:00
,The Africa Report,Nigeria 2027: El-Rufai’s detention denies opposition fireworks and strategy,"As Nigeria’s opposition firebrand Nasir El-Rufai continues to languish in jail, less than a year before the elections, some leaders are starting to look beyond the charges and calling out the bias.",,https://www.theafricareport.com/430291/nigeria-2027-el-rufais-detention-denies-opposition-fireworks-and-strategy/,Oladimeji Ramon,2026-09-09 13:00:00+00:00,2026-09-09T22:21:16.531314,Politics,-0.0889,Negative,"nigeria, rufai, opposition, detention, denies, fireworks, strategy, firebrand",,,273.0,,2026-09-09,13,Wednesday,273.0,8,69.078,2026-09-09 22:30:30.312391+00:00
,The Africa Report,"Cameroon: Six skulls, a century in exile and a colonial history still to be unearthed","After a rare and elaborate ceremony, six skulls belonging to Cameroonian chiefs were repatriated from Germany in July. With around 600 sets of human remains still in the European country, how will the vast human and cultural heritage plundered by colonial powers be returned?",,https://www.theafricareport.com/430212/cameroon-six-skulls-a-century-in-exile-and-a-colonial-history-still-to-be-unearthed/,Georges Dougueli,2026-09-09 12:00:00+00:00,2026-09-09T22:21:16.531840,General,0.1286,Positive,"skulls, colonial, human, cameroon, century, exile, history, unearthed",,,361.0,,2026-09-09,12,Wednesday,361.0,8,78.672,2026-09-09 22:30:30.312391+00:00
,The Africa Report,"Nigeria: TGI targets West Africa growth as Reliance, Wilmar deals take shape","Nigeria’s TGI is laying the groundwork for new ventures with Reliance and Wilmar, betting on Asian expertise and local market knowledge to drive its next phase of growth.",,https://www.theafricareport.com/430236/nigeria-tgi-targets-west-africa-growth-as-reliance-wilmar-deals-take-shape/,‘Femi Asu,2026-09-09 09:30:00+00:00,2026-09-09T22:21:16.532304,Business,0.0341,Neutral,"nigeria, growth, reliance, wilmar, targets, africa, deals, shape",,,247.0,,2026-09-09,9,Wednesday,247.0,8,65.382,2026-09-09 22:30:30.312391+00:00
,The Africa Report,"As blackout protests pile pressure on Barrow, can Senegal and Guinea keep The Gambia’s lights on?","Blackouts are spilling onto the streets just months before the December election in Banjul, with reduced electricity supply from Senegal and Guinea leaving President Adama Barrow battling a crisis with growing political consequences.",,https://www.theafricareport.com/430218/as-blackout-protests-pile-pressure-on-barrow-can-senegal-and-guinea-keep-gambias-lights-on/,Sheriff Bojang Jnr,2026-09-09 08:12:08+00:00,2026-09-09T22:21:16.532755,Politics,0.0,Neutral,"barrow, senegal, guinea, blackout, protests, pressure, gambia, lights",,,331.0,,2026-09-09,8,Wednesday,331.0,8,73.1,2026-09-09 22:30:30.312391+00:00
,The Africa Report,Ghana wants an EV revolution. Can its grid afford it?,"Ghana wants to become a West African EV hub, but cars, factories, mines and data centres are converging on a power grid already under pressure.",,https://www.theafricareport.com/430195/ghana-wants-an-ev-revolution-can-its-grid-afford-it/,Kent Mensah,2026-09-09 06:27:31+00:00,2026-09-09T22:21:16.533175,General,0.1333,Positive,"ghana, wants, revolution, afford, become, african, factories, mines",,,197.0,,2026-09-09,6,Wednesday,197.0,8,62.366,2026-09-09 22:30:30.312391+00:00
,The Africa Report,"Boeing, Airbus, Embraer: Who stands to gain from Africa’s growing air traffic?","Intra-African connectivity is the key to a burgeoning market for mid-range aircraft. Between reliance on second-hand aircraft, delivery delays and rising competition, nothing is guaranteed for the current number one, Boeing, which faces rivals from Europe, Brazil and China.",,https://www.theafricareport.com/430161/boeing-airbus-embraer-who-stands-to-gain-from-africas-growing-air-traffic/,Salimata Koné,2026-09-09 05:00:00+00:00,2026-09-09T22:21:16.533643,Business,0.0,Neutral,"boeing, aircraft, airbus, embraer, stands, africa, growing, traffic",,,353.0,,2026-09-09,5,Wednesday,353.0,8,75.30000000000001,2026-09-09 22:30:30.312391+00:00
,Africa Is a Country,Somalia’s uncertain hand-off,"As the UN and the US pull back from Somalia’s security architecture within months of each other, Mogadishu insists it is ready. The gap between that confidence and the country’s political reality tells a different story.",,https://africasacountry.com/2026/09/somalias-uncertain-hand-off,Mahbub Abdillahi,2026-09-09 22:21:17.820327+00:00,2026-09-09T22:21:17.820327,Health,0.0493,Neutral,"somalia, security, political, international, mission, somali, support, country",,,11994.0,,2026-09-09,22,Wednesday,11994.0,8,1240.3860000000002,2026-09-09 22:30:30.312391+00:00
,How We Made It In Africa,Building trust: How one developer in Zanzibar built investment safety into the resort’s structure,"When Christopher Nash arrived in Zanzibar in 2021, he was not expecting to build a village.",,https://www.howwemadeitinafrica.com/p/building-trust-how-one-developer,How we made it in Africa,2026-09-09 22:21:21.682492+00:00,2026-09-09T22:21:21.682492,Health,0.1416,Positive,"zanzibar, local, liyongo, community, build, kendwa, itself, rather",,,5684.0,,2026-09-09,22,Wednesday,5684.0,8,611.232,2026-09-09 22:30:30.312391+00:00
,How We Made It In Africa,Betting the family home on sausages in Rwanda,"Herve Tuyishime started his own business with a simple ambition: to build a better life for himself and his family. A few years later, that same ambition cost them their home.",,https://www.howwemadeitinafrica.com/p/betting-the-family-home-on-sausages,How we made it in Africa,2026-09-09 22:21:21.685078+00:00,2026-09-09T22:21:21.685078,Business,0.0757,Positive,"family, tuyishime, business, ambition, rwanda, moved, herve, started",,,1745.0,,2026-09-09,22,Wednesday,1745.0,8,216.014,2026-09-09 22:30:30.312391+00:00
,Africa.com,"Africa Gas Forum 2027 To Put Africa’s Gas Opportunity, Infrastructure And Industrial Growth In The Spotlight","Africa possesses some of the world’s most significant undeveloped natural gas resources, but the challenge facing the continent is increasingly clear: how does Africa move from discovery to delivery and turn its gas wealth into energy security, industrialisation, jobs and economic growth? This question will be at the centre of the&#160;Africa Gas Forum 2027, taking [&#8230;]",,https://africa.com/headlines/africa-gas-forum-2027-to-put-africas-gas-opportunity-infrastructure-and-industrial-growth-in-the-spotlight,SG Editor,2026-09-09 14:40:43+00:00,2026-09-09T22:21:28.701091,Security & Conflict,0.2542,Positive,"africa, forum, growth, opportunity, infrastructure, industrial, spotlight, possesses",,,486.0,,2026-09-09,14,Wednesday,486.0,8,93.684,2026-09-09 22:30:30.312391+00:00
,Africa.com,Nigerian Community Takes On Shell Over Decades Of Gas Flaring,"Communities in Nigeria&#8217;s oil-rich Bayelsa State say they are still living with the effects of gas flaring, blaming decades of pollution for harming their health and damaging fishing and farming livelihoods. This story is written and edited by Global South World Footage from Gbarantoru in the Ekpetiama Kingdom shows gas burning continuously near homes as residents [&#8230;]",,https://africa.com/global-south-world/nigerian-community-takes-on-shell-over-decades-of-gas-flaring,SG Editor,2026-09-09 14:12:17+00:00,2026-09-09T22:21:28.701718,Health,0.1167,Positive,"decades, flaring, nigerian, community, takes, shell, communities, nigeria",shell,,443.0,,2026-09-09,14,Wednesday,443.0,8,86.63400000000001,2026-09-09 22:30:30.312391+00:00
,Africa.com,Algeria Moves To Reinstate Death Penalty For Deliberate Arson,"Algeria plans to reinstate the death penalty for people convicted of deliberately starting wildfires following a recent wave of deadly fires. This story is written and edited by Global South World President Abdelmadjid Tebboune said on Sunday, August 30, that Algeria would amend its Criminal Code before 15 September to allow capital punishment for deliberate arson. [&#8230;]",,https://africa.com/knowledge-partners/algeria-moves-to-reinstate-death-penalty-for-deliberate-arson,SG Editor,2026-09-09 14:02:48+00:00,2026-09-09T22:21:28.702328,Politics,-0.05,Negative,"algeria, reinstate, death, penalty, deliberate, arson, moves, plans",,,439.0,,2026-09-09,14,Wednesday,439.0,8,84.9,2026-09-09 22:30:30.312391+00:00
,Africa.com,The Art Of Photography: The Sea Point Promenade Photographic Exhibition Competition Is Back!,"For the past six years, the Sea Point Promenade has brought photography out of the gallery and into the public landscape. Set along one of Cape Town’s most iconic public spaces, the exhibition gives South African photographers a unique platform to have their work seen by thousands of locals and international visitors. As you explore [&#8230;]",,https://africa.com/lifestyle/the-art-of-photography-the-sea-point-promenade-photographic-exhibition-competition-is-back,SG Editor,2026-09-09 13:37:26+00:00,2026-09-09T22:21:28.702974,General,0.1375,Positive,"photography, point, promenade, exhibition, public, photographic, competition, brought",,,437.0,,2026-09-09,13,Wednesday,437.0,8,86.45,2026-09-09 22:30:30.312391+00:00
,Africa.com,Payments Are Becoming The Operating System Of Banking,"By Margaret Nienaber, Standard Bank Group COO In a Kampala market, a trader settles the day’s takings on her phone before the shutters come down. In Nairobi, an importer pays a supplier in Shenzhen before the call has ended. In Johannesburg, a small business owner pays staff, suppliers and tax from one screen before opening [&#8230;]",,https://africa.com/economy-finance/payments-are-becoming-the-operating-system-of-banking,SG Editor,2026-09-09 13:27:01+00:00,2026-09-09T22:21:28.703601,Business,0.0589,Positive,"payments, becoming, operating, system, banking, margaret, nienaber, standard",standard bank,,389.0,,2026-09-09,13,Wednesday,389.0,8,80.078,2026-09-09 22:30:30.312391+00:00
,Africa.com,"Connected, But Not Yet Earning: Africa’s Next Digital Divide","Connectivity is expanding faster than at any point in the continent’s history. Whether getting online changes what people can build, sell and earn is a separate question, and it is the one that should define the next phase of digital inclusion. A young designer in Kenya can own a 4G smartphone, hold more than one [&#8230;]",,https://africa.com/media/connected-but-not-yet-earning-africas-next-digital-divide,Editor,2026-09-09 13:24:53+00:00,2026-09-09T22:21:28.704255,General,0.1812,Positive,"digital, connected, earning, africa, divide, connectivity, expanding, faster",,,385.0,,2026-09-09,13,Wednesday,385.0,8,82.124,2026-09-09 22:30:30.312391+00:00
,Africa.com,Africa’s Mobility Opportunity Needs The Right Conditions To Thrive,"By Deepesh Thomas, General Manager, Sub-Saharan Africa &#38; Morocco, Uber Africa has never lacked ambition or an appetite for innovation. Across the continent, technology has transformed how people communicate, access financial services, run businesses and participate in the economy. Mobility has the potential to be the next great chapter of that story.&#160;By 2050, Africa’s urban [&#8230;]",,https://africa.com/opinion/africas-mobility-opportunity-needs-the-right-conditions-to-thrive,SG Editor,2026-09-09 13:19:45+00:00,2026-09-09T22:21:28.704953,Business,0.1732,Positive,"africa, mobility, opportunity, needs, conditions, thrive, deepesh, thomas",uber africa,,462.0,,2026-09-09,13,Wednesday,462.0,8,89.664,2026-09-09 22:30:30.312391+00:00
,Africa.com,Ezra Collective Sound The Arrival Of A New Musical Era With “Jubilee Feeling”,"Mercury Prize-winning and BRIT Award-winning UK jazz collective Ezra Collective return with their new single and music video, “Jubilee Feeling,” ahead of their highly anticipated album Here Because of Hope, set for release on 11 September 2026. Led by drummer and bandleader Femi Koleoso, the London five-piece have become a defining force in contemporary jazz, [&#8230;]",,https://africa.com/african-music/ezra-collective-sound-the-arrival-of-a-new-musical-era-with-jubilee-feeling,SG Editor,2026-09-09 13:05:58+00:00,2026-09-09T22:21:28.705638,General,0.1472,Positive,"collective, jubilee, feeling, winning, sound, arrival, musical, mercury",,,449.0,,2026-09-09,13,Wednesday,449.0,8,87.84400000000001,2026-09-09 22:30:30.312391+00:00
,Africa.com,Agrifood Investment: Eastern Africa Calls For Action To Turn Opportunities Into Bankable Investments,"FAO Hand-in-Hand Investment Forum identifies priority value chains and strengthens partnerships to accelerate agrifood systems transformation The Food and Agriculture Organization of the United Nations (FAO) has called on agrifood investment stakeholders to take decisive action to turn Eastern Africa’s significant agrifood investment opportunities into bankable investments and tangible development outcomes, following the conclusion of [&#8230;]",,https://africa.com/business/agrifood-investment-eastern-africa-calls-for-action-to-turn-opportunities-into-bankable-investments,SG Editor,2026-09-09 12:54:11+00:00,2026-09-09T22:21:28.706286,Business,0.165,Positive,"agrifood, investment, eastern, africa, action, opportunities, bankable, investments",,,549.0,,2026-09-09,12,Wednesday,549.0,8,98.2,2026-09-09 22:30:30.312391+00:00
,Africa.com,When Corruption Becomes Culture In Nigeria,"By Isah Sani Corruption is not confined to&#160;the government&#160;alone. It also extends into segments of the private sector, where unethical practices such as favouritism in recruitment, manipulation of procurement processes, and weak internal oversight can occur. In some cases,&#160;organisations originally established&#160;to promote development and transparency have struggled with governance challenges, occasionally drifting away from their [&#8230;]",,https://africa.com/opinion/when-corruption-becomes-culture-in-nigeria,SG Editor,2026-09-09 12:25:04+00:00,2026-09-09T22:21:28.706906,Politics,0.0357,Neutral,"corruption, becomes, culture, nigeria, confined, government, alone, extends",,,503.0,,2026-09-09,12,Wednesday,503.0,8,91.01400000000001,2026-09-09 22:30:30.312391+00:00
,TechPoint Africa,"Kenya changes short code rules, making one code work across networks","On Techpoint Digest, we discuss Kenya's desire for a single short code for everyone, AI's approach to Africa's radiology gap, ARC Ride's $33.3 million investment in electric bikes, and Algeria's opening of a tender for 3,000 areas.",,https://techpoint.africa/insight/techpoint-digest-1428/,Victoria Fakiya,2026-09-09 07:00:00+00:00,2026-09-09T22:21:29.525446,Business,-0.0238,Neutral,"kenya, short, changes, rules, making, across, networks, techpoint",,,300.0,,2026-09-09,7,Wednesday,300.0,8,70.476,2026-09-09 22:30:30.312391+00:00
,TechPoint Africa,Nexus AI is bringing AI-powered X-ray screening to places with few radiologists,"Nexus AI is using AI-powered X-ray screening to help healthcare facilities in Africa identify possible abnormalities faster, even in places with limited access to radiologists, reliable electricity, and Internet connectivity.",,https://techpoint.africa/feature/nexus-ai-powered-x-ray-screening/,Delight Sunny,2026-09-09 03:00:00+00:00,2026-09-09T22:21:29.525922,AI & Tech,-0.0905,Negative,"nexus, powered, screening, places, radiologists, bringing, using, healthcare",,,305.0,,2026-09-09,3,Wednesday,305.0,8,72.31,2026-09-09 22:30:30.312391+00:00
,Disrupt Africa,Egyptian AI startup Velents expands into Bahrain,"Egyptian startup Velents, which specialises in enterprise AI solutions, has continued its rapid expansion across the MENA region by launching in Bahrain. Founded by entrepreneurs Mohamed Gaber and Abdulaziz Almuhaydib, Velents is powered by a joint Egyptian-Saudi team. Originally focused on recruitment, the company relaunched in 2023 with a broader mission – to help organisations [...] The post Egyptian AI startup Velents expands into Bahrain appeared first on Disrupt Africa.",,https://disruptafrica.com/2026/09/09/egyptian-ai-startup-velents-expands-into-bahrain/?utm_source=rss&utm_medium=rss&utm_campaign=egyptian-ai-startup-velents-expands-into-bahrain,Tom Jackson,2026-09-09 09:00:11+00:00,2026-09-09T22:21:30.690979,AI & Tech,0.1684,Positive,"bahrain, velents, egyptian, startup, enterprise, across, expands, solutions",,,2176.0,,2026-09-09,9,Wednesday,2176.0,8,260.968,2026-09-09 22:30:30.312391+00:00
,Disrupt Africa,"SA’s Injini launches AI for Education venture builder, incubation programme","The Cape Town-based Injini, an ed-tech incubator, accelerator and think tank, has launched its AI for Education venture builder and incubation programme, which takes pre-formed teams from the ideation stage to launching market-ready, impactful ed-tech startups. Founded in 2017, Injini, which is a member of the UVU Africa Group, is a registered non-profit company that [...] The post SA’s Injini launches AI for Education venture builder, incubation programme appeared first on Disrupt Africa.",,https://disruptafrica.com/2026/09/09/sas-injini-launches-ai-for-education-venture-builder-incubation-programme/?utm_source=rss&utm_medium=rss&utm_campaign=sas-injini-launches-ai-for-education-venture-builder-incubation-programme,Tom Jackson,2026-09-09 07:00:13+00:00,2026-09-09T22:21:30.693630,AI & Tech,0.2043,Positive,"injini, education, venture, builder, incubation, africa, programme, teams",uba,,3120.0,,2026-09-09,7,Wednesday,3120.0,8,356.086,2026-09-09 22:30:30.312391+00:00
,Disrupt Africa,Kenya’s ARC Ride secures $33.3m financing to scale electric mobility infrastructure,Kenyan electric mobility startup ARC Ride has completed a US$33.3 million financing round to accelerate the rollout of its battery swapping infrastructure and expand access to affordable electric transport across the continent. ARC Ride operates a Battery-as-a-Service (BaaS) model for two- and three-wheeler transport that allows riders to switch to electric motorcycles and swap depleted [...] The post Kenya’s ARC Ride secures $33.3m financing to scale electric mobility infrastructure appeared fi,,https://disruptafrica.com/2026/09/09/kenyas-arc-ride-secures-33-3m-financing-to-scale-electric-mobility-infrastructure/?utm_source=rss&utm_medium=rss&utm_campaign=kenyas-arc-ride-secures-33-3m-financing-to-scale-electric-mobility-infrastructure,Tom Jackson,2026-09-09 06:00:55+00:00,2026-09-09T22:21:30.696746,Business,0.1411,Positive,"electric, mobility, financing, infrastructure, africa, battery, across, scale",,,3695.0,,2026-09-09,6,Wednesday,3695.0,8,412.322,2026-09-09 22:30:30.312391+00:00
,Connecting Africa,"Vodafone, Cassava, Elsewedy Electric unveil $1B Egypt data center project","Vodafone Business, Cassava Technologies and Elsewedy Electric signed an agreement to establish a major data center project in Egypt, with total investments projected to reach $1 billion upon completion.",,https://www.connectingafrica.com/data-centers/vodafone-cassava-elsewedy-electric-unveil-1b-egypt-data-center-project,Matshepo Sehloho,2026-09-09 22:21:35.202738+00:00,2026-09-09T22:21:35.202738,Business,-0.0344,Neutral,"vodafone, cassava, elsewedy, electric, egypt, center, project, unveil",,,276.0,,2026-09-09,22,Wednesday,276.0,8,68.288,2026-09-09 22:30:30.312391+00:00
,Connecting Africa,Gulf crisis: Changing cloud strategies and opportunities for Africa,The ongoing conflict in the Gulf region has underscored the need for geopolitical stability and physical security for cloud infrastructure and eyes are turning to Africa as an investment alternative.,,https://www.connectingafrica.com/cloud-networking/gulf-crisis-changing-cloud-strategies-and-opportunities-for-africa,Francis Hook,2026-09-09 22:21:35.203159+00:00,2026-09-09T22:21:35.203159,Business,0.0,Neutral,"cloud, africa, crisis, changing, strategies, opportunities, ongoing, conflict",,,267.0,,2026-09-09,22,Wednesday,267.0,8,66.7,2026-09-09 22:30:30.312391+00:00
,TechTrends Kenya,iPhone 18 Pro overview: Apple refines the iPhone while Duo changes what comes next,"Apple&#8217;s iPhone 18 Pro arrives with a familiar shape, but the September 9 launch makes it clear that Apple is putting more of its engineering effort inside that shape. The 18 Pro and 18 Pro Max bring a 48MP main camera with variable aperture, the 2nm A20 Pro chip, a larger thermal system, longer battery &#8230; The post iPhone 18 Pro overview: Apple refines the iPhone while Duo changes what comes next appeared first on TechTrendsKE.",,https://techtrendske.co.ke/2026/09/09/iphone-18-pro-overview/,By George Kamau,2026-09-09 19:26:57+00:00,2026-09-09T22:21:36.100386,General,0.174,Positive,"iphone, apple, overview, refines, changes, comes, shape, arrives",,,524.0,,2026-09-09,19,Wednesday,524.0,8,95.88000000000001,2026-09-09 22:30:30.312391+00:00
,TechTrends Kenya,iPhone 18 Pro preview: The iPhones that changed Apple’s formula and what comes next,"Apple will unveil the iPhone 18 Pro later today, alongside its first foldable iPhone, according to the company’s announced launch plans. Reports ahead of the event point to a familiar Pro design with several significant changes under the surface, including a new A20 Pro chip, a variable-aperture main camera, a smaller Dynamic Island, 12GB of &#8230; The post iPhone 18 Pro preview: The iPhones that changed Apple’s formula and what comes next appeared first on TechTrendsKE.",,https://techtrendske.co.ke/2026/09/09/iphone-18-pro-preview/,By George Kamau,2026-09-09 12:59:06+00:00,2026-09-09T22:21:36.101299,General,0.1294,Positive,"iphone, apple, preview, iphones, changed, formula, comes, unveil",,,560.0,,2026-09-09,12,Wednesday,560.0,8,98.588,2026-09-09 22:30:30.312391+00:00
,TechTrends Kenya,Samsung Galaxy S26 FE and the long evolution of Samsung’s Fan Edition strategy,"Samsung&#8217;s Galaxy S26 FE arrives at a point where the Fan Edition formula has become very different from what Samsung established with the Galaxy S20 FE. The first FE was built around a simple proposition: take the hardware that made the flagship Galaxy S20 desirable, keep the features that mattered most, and remove some of &#8230; The post Samsung Galaxy S26 FE and the long evolution of Samsung&#8217;s Fan Edition strategy appeared first on TechTrendsKE.",,https://techtrendske.co.ke/2026/09/09/samsung-galaxy-s26-fe-kenya/,By George Kamau,2026-09-09 12:43:00+00:00,2026-09-09T22:21:36.102129,General,0.1286,Positive,"samsung, galaxy, edition, evolution, strategy, arrives, point, formula",,,543.0,,2026-09-09,12,Wednesday,543.0,8,96.87200000000001,2026-09-09 22:30:30.312391+00:00
,TechTrends Kenya,DStv is reshaping its packages in South Africa. What does it mean for Kenya?,"DStv is about to make one of its biggest changes to its South African package structure in years, separating sports and entertainment into more targeted offerings while creating cheaper streaming entry points. Kenya has been moving in a different direction. From September 17, South African customers will be able to subscribe to a dedicated Sports &#8230; The post DStv is reshaping its packages in South Africa. What does it mean for Kenya? appeared first on TechTrendsKE.",,https://techtrendske.co.ke/2026/09/09/dstv-packages-south-africa-kenya/,By George Kamau,2026-09-09 12:35:03+00:00,2026-09-09T22:21:36.102877,General,0.0781,Positive,"south, kenya, reshaping, packages, africa, african, sports, biggest",,,551.0,,2026-09-09,12,Wednesday,551.0,8,96.66199999999999,2026-09-09 22:30:30.312391+00:00
,TechTrends Kenya,Why AI agents need an identity of their own as enterprises give them real access,"AI agents become considerably more complicated once they are allowed to do more than answer questions. An agent that can retrieve information, call an API, update a record or trigger a workflow needs access to the systems where that work happens. At that point, an enterprise needs to know more than whether a request came &#8230; The post Why AI agents need an identity of their own as enterprises give them real access appeared first on TechTrendsKE.",,https://techtrendske.co.ke/2026/09/09/wso2con-africa-2026-ai-agent-identity/,By George Kamau,2026-09-09 12:21:10+00:00,2026-09-09T22:21:36.103569,AI & Tech,0.3167,Positive,"agents, access, identity, enterprises, needs, become, considerably, complicated",,,533.0,,2026-09-09,12,Wednesday,533.0,8,99.63400000000001,2026-09-09 22:30:30.312391+00:00
,TechTrends Kenya,Stablecoins are getting a direct route into Africa’s local payment rails through DCSPay and Kotani Pay,"DCSPay, the stablecoin payments platform run by DCS Group, has collaborated with African payment infrastructure provider Kotani Pay to expand stablecoin-funded payouts and local fiat settlement across several African markets. The partnership will initially launch in Nigeria before extending to Kenya, Ghana, Egypt, South Africa, and Tanzania. It will connect DCSPay’s stablecoin payment infrastructure with &#8230; The post Stablecoins are getting a direct route into Africa’s local payment rails th",,https://techtrendske.co.ke/2026/09/09/stablecoin-payments-africa-dcspay-kotani-pay/,By Tawheda Ali,2026-09-09 11:48:36+00:00,2026-09-09T22:21:36.104334,Business,0.045,Neutral,"payment, dcspay, africa, local, kotani, stablecoin, stablecoins, getting",,,662.0,,2026-09-09,11,Wednesday,662.0,8,107.10000000000001,2026-09-09 22:30:30.312391+00:00
,TechTrends Kenya,Visa puts Featurespace technology to work in upgraded A2A fraud protection,"Visa has upgraded its A2A Protect fraud prevention solution with a unified fraud score that uses Featurespace technology to help banks identify account-to-account (A2A) payment fraud in real time. The new scoring capability is Visa’s first in-market integration of Featurespace technology. It is designed to give financial institutions faster risk signals, helping them identify potentially &#8230; The post Visa puts Featurespace technology to work in upgraded A2A fraud protection appeared first on",,https://techtrendske.co.ke/2026/09/09/visa-a2a-protect-featurespace-fraud-score/,By Tawheda Ali,2026-09-09 11:46:20+00:00,2026-09-09T22:21:36.105127,Business,0.1394,Positive,"fraud, featurespace, technology, upgraded, protection, identify, account, protect",,,589.0,,2026-09-09,11,Wednesday,589.0,8,101.688,2026-09-09 22:30:30.312391+00:00
,TechTrends Kenya,Former JSE CEO Leila Fourie joins Vodacom board ahead of chairman’s retirement,"Vodacom Group has appointed former Johannesburg Stock Exchange (JSE) Chief Executive Officer Leila Fourie as an alternate director to board chairman Saki Macozoma, effective October 9, 2026. Fourie will hold the alternate director position until Macozoma retires on July 20, 2027. She will then join the Vodacom board as a full director. The appointment adds &#8230; The post Former JSE CEO Leila Fourie joins Vodacom board ahead of chairman’s retirement appeared first on TechTrendsKE.",,https://techtrendske.co.ke/2026/09/09/leila-fourie-vodacom-board/,By Caroline Wavinya,2026-09-09 11:31:48+00:00,2026-09-09T22:21:36.105933,General,0.15,Positive,"fourie, vodacom, board, former, leila, chairman, director, joins",vodacom,,565.0,,2026-09-09,11,Wednesday,565.0,8,99.5,2026-09-09 22:30:30.312391+00:00
,TechTrends Kenya,"Meta Muse brings agentic AI to everyday tasks, from booking travel to sending emails and shopping online","Meta has launched Muse, an artificial intelligence agent designed to perform tasks on behalf of users, manage longer-term projects and help coordinate personal goals. Unlike conventional AI assistants that primarily respond to prompts, Muse is built to take actions across online services. The agent can send emails, book travel, complete online forms and make purchases, &#8230; The post Meta Muse brings agentic AI to everyday tasks, from booking travel to sending emails and shopping online appear",,https://techtrendske.co.ke/2026/09/09/meta-muse-ai-agent-real-world-tasks/,By Caroline Wavinya,2026-09-09 11:31:23+00:00,2026-09-09T22:21:36.106671,AI & Tech,-0.0491,Neutral,"online, tasks, travel, emails, brings, agentic, everyday, booking",,,630.0,,2026-09-09,11,Wednesday,630.0,8,103.982,2026-09-09 22:30:30.312391+00:00
,TechTrends Kenya,ARC Ride raises $33.3M as battery swapping becomes central to its African electric mobility expansion,"ARC Ride has raised $33.3 million in a new financing round as the African electric mobility company moves to scale its battery-swapping network, adding thousands of electric motorcycles and entering new markets across sub-Saharan Africa. The round was led by Novastar Ventures and Norrsken22, with the International Finance Corporation (IFC), British International Investment (BII) and &#8230; The post ARC Ride raises $33.3M as battery swapping becomes central to its African electric mobility expan",,https://techtrendske.co.ke/2026/09/09/arc-ride-battery-swapping-33m-funding/,By Tawheda Ali,2026-09-09 11:13:03+00:00,2026-09-09T22:21:36.107448,Business,0.0094,Neutral,"electric, battery, swapping, african, mobility, raises, becomes, central",,,638.0,,2026-09-09,11,Wednesday,638.0,8,103.98800000000001,2026-09-09 22:30:30.312391+00:00
,TechTrends Kenya,Kenya reaffirms digital investment push at ITW Africa,"Kenya has reaffirmed its commitment to accelerating digital transformation through stronger public-private partnerships, infrastructure investment and supportive policy frameworks. The commitments were made during a Ministerial Breakfast Briefing held on the sidelines of the fourth edition of the ITW and Datacloud Africa Conference in Nairobi, which brought together government officials and industry stakeholders to explore &#8230; The post Kenya reaffirms digital investment push at ITW Africa ap",,https://techtrendske.co.ke/2026/09/09/kenya-reaffirms-digital-investment-push-at-itw-africa/,By Nixon Kanali,2026-09-09 08:59:10+00:00,2026-09-09T22:21:36.108087,Politics,0.125,Positive,"kenya, digital, investment, africa, reaffirms, reaffirmed, commitment, accelerating",,,583.0,,2026-09-09,8,Wednesday,583.0,8,100.80000000000001,2026-09-09 22:30:30.312391+00:00
,TechTrends Kenya,Kenya coast gets first fully protected submarine cable system as LuLu launches,"A coalition of infrastructure and investment firms has unveiled the LuLu Coastal Cable System, the first fully protected submarine cable for Kenya&#8217;s Indian Ocean coastline, at ITW Africa 2026. The system will run along 500km of coastline, linking five landing points from Mombasa to Lamu, including Vipingo Special Economic Zone (SEZ), Kilifi and Malindi. It &#8230; The post Kenya coast gets first fully protected submarine cable system as LuLu launches appeared first on TechTrendsKE.",,https://techtrendske.co.ke/2026/09/09/lulu-cable-system-kenya-coast-launch/,By Nixon Kanali,2026-09-09 07:30:19+00:00,2026-09-09T22:21:36.108742,Business,0.2595,Positive,"cable, system, kenya, fully, protected, submarine, coast, launches",,,571.0,,2026-09-09,7,Wednesday,571.0,8,102.28999999999999,2026-09-09 22:30:30.312391+00:00
,TechTrends Kenya,Paratus expands East Africa connectivity ahead of ITW Africa,"Pan-African telecommunications provider Paratus Group is expanding its East Africa footprint through new fibre infrastructure, satellite services and cross-border network connections, as it showcases its progress at the ongoing ITW and Datacloud Africa Conference in Nairobi. The Group&#8217;s Goma-to-Mombasa (G2M) terrestrial fibre route is now live and carrying traffic, while Starlink services have recently launched &#8230; The post Paratus expands East Africa connectivity ahead of ITW Africa a",,https://techtrendske.co.ke/2026/09/09/paratus-expands-east-africa-connectivity-itw-africa/,By Nixon Kanali,2026-09-09 05:14:38+00:00,2026-09-09T22:21:36.109386,General,0.1045,Positive,"africa, paratus, expands, connectivity, ahead, fibre, services, african",,,591.0,,2026-09-09,5,Wednesday,591.0,8,101.19,2026-09-09 22:30:30.312391+00:00
,Benjamindada.com,Fintech platforms where Nigerians can buy Dangote Refinery IPO shares,"Here are the fintech apps offering the IPO, how to prepare, and what Nigerian investors need to know.",,https://thecondia.com/buy-dangote-refinery-shares-fintechs-nigeria/,Chimgozirim Nwokoma,2026-09-09 11:00:00+00:00,2026-09-09T22:21:37.171000,Business,0.1326,Positive,"investors, dangote, refinery, through, investment, platform, access, offer","dangote, flutterwave, moniepoint",Africa Fintech,12037.0,,2026-09-09,11,Wednesday,12037.0,8,1246.352,2026-09-09 22:30:30.312391+00:00
,Benjamindada.com,dLocal gets Enhanced Payment Service Provider licence from the Bank of Ghana,"dLocal's Ghana subsidiary, dLocal Ghana Limited, has received an Enhanced Payment Service Provider (EPSP) licence from the Bank of Ghana.",,https://thecondia.com/dlocal-ghana-epsp-license/,Chimgozirim Nwokoma,2026-09-09 10:34:03+00:00,2026-09-09T22:21:37.175110,Business,0.1497,Positive,"ghana, dlocal, licence, enhanced, money, payment, through, payments","flutterwave, paystack",Africa Fintech,2043.0,,2026-09-09,10,Wednesday,2043.0,8,247.294,2026-09-09 22:30:30.312391+00:00
,Benjamindada.com,TLG Capital backs Drive45 with $3 million to expand mobility across Nigeria,"The deal combines TLG's private credit with a guarantee from Cascador, delivered in partnership with Morgan Stanley.",,https://thecondia.com/tlg-capital-backs-drive45-with-3m/,Omoleye Omoruyi,2026-09-09 10:27:05+00:00,2026-09-09T22:21:37.177335,Business,0.0557,Positive,"capital, cascador, company, across, mobility, credit, facility, million",,,2650.0,,2026-09-09,10,Wednesday,2650.0,8,306.114,2026-09-09 22:30:30.312391+00:00
,Benjamindada.com,CreditChek kickstarts East Africa expansion with Algosys acquisition,Creditchek has acquired Uganda’s Algosys as the Nigerian fintech expands into East Africa and builds a broader lending infrastructure platform.,,https://thecondia.com/creditchek-acquires-algosys/,Chimgozirim Nwokoma,2026-09-09 08:58:09+00:00,2026-09-09T22:21:37.180102,Politics,0.1765,Positive,"creditchek, algosys, uganda, infrastructure, technology, platform, institutions, lenders",,,3295.0,,2026-09-09,8,Wednesday,3295.0,8,373.03,2026-09-09 22:30:30.312391+00:00
,Benjamindada.com,Uber alum’s floating nuclear startup raises $50M weeks after $10M pre-seed,Kofi Asante's Bluecore Energy has raised an oversubscribed $50 million seed round to accelerate its floating nuclear power technology.,,https://thecondia.com/blue-core-energy-raises-seed/,Justina Salami,2026-09-09 07:23:20+00:00,2026-09-09T22:21:37.182402,Business,-0.0007,Neutral,"nuclear, floating, asante, bluecore, million, round, power, startup",,,2056.0,,2026-09-09,7,Wednesday,2056.0,8,245.61400000000003,2026-09-09 22:30:30.312391+00:00
,Benjamindada.com,"How to watch Barcelona vs Feyenoord in Nigeria: live stream, commentary & highlights","Find out how to watch Barcelona vs Feyenoord in Nigeria, including kickoff time, legal streaming options, free commentary, updates and highlights.",,https://thecondia.com/barcelona-vs-feyenoord-live-stream-nigeria/,Daxonétété William,2026-09-09 06:54:12+00:00,2026-09-09T22:21:37.188547,General,0.1629,Positive,"barcelona, match, feyenoord, commentary, highlights, watch, nigeria, available",,,8871.0,,2026-09-09,6,Wednesday,8871.0,8,930.3580000000001,2026-09-09 22:30:30.312391+00:00
,UN News Africa,UN hails Libya election deal as Security Council urges Libyans to seize the moment,"The UN Security Council has welcomed a breakthrough agreement between Libya's rival political blocs, calling it ""an important step"" towards the country's first national elections in over a decade – while pressing all sides to move quickly from paper to practice.",,https://news.un.org/feed/view/en/story/2026/09/1168302,Unknown,2026-09-09 12:00:00+00:00,2026-09-09T22:21:42.465474,Politics,0.2458,Positive,"libya, security, council, hails, election, urges, libyans, seize",,,345.0,,2026-09-09,12,Wednesday,345.0,8,79.416,2026-09-09 22:30:30.312391+00:00
,UN News Africa,"Ebola response in eastern DR Congo must include food assistance, WFP says","As Ebola sweeps across the eastern Democratic Republic of the Congo (DRC), ensuring families meet their basic food needs is crucial to halt the spread of the deadly disease.",,https://news.un.org/feed/view/en/story/2026/09/1168295,Unknown,2026-09-08 12:00:00+00:00,2026-09-09T22:21:42.465949,Health,-0.0667,Negative,"ebola, eastern, congo, response, include, assistance, sweeps, across",,,247.0,,2026-09-08,12,Tuesday,247.0,8,66.034,2026-09-09 22:30:30.312391+00:00
,WHO Africa,Evidence Generation for Suicide Prevention in Ghana. A Situational Analysis,"Evidence Generation for Suicide Prevention in Ghana. A Situational Analysis abdullahiea@who.int Wed, 09/09/2026 - 21:39 Evidence Generation for Suicide Prevention in Ghana: A Situational Analysis examines the current evidence, data and systems related to suicide and suicide prevention in Ghana. It identifies key gaps, challenges and opportunities for generating and using evidence to inform effective suicide prevention policies, programmes and interventions. Evidence Generation for Suicide Preven",,https://www.afro.who.int/countries/ghana/publication/evidence-generation-suicide-prevention-ghana-situational-analysis,abdullahiea@who.int,2026-09-09 20:39:49+00:00,2026-09-09T22:21:44.048111,Health,0.0833,Positive,"suicide, evidence, prevention, ghana, generation, situational, analysis, related",,,659.0,,2026-09-09,20,Wednesday,659.0,8,107.566,2026-09-09 22:30:30.312391+00:00
,WHO Africa,Ghana Guidelines for Appropriate Media Reporting of Suicide,"Ghana Guidelines for Appropriate Media Reporting of Suicide abdullahiea@who.int Wed, 09/09/2026 - 21:33 The Ghana Guidelines for Appropriate Media Reporting of Suicide provides guidance to media professionals on responsible and ethical reporting of suicide. It outlines approaches for reporting that minimise harm, protect the dignity and privacy of individuals and families, avoid sensationalism, and promote accurate public understanding while supporting suicide prevention efforts. Ghana Guideline",,https://www.afro.who.int/countries/ghana/publication/ghana-guidelines-appropriate-media-reporting-suicide,abdullahiea@who.int,2026-09-09 20:33:30+00:00,2026-09-09T22:21:44.048858,Health,0.2682,Positive,"reporting, suicide, media, ghana, guidelines, appropriate, health, abdullahiea",,,652.0,,2026-09-09,20,Wednesday,652.0,8,110.56400000000001,2026-09-09 22:30:30.312391+00:00
,WHO Africa,Maternal Mental Health Policy,"Maternal Mental Health Policy abdullahiea@who.int Wed, 09/09/2026 - 17:40 Ghana’s Maternal Mental Health Policy provides a framework to integrate mental health support into maternal and reproductive health services, ensuring that women receive appropriate psychosocial and mental health care throughout pregnancy, childbirth and the postnatal period. Maternal Mental Mental Health Policy (1.25 MB) Related Health Topics Mental Health",,https://www.afro.who.int/countries/ghana/publication/maternal-mental-health-policy,abdullahiea@who.int,2026-09-09 16:40:35+00:00,2026-09-09T22:21:44.049510,Health,-0.03,Neutral,"health, mental, maternal, policy, abdullahiea, ghana, provides, framework",,,463.0,,2026-09-09,16,Wednesday,463.0,8,86.9,2026-09-09 22:30:30.312391+00:00
,UNECA,"Stakeholders close CCDA-14 with strong calls for climate finance, stronger agency and delivery ahead of COP31","9 September, 2026Share this:facebooktwitteremailprintAddis Ababa, 9 September 2026 (ECA) – The Fourteenth Conference on Climate Change and Development in Africa (CCDA-14) concluded today in Addis Ababa, adopting a comprehensive set of key messages calling on Africa to move from climate participation to climate agency, and from pledges to implementation, as the continent prepares for COP31 in Antalya and an African-hosted COP32 in Addis Ababa in 2027. Convened under the Climate for Development in",,https://www.uneca.org/stories/stakeholders-close-ccda-14-with-strong-calls-for-climate-finance%2C-stronger-agency-and,minilik.demissie,2026-09-09 19:15:58+00:00,2026-09-09T22:21:46.633967,Politics,0.088,Positive,"climate, africa, african, finance, development, circular, global, adaptation","afdb, african development bank",Africa Development Finance,12157.0,,2026-09-09,19,Wednesday,12157.0,8,1257.46,2026-09-09 22:30:30.312391+00:00
,UNECA,[Blog] Africa's economy is growing depending on which spreadsheet you're reading,"9 September, 2026Share this:facebooktwitteremailprintAuthors: Lerato Martha Makana and Maria Dombaxi After taking office in 2024, Senegal's newly elected president commissioned an audit of the country's public finances.[1] The findings challenged figures that had long been reported by the previous administration. The audit revealed a fiscal deficit exceeding 10 per cent of GDP at end-2023, nearly double the roughly 5 per cent previously reported. Public debt was revised from 74.4 per cent of GDP",,https://www.uneca.org/stories/%5Bblog%5D-africa%27s-economy-is-growing-depending-on-which-spreadsheet-you%27re-reading,eskinder.tsegaye,2026-09-09 06:11:23+00:00,2026-09-09T22:21:46.642710,AI & Tech,-0.0026,Neutral,"different, differences, comparisons, senegal, country, source, currency, figures",,,7435.0,,2026-09-09,6,Wednesday,7435.0,8,783.552,2026-09-09 22:30:30.312391+00:00
,UNECA,Malawi calls for green industrialisation to drive inclusive economic transformation,"7 September, 2026Share this:facebooktwitteremailprintLilongwe, Malawi, 7 September 2026 (ECA) — Malawi has reaffirmed its commitment to green, inclusive, and private sector-led industrialisation, with Government, the United Nations, and the UN Economic Commission for Africa (ECA) calling for the climate ambition to result in productive enterprises, quality jobs, investment, and sustainable growth. The call was made at the National Workshop on Innovative Climate Action to Accelerate Green and Inc",,https://www.uneca.org/stories/malawi-calls-for-green-industrialisation-to-drive-inclusive-economic-transformation,minilik.demissie,2026-09-09 05:58:14+00:00,2026-09-09T22:21:46.647615,Politics,0.0486,Neutral,"malawi, green, industrialisation, industrialization, energy, growth, economic, africa",,,4821.0,,2026-09-09,5,Wednesday,4821.0,8,523.072,2026-09-09 22:30:30.312391+00:00
,BBC Africa,Spanish intelligence warned of Ceuta mass crossing plans before surge,Declassified documents show Spanish and Moroccan authorities were alerted to social media calls for a mass migrant crossing the day before tens of thousands entered Ceuta.,,https://www.bbc.co.uk/news/articles/ced7vj2gv82o?at_medium=RSS&at_campaign=rss,Unknown,2026-09-09 22:21:49.086892+00:00,2026-09-09T22:21:49.086892,General,0.0111,Neutral,"spanish, ceuta, crossing, intelligence, warned, plans, surge, declassified",,,241.0,,2026-09-09,22,Wednesday,241.0,8,64.32199999999999,2026-09-09 22:30:30.312391+00:00
,BBC Africa,"Uganda pulling out of Prince Harry's Invictus Games, says military chief","The decision, announced by the chief of defence, comes just two months after Uganda said it would participate.",,https://www.bbc.co.uk/news/articles/c3d7pzyjzllo?at_medium=RSS&at_campaign=rss,Unknown,2026-09-09 22:21:49.087277+00:00,2026-09-09T22:21:49.087277,General,-0.1,Negative,"uganda, chief, pulling, prince, harry, invictus, games, military",,,183.0,,2026-09-09,22,Wednesday,183.0,8,60.3,2026-09-09 22:30:30.312391+00:00
,BBC Africa,'You're not alone in the darkness': Gambia president urges calm after violent blackout protests,"The country has faced persistent blackouts since June, with some lasting up to 48 hours, residents say.",,https://www.bbc.co.uk/news/articles/cgmr22kpd9yo?at_medium=RSS&at_campaign=rss,Unknown,2026-09-09 22:21:49.087653+00:00,2026-09-09T22:21:49.087653,Politics,-0.1667,Negative,"alone, darkness, gambia, president, urges, violent, blackout, protests",,,199.0,,2026-09-09,22,Wednesday,199.0,8,63.23400000000001,2026-09-09 22:30:30.312391+00:00
,BBC Africa,The Rwandan eyeing Champions League history against Man Utd,"Rwanda forward Joy-Lance Mickels has helped Azerbaijan's Sabah reach the Champions League proper on their competition debut, and is now looking to down the team he supports.",,https://www.bbc.co.uk/sport/football/articles/c4g7zxezj9lo?at_medium=RSS&at_campaign=rss,Unknown,2026-09-09 22:21:49.088011+00:00,2026-09-09T22:21:49.088011,General,-0.0778,Negative,"champions, league, rwandan, eyeing, history, against, rwanda, forward",,,233.0,,2026-09-09,22,Wednesday,233.0,8,64.856,2026-09-09 22:30:30.312391+00:00
,Al Jazeera Africa,Gauff beats Andreeva to reach US Open semifinals in comeback win,Coco Gauff sets up US Open semifinal with Elena Rybakina after saving two match points against Mirra Andreeva.,,https://www.aljazeera.com/sports/2026/9/9/gauff-beats-andreeva-to-reach-us-open-semifinals-in-comeback-win?traffic_source=rss,Unknown,2026-09-09 22:08:01+00:00,2026-09-09T22:21:49.613495,General,0.2667,Positive,"gauff, andreeva, beats, reach, semifinals, comeback, semifinal, elena",,,175.0,,2026-09-09,22,Wednesday,175.0,8,62.834,2026-09-09 22:30:30.312391+00:00
,Al Jazeera Africa,‘Everyone’s had their holidays ruined’: outrage after UK airport chaos,The UK&#039;s independent aerospace regulator has been instructed to review an air traffic control system outage on Tuesday.,,https://www.aljazeera.com/video/newsfeed/2026/9/9/everyones-had-their-holidays-ruined-outrage-after-uk-airport-chaos?traffic_source=rss,Unknown,2026-09-09 22:06:25+00:00,2026-09-09T22:21:49.613934,General,0.0,Neutral,"everyone, holidays, ruined, outrage, airport, chaos, independent, aerospace",,,195.0,,2026-09-09,22,Wednesday,195.0,8,59.5,2026-09-09 22:30:30.312391+00:00
,Al Jazeera Africa,US court denies Tate brothers’ bid to be released from Miami jail,A judge rules the brothers are a &#039;quintessential flight risk&#039; due to their wealth and frequent international travel.,,https://www.aljazeera.com/news/2026/9/9/us-court-denies-tate-brothers-bid-to-be-released-from-miami-jail?traffic_source=rss,Unknown,2026-09-09 21:28:16+00:00,2026-09-09T22:21:49.614341,General,-0.0312,Neutral,"brothers, court, denies, released, miami, judge, rules, quintessential",,,192.0,,2026-09-09,21,Wednesday,192.0,8,59.824000000000005,2026-09-09 22:30:30.312391+00:00
,Al Jazeera Africa,Misfiring Arsenal beat Napoli with Odegaard stunner in Champions League,Arsenal dominated play but needed a screamer from Martin Odegaard to seal three points in Napoli to open league phase.,,https://www.aljazeera.com/sports/2026/9/9/misfiring-arsenal-beat-napoli-with-odegaard-stunner-in-champions-league?traffic_source=rss,Unknown,2026-09-09 21:20:20+00:00,2026-09-09T22:21:49.614675,General,0.0,Neutral,"arsenal, napoli, odegaard, league, misfiring, stunner, champions, dominated",,,190.0,,2026-09-09,21,Wednesday,190.0,8,59.0,2026-09-09 22:30:30.312391+00:00
,Al Jazeera Africa,"Manchester United vs Sabah: UEFA Champions League – preview, team news","Man Utd have taken four points from their first four Premier League games, but Michael Carrick says team ready to rise.",,https://www.aljazeera.com/sports/2026/9/9/carrick-confident-man-utd-can-go-far-in-magical-champions-league?traffic_source=rss,Unknown,2026-09-09 21:15:04+00:00,2026-09-09T22:21:49.615054,General,0.225,Positive,"league, manchester, united, sabah, champions, preview, taken, points",,,190.0,,2026-09-09,21,Wednesday,190.0,8,63.5,2026-09-09 22:30:30.312391+00:00
,Al Jazeera Africa,Liverpool come back to beat Atletico Madrid 2-1 in Champions League opener,Marcos Llorente gives Atleti an early lead but Liverpool strike back through Dominik Szoboszlai and Alexis Mac Allister.,,https://www.aljazeera.com/sports/2026/9/9/liverpool-come-back-to-beat-atletico-madrid-2-1-in-champions-league-opener?traffic_source=rss,Unknown,2026-09-09 21:14:20+00:00,2026-09-09T22:21:49.615406,Security & Conflict,0.0333,Neutral,"liverpool, atletico, madrid, champions, league, opener, marcos, llorente",,,195.0,,2026-09-09,21,Wednesday,195.0,8,60.166,2026-09-09 22:30:30.312391+00:00
,Al Jazeera Africa,Trump says Iran war ‘will end immediately’ after US midterm elections,The president added the US is not looking to restart negotiations with Iran after the failure of previous ceasefires.,,https://www.aljazeera.com/news/2026/9/9/trump-says-iran-war-will-end-immediately-after-us-midterm-elections?traffic_source=rss,Unknown,2026-09-09 21:09:45+00:00,2026-09-09T22:21:49.615760,Politics,-0.2417,Negative,"trump, immediately, midterm, elections, president, added, looking, restart",,,187.0,,2026-09-09,21,Wednesday,187.0,8,63.534000000000006,2026-09-09 22:30:30.312391+00:00
,Al Jazeera Africa,Guterres pays tribute to Qatar’s late Father Emir at UN ceremony,UN Secretary General Antonio Guterres has paid tribute to Qatar’s late Father Emir Sheikh Hamad bin Khalifa Al Thani.,,https://www.aljazeera.com/video/newsfeed/2026/9/9/guterres-pays-tribute-to-qatars-late-father-emir-at-un-ceremony?traffic_source=rss,Unknown,2026-09-09 21:03:21+00:00,2026-09-09T22:21:49.616140,General,-0.1833,Negative,"guterres, tribute, qatar, father, ceremony, secretary, general, antonio",,,182.0,,2026-09-09,21,Wednesday,182.0,8,61.866,2026-09-09 22:30:30.312391+00:00
,Al Jazeera Africa,Trump says Putin wants to make a deal to end Ukraine war,US President Donald Trump says Russian President Putin wants a deal to end the war in Ukraine.,,https://www.aljazeera.com/video/newsfeed/2026/9/9/trump-says-putin-wants-to-make-a-deal-to-end-ukraine-war?traffic_source=rss,Unknown,2026-09-09 20:56:05+00:00,2026-09-09T22:21:49.616460,Politics,0.1333,Positive,"trump, putin, wants, ukraine, president, donald, russian",,,151.0,,2026-09-09,20,Wednesday,151.0,7,52.766,2026-09-09 22:30:30.312391+00:00
,Al Jazeera Africa,Pro-Palestinian protesters oppose Israel embassy opening in Slovenia,Pro-Palestinian protesters gathered in Slovenia’s capital to oppose the opening of Israel’s first resident embassy.,,https://www.aljazeera.com/video/newsfeed/2026/9/9/09-09-sv-slovenia-protests-israeli-embassy-ljubljana-slov?traffic_source=rss,Unknown,2026-09-09 20:53:26+00:00,2026-09-09T22:21:49.616767,Security & Conflict,0.25,Positive,"palestinian, protesters, oppose, israel, embassy, opening, slovenia, gathered",,,184.0,,2026-09-09,20,Wednesday,184.0,8,63.400000000000006,2026-09-09 22:30:30.312391+00:00
,Al Jazeera Africa,Burnham defends UK ban on Israeli settlement trade,UK Prime Minister Andy Burnham defended a ban on trade with Israeli settlements in the occupied West Bank,,https://www.aljazeera.com/video/newsfeed/2026/9/9/burnham-defends-uk-ban-on-israeli-settlement-trade?traffic_source=rss,Unknown,2026-09-09 20:32:24+00:00,2026-09-09T22:21:49.617078,Politics,0.0,Neutral,"burnham, israeli, trade, defends, settlement, prime, minister, defended",,,156.0,,2026-09-09,20,Wednesday,156.0,8,55.6,2026-09-09 22:30:30.312391+00:00
,Al Jazeera Africa,IAEA board refers Iran to UN Security Council over nuclear ‘non-compliance’,"The symbolic escalation has been initiated by the United States, Germany, France and the United Kingdom.",,https://www.aljazeera.com/news/2026/9/9/iaea-board-resolves-to-report-iran-to-security-council-over-nuclear-program?traffic_source=rss,Unknown,2026-09-09 20:23:34+00:00,2026-09-09T22:21:49.617401,Security & Conflict,0.0,Neutral,"united, board, refers, security, council, nuclear, compliance, symbolic",,,180.0,,2026-09-09,20,Wednesday,180.0,8,58.0,2026-09-09 22:30:30.312391+00:00
,Al Jazeera Africa,UK man charged with assisting Russian military spies in sabotage plot,"Joshua Cammidge, 31, has been charged after alleged contact with a member of the GRU Volunteer Corps.",,https://www.aljazeera.com/news/2026/9/9/uk-man-charged-with-assisting-russian-intelligence-connected-group?traffic_source=rss,Unknown,2026-09-09 20:17:49+00:00,2026-09-09T22:21:49.617736,General,-0.0667,Negative,"charged, assisting, russian, military, spies, sabotage, joshua, cammidge",,,171.0,,2026-09-09,20,Wednesday,171.0,8,58.434000000000005,2026-09-09 22:30:30.312391+00:00
,Al Jazeera Africa,Yemen envoy warns of wider war as Houthis threaten Bab al-Mandeb Strait,"In an interview with Al Jazeera, Yemen&#039;s ambassador warns Houthi attacks threaten global shipping.",,https://www.aljazeera.com/news/2026/9/9/yemen-envoy-warns-of-wider-war-as-houthis-threaten-bab-al-mandeb-strait?traffic_source=rss,Unknown,2026-09-09 20:05:48+00:00,2026-09-09T22:21:49.618042,General,0.0,Neutral,"yemen, warns, threaten, envoy, wider, houthis, mandeb, strait",,,175.0,,2026-09-09,20,Wednesday,175.0,8,57.5,2026-09-09 22:30:30.312391+00:00
,Al Jazeera Africa,Iraqi graduates protest for govt jobs amid unemployment crisis,"More than 1,000 medical and health graduates have taken to Baghdad’s streets demanding government jobs.",,https://www.aljazeera.com/video/newsfeed/2026/9/9/09-09-reported-iraq-grad-protests?traffic_source=rss,Unknown,2026-09-09 20:05:22+00:00,2026-09-09T22:21:49.618364,Health,0.25,Positive,"graduates, iraqi, protest, unemployment, crisis, medical, health, taken",,,166.0,,2026-09-09,20,Wednesday,166.0,8,61.6,2026-09-09 22:30:30.312391+00:00
,Al Jazeera Africa,"Apple debuts $1,999 passport-shaped foldable phone, called Duo","The Duo launch, first with new CEO John Ternus, is the most noticeable overhaul of Apple&#039;s flagship product since 2017.",,https://www.aljazeera.com/economy/2026/9/9/apple-debuts-1999-passport-shaped-foldable-phone-called-duo?traffic_source=rss,Unknown,2026-09-09 20:00:35+00:00,2026-09-09T22:21:49.618696,General,0.2955,Positive,"apple, debuts, passport, shaped, foldable, phone, called, launch",,,187.0,,2026-09-09,20,Wednesday,187.0,8,64.61,2026-09-09 22:30:30.312391+00:00
,Al Jazeera Africa,Israeli strike targets home in Gaza’s al-Shati refugee camp,"An Israeli strike devastated a home in Gaza City’s al-Shati refugee camp, heavily damaging surrounding homes.",,https://www.aljazeera.com/video/newsfeed/2026/9/9/israeli-strike-targets-home-in-gazas-al-shati-refugee-camp?traffic_source=rss,Unknown,2026-09-09 19:37:47+00:00,2026-09-09T22:21:49.619046,Security & Conflict,-0.2,Negative,"israeli, strike, shati, refugee, targets, devastated, heavily, damaging",,,169.0,,2026-09-09,19,Wednesday,169.0,8,60.900000000000006,2026-09-09 22:30:30.312391+00:00
,Al Jazeera Africa,Two rescued after plane makes emergency landing in Black Sea,Two Belgian nationals were rescued by Turkish authorities after their private aircraft suffered engine failure.,,https://www.aljazeera.com/video/newsfeed/2026/9/9/two-rescued-after-plane-makes-emergency-landing-in-black-sea?traffic_source=rss,Unknown,2026-09-09 19:27:18+00:00,2026-09-09T22:21:49.619354,General,-0.1611,Negative,"rescued, plane, makes, emergency, landing, black, belgian, nationals",,,172.0,,2026-09-09,19,Wednesday,172.0,8,60.422000000000004,2026-09-09 22:30:30.312391+00:00
,Al Jazeera Africa,China slams US claims of ‘industrial-scale’ AI theft,The response comes after three US agencies accused Chinese AI companies of exploiting American AI models.,,https://www.aljazeera.com/news/2026/9/9/china-slams-us-claims-of-industrial-scale-ai-theft?traffic_source=rss,Unknown,2026-09-09 19:21:50+00:00,2026-09-09T22:21:49.619675,AI & Tech,0.0,Neutral,"china, slams, claims, industrial, scale, theft, response, comes",,,158.0,,2026-09-09,19,Wednesday,158.0,8,55.8,2026-09-09 22:30:30.312391+00:00
,Al Jazeera Africa,Rampant Raphinha nets two goals as Barcelona rout Feyenoord,Spanish giants Barcelona open their Champions League campaign with 5-1 against Dutch side Feyenoord.,,https://www.aljazeera.com/sports/2026/9/9/rampant-raphinha-nets-two-goals-as-barcelona-rout-feyenoord?traffic_source=rss,Unknown,2026-09-09 19:19:01+00:00,2026-09-09T22:21:49.619993,General,0.0,Neutral,"barcelona, feyenoord, rampant, raphinha, goals, spanish, giants, champions",,,160.0,,2026-09-09,19,Wednesday,160.0,8,56.0,2026-09-09 22:30:30.312391+00:00
,Al Jazeera Africa,Yemeni diplomat says Houthis want to drag Saudi Arabia into war,"Houthis are trying to drag Saudi Arabia into conflict by targeting Saudi territory, says Yemen’s Ambassador to Qatar.",,https://www.aljazeera.com/video/newsfeed/2026/9/9/09-09-clip-yemen-says-houthis-dragging-saudi-into-war-yn?traffic_source=rss,Unknown,2026-09-09 19:18:19+00:00,2026-09-09T22:21:49.620325,Security & Conflict,-0.1,Negative,"saudi, houthis, arabia, yemeni, diplomat, trying, conflict, targeting",,,181.0,,2026-09-09,19,Wednesday,181.0,8,60.1,2026-09-09 22:30:30.312391+00:00
,Al Jazeera Africa,Why are borrowing costs rising across the world?,"Rising bond yields are lifting borrowing costs for governments, businesses and households across the global economy.",,https://www.aljazeera.com/video/counting-the-cost/2026/9/9/why-are-borrowing-costs-rising-across-the-world?traffic_source=rss,Unknown,2026-09-09 19:00:36+00:00,2026-09-09T22:21:49.620630,Politics,0.0,Neutral,"borrowing, costs, rising, across, yields, lifting, governments, businesses",,,165.0,,2026-09-09,19,Wednesday,165.0,8,56.5,2026-09-09 22:30:30.312391+00:00
,Al Jazeera Africa,US records hottest summer in 132 years,"The United States had its hottest summer since records began, says NOAA, with August also setting a new heat record.",,https://www.aljazeera.com/news/2026/9/9/us-records-hottest-summer-in-132-years?traffic_source=rss,Unknown,2026-09-09 18:59:33+00:00,2026-09-09T22:21:49.620925,General,0.1364,Positive,"records, hottest, summer, united, states, began, august, setting",,,155.0,,2026-09-09,18,Wednesday,155.0,8,58.228,2026-09-09 22:30:30.312391+00:00
,Al Jazeera Africa,Breathing depends on a cylinder: Gaza faces medical oxygen crisis,"Only 12 of Gaza&#039;s 34 oxygen-generation stations remain operational, worsening the health crisis in the besieged enclave.",,https://www.aljazeera.com/features/2026/9/9/breathing-depends-on-a-cylinder-gaza-faces-medical-oxygen-crisis?traffic_source=rss,Unknown,2026-09-09 18:40:38+00:00,2026-09-09T22:21:49.621242,Health,0.0,Neutral,"oxygen, crisis, breathing, depends, cylinder, faces, medical, generation",,,191.0,,2026-09-09,18,Wednesday,191.0,8,59.1,2026-09-09 22:30:30.312391+00:00
,Al Jazeera Africa,"Zelenskyy’s plane ‘almost hit’ by drone on way to Oslo, Norwegian PM says",Jonas ​Gahr Store says incident happened when jet ⁠⁠carrying Ukrainian president took off from Moldova.,,https://www.aljazeera.com/news/2026/9/9/zelenskyys-plane-almost-hit-by-drone-on-way-to-oslo-norwegian-pm-says?traffic_source=rss,Unknown,2026-09-09 18:36:50+00:00,2026-09-09T22:21:49.621646,Politics,0.0,Neutral,"zelenskyy, plane, almost, drone, norwegian, jonas, store, incident",,,177.0,,2026-09-09,18,Wednesday,177.0,8,57.7,2026-09-09 22:30:30.312391+00:00
,RFI Africa EN,Mao still revered in China as criticism remains risky 50 years on,"Fifty years after Mao Zedong's death, his image and ideas remain deeply embedded in China, where his portrait still dominates Tiananmen Square in the heart of Beijing and Communist Party rhetoric continues to draw on his thinking. For older Chinese people, revolutionary songs keep memories of his era alive, while younger generations see him as a more distant historical figure. Openly criticising his legacy, however, remains difficult.",,https://www.rfi.fr/en/international/20260909-mao-still-revered-in-china-as-criticism-remains-risky-50-years-on,RFI,2026-09-09 22:21:50.630774+00:00,2026-09-09T22:21:50.630774,General,0.0167,Neutral,"china, remains, revered, criticism, risky, fifty, zedong, death",,,504.0,,2026-09-09,22,Wednesday,504.0,8,90.73400000000001,2026-09-09 22:30:30.312391+00:00
,RFI Africa EN,Former PM Bayrou returns to court in long-running EU assistants case,Former French prime minister François Bayrou returns to court in Paris on Wednesday as an appeal opens into allegations that European Parliament funds were misused to pay staff working for his centrist MoDem party.,,https://www.rfi.fr/en/france/20260909-former-pm-bayrou-returns-to-court-in-long-running-eu-assistants-case,RFI,2026-09-09 22:21:50.631303+00:00,2026-09-09T22:21:50.631303,Politics,0.0,Neutral,"former, bayrou, returns, court, running, assistants, french, prime",,,283.0,,2026-09-09,22,Wednesday,283.0,8,68.3,2026-09-09 22:30:30.312391+00:00
,RFI Africa EN,PSG rout Slovan Bratislava to launch Champions League campaign,Ferran Torres hit a hat trick and Ousmane Dembélé scored twice on Wednesday night as Paris Saint-Germain crushed Slovan Bratislava 6-1 to launch the defence of their Champions League title.,,https://www.rfi.fr/en/sports/20260909-psg-rout-slovan-bratislava-to-launch-champions-league-campaign,Paul Myers,2026-09-09 22:21:50.631696+00:00,2026-09-09T22:21:50.631696,General,-0.1,Negative,"slovan, bratislava, launch, champions, league, campaign, ferran, torres",,,252.0,,2026-09-09,22,Wednesday,252.0,8,67.2,2026-09-09 22:30:30.312391+00:00
,RFI Africa EN,French billionaire Olivier Bouygues faces suspended jail term over wildlife killings,"French prosecutors are seeking a five-year suspended prison sentence for billionaire Olivier Bouygues over the killing of protected birds on his hunting estate in central France. Investigators found decomposing animal carcasses, banned traps and records of bonuses paid for animals killed at the 650-hectare property. Bouygues denies responsibility.",,https://www.rfi.fr/en/france/20260909-french-billionaire-olivier-bouygues-faces-suspended-jail-term-over-wildlife-killings,RFI,2026-09-09 22:21:50.632201+00:00,2026-09-09T22:21:50.632201,General,-0.06,Negative,"bouygues, french, billionaire, olivier, suspended, faces, wildlife, killings",,,434.0,,2026-09-09,22,Wednesday,434.0,8,84.60000000000001,2026-09-09 22:30:30.312391+00:00
,RFI Africa EN,"Europe’s ‘imagination gap’ risks empowering far right, survey warns","Half of Europeans cannot picture a credible path to a stronger EU, an “imagination gap” that risks ceding the political initiative to nostalgic far‑right forces, according to a major new study by the European Council on Foreign Relations (ECFR).",,https://www.rfi.fr/en/international/20260909-europe-s-imagination-gap-risks-empowering-far-right-survey-warns,RFI,2026-09-09 22:21:50.632783+00:00,2026-09-09T22:21:50.632783,General,0.0193,Neutral,"imagination, risks, europe, empowering, survey, warns, europeans, cannot",,,313.0,,2026-09-09,22,Wednesday,313.0,8,71.68599999999999,2026-09-09 22:30:30.312391+00:00
,RFI Africa EN,Roman Abramovich loses third attempt to overturn EU sanctions,A top EU court on Wednesday rejected Russian billionaire Roman Abramovich’s third attempt to overturn sanctions against him over the war in Ukraine.,,https://www.rfi.fr/en/international/20260909-roman-abramovich-loses-third-attempt-to-overturn-eu-sanctions,RFI,2026-09-09 22:21:50.633232+00:00,2026-09-09T22:21:50.633232,General,0.04,Neutral,"roman, abramovich, third, attempt, overturn, sanctions, loses, court",,,210.0,,2026-09-09,22,Wednesday,210.0,8,61.8,2026-09-09 22:30:30.312391+00:00
,RFI Africa EN,Gambia's power crisis boils over as anger reaches breaking point,Protesters in The Gambia have taken to the streets demanding President Adama Barrow's resignation as anger over prolonged power cuts boils over just months ahead of December's general election.,,https://www.rfi.fr/en/africa/20260909-gambia-s-power-crisis-boils-over-as-anger-reaches-breaking-point,Anne-Marie Bissada,2026-09-09 22:21:50.633628+00:00,2026-09-09T22:21:50.633628,Politics,-0.45,Negative,"gambia, power, boils, anger, crisis, reaches, breaking, point",,,258.0,,2026-09-09,22,Wednesday,258.0,8,74.8,2026-09-09 22:30:30.312391+00:00
,RFI Africa EN,Macron hosts global space summit in Paris snubbed by US companies,"French President Emmanuel Macron is hosting dozens of leaders, technology experts and scientists in Paris for a two-day global space summit that opens on Wednesday, as major US companies including SpaceX and Blue Origin stay away.",,https://www.rfi.fr/en/science-and-technology/20260909-macron-hosts-global-space-summit-in-paris-snubbed-by-us-companies,RFI,2026-09-09 22:21:50.634040+00:00,2026-09-09T22:21:50.634040,Politics,0.0125,Neutral,"macron, global, space, summit, paris, companies, hosts, snubbed",,,296.0,,2026-09-09,22,Wednesday,296.0,8,69.85,2026-09-09 22:30:30.312391+00:00
,RFI Africa EN,Heat forces French champagne makers to stiffen their drink,"Drinking this year's champagne might give you a heftier headache as France's record heatwaves are forcing some producers to up the alcohol levels, industry officials said Wednesday.",,https://www.rfi.fr/en/france/20260909-heat-forces-french-champagne-makers-to-stiffen-their-drink,RFI,2026-09-09 22:21:50.634391+00:00,2026-09-09T22:21:50.634391,General,0.0,Neutral,"champagne, forces, french, makers, stiffen, drink, drinking, heftier",,,240.0,,2026-09-09,22,Wednesday,240.0,8,64.0,2026-09-09 22:30:30.312391+00:00
,RFI Africa EN,France among 12 nations to sanction trade with Israeli settlements,"Twelve countries, including Britain, Canada and France, said on Tuesday that they would impose sanctions on trade with Israeli settlements in the West Bank, following an increase in attacks by Israeli settlers against Palestinian villages in the occupied territory.",,https://www.rfi.fr/en/international/20260908-france-among-twelve-nations-to-sanction-trade-with-israeli-settlements,RFI,2026-09-09 22:21:50.634786+00:00,2026-09-09T22:21:50.634786,General,0.0,Neutral,"israeli, france, trade, settlements, among, nations, sanction, twelve",,,332.0,,2026-09-09,22,Wednesday,332.0,8,73.2,2026-09-09 22:30:30.312391+00:00
,RFI Africa EN,PSG boss Enrique urges squad to forget about past Champions League triumphs,PSG head coach Luis Enrique called on his Champions League-winning players to dismiss their back-to-back glories in the competition and re-motivate themselves for more success in European club football's most coveted competition.,,https://www.rfi.fr/en/sports/20260909-psg-boss-enrique-urges-squad-to-forget-about-past-champions-league-triumphs,Paul Myers,2026-09-09 22:21:50.635395+00:00,2026-09-09T22:21:50.635395,General,0.21,Positive,"enrique, champions, league, competition, urges, squad, forget, triumphs",,,305.0,,2026-09-09,22,Wednesday,305.0,8,74.7,2026-09-09 22:30:30.312391+00:00
,RFI Africa EN,Dembélé leads PSG's nine-man charge for 2026 Ballon d'Or,The 2025 Ballon d'Or winner Ousmane Dembélé led the nine-strong Paris Saint-Germain contingent on the 30-player shortlist unveiled on Tuesday for the 2026 accolade as the world's best footballer.,,https://www.rfi.fr/en/sports/20260908-2025-winner-demb%C3%A9l%C3%A9-leads-psg-stars-on-short-list-for-2026-ballon-d-or,Paul Myers,2026-09-09 22:21:50.638038+00:00,2026-09-09T22:21:50.638038,General,0.45,Positive,"ballon, leads, charge, winner, ousmane, strong, paris, saint",,,252.0,,2026-09-09,22,Wednesday,252.0,8,74.2,2026-09-09 22:30:30.312391+00:00
,DW Africa,Ceuta: EU grants Spain €115 million in emergency aid,"The EU has said the funds will go toward bolstering border security and returning migrants to Morocco. The move comes in the wake of a crisis that saw more than 70,000 migrants overwhelm the Spanish exclave in July.",,https://www.dw.com/en/ceuta-eu-grants-spain-€115-million-in-emergency-aid/a-79206505?maca=en-rss-en-africa-8291-rdf,Unknown,2026-09-09 22:21:51.575407+00:00,2026-09-09T22:21:51.575407,Security & Conflict,0.25,Positive,"migrants, ceuta, grants, spain, million, emergency, funds, toward",,,268.0,,2026-09-09,22,Wednesday,268.0,8,71.8,2026-09-09 22:30:30.312391+00:00
,DW Africa,Ethiopia's constitutional reform: What does it mean — especially for Abiy?,Does Ethiopian Prime Minister Abiy Ahmed stand to benefit from a planned constitutional reform in the country? A new presidential system would reshape political power — and could give him even more power in office.,,https://www.dw.com/en/ethiopia-s-constitutional-reform-what-does-it-mean-especially-for-abiy/a-79172262?maca=en-rss-en-africa-8291-rdf,Unknown,2026-09-09 22:21:51.575949+00:00,2026-09-09T22:21:51.575949,Politics,0.0648,Positive,"constitutional, reform, power, ethiopia, especially, ethiopian, prime, minister",,,289.0,,2026-09-09,22,Wednesday,289.0,8,70.19600000000001,2026-09-09 22:30:30.312391+00:00
,DW Africa,Trafficked into fraud: An African crisis situation in Cambodia,"Cambodia's crackdown on scam operators is stranding young African trafficking victims in the Asian country with no money, no passport and no prospects.",,https://www.dw.com/en/trafficked-into-fraud-an-african-crisis-situation-in-cambodia/a-79189967?maca=en-rss-en-africa-8291-rdf,Unknown,2026-09-09 22:21:51.576343+00:00,2026-09-09T22:21:51.576343,General,0.025,Neutral,"african, cambodia, trafficked, fraud, crisis, situation, crackdown, operators",,,214.0,,2026-09-09,22,Wednesday,214.0,8,61.900000000000006,2026-09-09 22:30:30.312391+00:00
,Google News: Mastercard Foundation Africa Secondary Education,Mastercard Foundation Secondary Education in Africa Today (SEAT) Youth Ambassador Program 2018 for young Africans (Fully Funded with Stipend) - opportunitiesforafricans.com,Mastercard Foundation Secondary Education in Africa Today (SEAT) Youth Ambassador Program 2018 for young Africans (Fully Funded with Stipend)&nbsp;&nbsp;opportunitiesforafricans.com,,https://news.google.com/rss/articles/CBMinwFBVV95cUxPOEhjTW9ac0x4VzRGdGZZWUJzV1liVTVXcGlfNnNRd2Rhc1c5OGdNN2xYdS1HVFZhWXFtaTl1YWdEYTBFQmF3VWRtUnJaQ0hGMlk4MF9aZVhDY2tVMElDSFJzcDVQN3VIdUFPMUhOcm5TQUNIUkpxTHZVbGdFRVhoVW9zOFZJY05ncWgyMS1nWFN5Qy12ME9FY0k1dXF4RTA?oc=5,Unknown,2026-09-09 22:22:04.940845+00:00,2026-09-09T22:22:04.940845,Education,-0.1,Negative,"mastercard, foundation, secondary, education, africa, today, youth, ambassador",mastercard foundation,,354.0,,2026-09-09,22,Wednesday,354.0,8,77.4,2026-09-09 22:30:30.312391+00:00
,Google News: Mastercard Foundation Africa Secondary Education,Higher Education in Kenya: MasterCard Foundation - The Borgen Project,Higher Education in Kenya: MasterCard Foundation&nbsp;&nbsp;The Borgen Project,,https://news.google.com/rss/articles/CBMiYkFVX3lxTE0wTVJEZGpIY0RlOWJ3ZGNRMU9qS1ZLVmd0cVp4RThPLWlnSGRNTmEyVExuSmlwQjhZYjZsWUFwT2RTQUxuYnBMZjhDMHV6SlFzUHkwV3NsVjdiR2FfZ0xKNC1B?oc=5,Unknown,2026-09-09 22:22:04.941456+00:00,2026-09-09T22:22:04.941456,Education,0.25,Positive,"higher, education, kenya, mastercard, foundation, borgen, project",mastercard foundation,,148.0,,2026-09-09,22,Wednesday,148.0,7,54.8,2026-09-09 22:30:30.312391+00:00
,Google News: Mastercard Foundation Africa Secondary Education,African organisations are advancing inclusive education using technology - African Business,African organisations are advancing inclusive education using technology&nbsp;&nbsp;African Business,,https://news.google.com/rss/articles/CBMixwFBVV95cUxQTFdlNGpXMjNVazBjdHdwY3QtdmgtXzRMSjExUm5nWUJ5dHVndmhiRUJXVFV3LTBaR09HZXJkSXdLRmNiVHBhTHNHWndkbnVYcldub05ET2NxbGdmN2VST3RDS256eVJaTUZnMzBIWkFEdzQtSlNENlYzMDM0NWVQN1VGb3BhQ1UtTkJYdnE1UFJrYkJOb1k5VHRobjVXSGdhdmdpYjFfa3hvVmNXeEUwUlFPTGh2c1FFQUwtcHJFSVE0SUROQWFJ?oc=5,Unknown,2026-09-09 22:22:04.943365+00:00,2026-09-09T22:22:04.943365,Business,0.0,Neutral,"african, organisations, advancing, inclusive, education, using, technology, business",,,192.0,,2026-09-09,22,Wednesday,192.0,8,59.2,2026-09-09 22:30:30.312391+00:00
,Google News: Mastercard Foundation Africa Secondary Education,Mastercard Foundation Scholarship programme – Makerere University (Uganda) - UNHCR - The UN Refugee Agency,Mastercard Foundation Scholarship programme – Makerere University (Uganda)&nbsp;&nbsp;UNHCR - The UN Refugee Agency,,https://news.google.com/rss/articles/CBMisgFBVV95cUxOZUk5bFZySUpMbXVRcHNldGNqaTY1UVNHZWZfSWs4NzFBc19sbGU0NkxlR0lZSEVfVzVaX3BCQmFuWXBQVFk2Q1FkZkM2cVQzdlFKcmFJZTdiY0dneHByUUc0TFdmMzhQWWxIdlAtTlktZW9qeUxra0dnd2tXSlc3SEFWWlpjY2l5cmd6LXJlNlNtTkhmUUNqMm5PYTZld3ZMZENESE9Lemk0RkF1OW5lenFR?oc=5,Unknown,2026-09-09 22:22:04.949265+00:00,2026-09-09T22:22:04.949265,Education,0.0,Neutral,"mastercard, foundation, scholarship, programme, makerere, university, uganda, unhcr",mastercard foundation,Mastercard Foundation Africa Secondary Education,222.0,,2026-09-09,22,Wednesday,222.0,8,62.2,2026-09-09 22:30:30.312391+00:00
,Google News: Mastercard Foundation Africa Secondary Education,Rwanda: MasterCard Foundation Rwanda Scholars Urged to Be Change-Makers - allAfrica.com,Rwanda: MasterCard Foundation Rwanda Scholars Urged to Be Change-Makers&nbsp;&nbsp;allAfrica.com,,https://news.google.com/rss/articles/CBMiW0FVX3lxTE9adjBfdmRsb3ZHZVRYZXB1ZlN3dEZ1WHVFYmpyXzFpbmtGbTlEaTVNdkdzc3Z5QlNYYUtUUEJxVXo1OU14Y3pyczAtbkV1WnhrVUtHZTFSdVNranc?oc=5,Unknown,2026-09-09 22:22:04.950437+00:00,2026-09-09T22:22:04.950437,General,0.0,Neutral,"rwanda, mastercard, foundation, scholars, urged, change, makers, allafrica",mastercard foundation,,184.0,,2026-09-09,22,Wednesday,184.0,8,58.400000000000006,2026-09-09 22:30:30.312391+00:00
,Google News: Mastercard Foundation Africa Secondary Education,"The Mastercard Foundation Set To Improve Education, Job Creation For Over 70,000 Young Africans - Independent Newspaper Nigeria","The Mastercard Foundation Set To Improve Education, Job Creation For Over 70,000 Young Africans&nbsp;&nbsp;Independent Newspaper Nigeria",,https://news.google.com/rss/articles/CBMiuAFBVV95cUxQSVZxTV80ZW1TSEdBT1dnUGxCM3E1c00tanFydzZVT2piMmJxajJwbE5QNlZsOWdrclZhZ000QzgzSzU3YXBnZGJWdzYwdDRVM1k1UWUyTzJMb1N0VlNSY3AyeUxvUmlPNEtjd2NwRFBDbkxZSVRzM01sRGYxWTUyeW9BV2RuMmVGcUZBdVl6b0tIQktZTzYwdTljbmVoZG9ZVU9qNmZsYnlWdVJBR0JCUXNHQ0lfWkdp?oc=5,Unknown,2026-09-09 22:22:04.951155+00:00,2026-09-09T22:22:04.951155,Education,0.0667,Positive,"mastercard, foundation, improve, education, creation, young, africans, independent",mastercard foundation,,264.0,,2026-09-09,22,Wednesday,264.0,8,67.73400000000001,2026-09-09 22:30:30.312391+00:00
,Google News: Mastercard Foundation Africa Secondary Education,Gulu University Mastercard Foundation TAGDev 2.0 Scholarship Programme 2025 for young East Africans (Fully Funded) - opportunitiesforafricans.com,Gulu University Mastercard Foundation TAGDev 2.0 Scholarship Programme 2025 for young East Africans (Fully Funded)&nbsp;&nbsp;opportunitiesforafricans.com,,https://news.google.com/rss/articles/CBMiuAFBVV95cUxQZ255SVJNR2NoU2RTUGZzT0VsV3RPVS1pbjM2VW5hVzZpM29iWWxkU1NBME54YnBpX3NtZkFucFRLTjBDZkZ4elR6SVB6empzX1BObTJvUXBYaXJGbjBEeGtwbTlEZ2kzb21rX2Noc2RQZmN3NDRTZ2ttbkw3VEg0VWNwNlNMUHVhdUdGXzNkcGduQWRHMjZoLTl3M2hiU2JjRy1wQl9rZmRXS0p2OWF1V2dIWHVrQWVl?oc=5,Unknown,2026-09-09 22:22:04.951530+00:00,2026-09-09T22:22:04.951530,Education,0.1,Positive,"university, mastercard, foundation, tagdev, scholarship, programme, young, africans",mastercard foundation,,300.0,,2026-09-09,22,Wednesday,300.0,8,72.0,2026-09-09 22:30:30.312391+00:00
,Google News: Mastercard Foundation Africa Secondary Education,Transforming lives through quality education - theeastafrican.co.ke,Transforming lives through quality education&nbsp;&nbsp;theeastafrican.co.ke,,https://news.google.com/rss/articles/CBMipwFBVV95cUxPd0NLVTJiNEllZEVab0NpSkZFa1RnRHE5OEFMa2FYXzRlb2dUend3ak5CUEJDWllKN1lkVGlhdWlGekkzR0c4T3k3OHQwOEZRUHNDckJ2Z2VUcGQyYlNmTlkxNUhHXzNXM0ltRGVLUDdsOUlKdWFRbm5FdFlROWhkdGUyOUF6NFpQREl5V0dJdHNOcVhYbDhMTlhObk5nYUFTZGE5NUNSQQ?oc=5,Unknown,2026-09-09 22:22:04.951788+00:00,2026-09-09T22:22:04.951788,Education,0.0,Neutral,"transforming, lives, through, quality, education, theeastafrican",,,144.0,,2026-09-09,22,Wednesday,144.0,6,44.4,2026-09-09 22:30:30.312391+00:00
,Google News: Mastercard Foundation Africa Secondary Education,RUFORUM/Mastercard Foundation TAGDev Scholarships 2024/2025 for young Africans. - opportunitiesforafricans.com,RUFORUM/Mastercard Foundation TAGDev Scholarships 2024/2025 for young Africans.&nbsp;&nbsp;opportunitiesforafricans.com,,https://news.google.com/rss/articles/CBMiowFBVV95cUxQaFo3Sm1jNVVyXzlUTk9IR0ctYTZ1dzZZbFd2TUV1NUFWNkxTWlNNZnlPclhORUZNQkhnMFlqRm9TRF94dFBSc24yN3c2bFJwRDk2eXk1TWg4TElSZGVOel9KbTBYS3A1TzNERjFfN0RobFVCRTNSaW9WRWNLQ3R4YjNkVFpnc3ZSTnVTOUoweTY3ODc3SlJ3R2M5U2tUdlgxam1N?oc=5,Unknown,2026-09-09 22:22:04.952611+00:00,2026-09-09T22:22:04.952611,Education,0.1,Positive,"ruforum, mastercard, foundation, tagdev, scholarships, young, africans, opportunitiesforafricans",mastercard foundation,,230.0,,2026-09-09,22,Wednesday,230.0,8,65.0,2026-09-09 22:30:30.312391+00:00
,Google News: Mastercard Foundation Africa Secondary Education,Mastercard Foundation to host two events at 79th Session of UN General Assembly on September 22 - citinewsroom.com,Mastercard Foundation to host two events at 79th Session of UN General Assembly on September 22&nbsp;&nbsp;citinewsroom.com,,https://news.google.com/rss/articles/CBMizgFBVV95cUxNU0hyU3NuYnpRWVd0Mmk1TmRXdmJnT2ROVi1rLUQ4bzZOdDVoRFhleVMwR212ZG1TdWNLNzZZVzE5TlM0bzk0dm96SkpzTHJ6UjhYVlhNY1dtMXRiT3JwNGZuQ29KMVFHWFlCTFZUQXphbWhFTmJIVmptUG5Dal9YRVViSlpIdDhCclFmMGJEbjBpX2MtRWcxaWs4S0VJZ1hmaWtTQnlvbmdWcWx4ZEtoN21SSTFNTEQ2QVZDWUhPTVZtZlNlam9oNEFxMTV1UQ?oc=5,Unknown,2026-09-09 22:22:04.953320+00:00,2026-09-09T22:22:04.953320,General,0.05,Positive,"mastercard, foundation, events, session, general, assembly, september, citinewsroom",mastercard foundation,,238.0,,2026-09-09,22,Wednesday,238.0,8,64.8,2026-09-09 22:30:30.312391+00:00
,Google News: Mastercard Foundation Africa Secondary Education,"Nigeria’s HITCH, 11 other African Startups Selected for Mastercard Foundation Edtech Program - techcityng.com","Nigeria’s HITCH, 11 other African Startups Selected for Mastercard Foundation Edtech Program&nbsp;&nbsp;techcityng.com",,https://news.google.com/rss/articles/CBMitAFBVV95cUxPbHlKZUlva3NTb1k4SEpuYVZESzFtR3dHY2t2bXpVOVFmZHhxdzZTd0JncnVmMEF2ZkxTQlZsTHM5QjhISWtVbkVQbWgxa1owbm02SUNXVlBJbHMwdWhqMlNlWWlMUG56bUNzdWVBYno3R1VZNWhDeUhRRWh1ZTd5QzhmYnNUaVluV011VVFVZXdTVG55d20yVFhhdEtlNklZWUJ3Ni1Qbk9UX3hoS3I5X2J0X0rSAboBQVVfeXFMTkJwbGFqeWJyR09STWV0dkZwY0pubHF5ODFmWXoxWVhRUkRfWkhOd0VVMDg2dC1LLWV4SHJaWVdiQzhuRm9GT0QxNVV0LVMtdFNpMXY1LUZSNGdadENrRmRPTmZrUDRPY0pZR0Eyc2Q4bV8yaVVjbmU4M3VJYnVmS29OYl9JeGRkZDZjQzJoc2J2WDhaVUZiM0U2bkozY1ZsMnZQY05oZ2lWeVlSdVl5S2xrUHFqb0dkVnln?oc=5,Unknown,2026-09-09 22:22:04.953711+00:00,2026-09-09T22:22:04.953711,Business,-0.0625,Negative,"nigeria, hitch, african, startups, selected, mastercard, foundation, edtech",mastercard foundation,,228.0,,2026-09-09,22,Wednesday,228.0,8,64.05,2026-09-09 22:30:30.312391+00:00
,Google News: Mastercard Foundation Africa Secondary Education,MasterCard Foundation offers $500m scholarship to 15 thousand African youth - Premium Times Nigeria,MasterCard Foundation offers $500m scholarship to 15 thousand African youth&nbsp;&nbsp;Premium Times Nigeria,,https://news.google.com/rss/articles/CBMisAFBVV95cUxPMV9aS3piQnY2MVltbXhiVDJRMkc3czNsdjBYYUt3elY3R2Z5WVJDVWxhM0g2eUw5STVjRnFUZmNtR0x5VjJNcXdMS3A4NTJUQTk5cURYTHluOEhEOWxDX1JtUHJwMzRrZ0RXMUZtbmRpR1B0R29vVVlLLWp0V2Z5N1dEbnZITm5lN3QwYXRoeFZoUzdyRVYteDY0RWVBdl8zdVctQk1VSjZ4eHhTR2ROOA?oc=5,Unknown,2026-09-09 22:22:04.954681+00:00,2026-09-09T22:22:04.954681,Education,0.05,Neutral,"mastercard, foundation, offers, scholarship, thousand, african, youth, premium",mastercard foundation,,208.0,,2026-09-09,22,Wednesday,208.0,8,61.8,2026-09-09 22:30:30.312391+00:00
,Google News: Mastercard Foundation Africa Secondary Education,Fully funded scholarships for Nigerian undergraduate students and how to apply - Legit News,Fully funded scholarships for Nigerian undergraduate students and how to apply&nbsp;&nbsp;Legit News,,https://news.google.com/rss/articles/CBMiqwFBVV95cUxNQjBZamloYUhubUQzZVhoNE5qenZXc0RMUGJxWHBJbHRrVFNfNGdOUEZJb3dxQVI4VDFDcERxMEJCOXFpTG9pTTduMXVlV1F5S3c3c0VzNHpfeWVzSS1abEE5WDRlNFJXWjVpdURYNHVHZ2xXaUM2dnZiS1dtWmJRamkza3JjQnlRYUVrTDBVbFVoZ2ltYVRhM3EtZExON05tbHZ3dzFvMjAtQ2c?oc=5,Unknown,2026-09-09 22:22:04.957057+00:00,2026-09-09T22:22:04.957057,Education,0.0,Neutral,"fully, funded, scholarships, nigerian, undergraduate, students, apply, legit",,,192.0,,2026-09-09,22,Wednesday,192.0,8,59.2,2026-09-09 22:30:30.312391+00:00
,Google News: Mastercard Foundation Africa Secondary Education,"AGIF Scholarship for Primary, Secondary & Undergraduate Students in Nigeria 2025 (Project A500) - After School Africa","AGIF Scholarship for Primary, Secondary & Undergraduate Students in Nigeria 2025 (Project A500)&nbsp;&nbsp;After School Africa",,https://news.google.com/rss/articles/CBMiswFBVV95cUxPT2ZHaVRrYVFmTmU4LVdQRUotNFFjd0RvVl9KUVZYb2ZIRDlESjJPNnJkaHROMVpaQlVhM3pnai1TemlWYXlNdnRjYWIyTUJvZ195QTN4SmhRcW5JbTBxYUVWY3FhTktEaTYzYmZvYW1sVmc5dGhjQ2xBNThaTFpwb211RlVHbGt6UG1sMk1tU3ZkcXFCNURxOVI2RjQ4Q2hGZ2JCWDBLUFVOMEVoQ1Bkak5uVQ?oc=5,Unknown,2026-09-09 22:22:04.957734+00:00,2026-09-09T22:22:04.957734,Education,0.05,Neutral,"scholarship, primary, secondary, undergraduate, students, nigeria, project, school",,,244.0,,2026-09-09,22,Wednesday,244.0,8,65.4,2026-09-09 22:30:30.312391+00:00
,Google News: Africa fintech,MNT Halan’s Cairo Listing Flies In Face Of African Fintech IPO Exodus - WeeTracker,MNT Halan’s Cairo Listing Flies In Face Of African Fintech IPO Exodus&nbsp;&nbsp;WeeTracker,,https://news.google.com/rss/articles/CBMigwFBVV95cUxORjliNFg5TnZfdGtidHVjRjZPeFdVNkV0ekwtRXA2LXpVTjZ2MWNLMi1OXzIwLTRBS3RyVC1fZjMxd2J6RG96bDhMMW9helpBQzQ4SUc0d0haUjlQMjVFYWFkOGtKdXFtY0RGcEZscVpLSWt5VlNRaXZpSFMwQjVfVTR2Zw?oc=5,Unknown,2026-09-09 22:22:05.769044+00:00,2026-09-09T22:22:05.769044,Business,0.0,Neutral,"halan, cairo, listing, flies, african, fintech, exodus, weetracker",,,174.0,,2026-09-09,22,Wednesday,174.0,8,57.400000000000006,2026-09-09 22:30:30.312391+00:00
,Google News: Africa fintech,Egyptian Fintech Unicorn MNT-Halan Files for Cairo Stock Market Listing - Launch Base Africa,Egyptian Fintech Unicorn MNT-Halan Files for Cairo Stock Market Listing&nbsp;&nbsp;Launch Base Africa,,https://news.google.com/rss/articles/CBMiakFVX3lxTFBuaGpXdkl6eHN4XzRWbzBKREN0WnhkNGpCbnJsSHpERW44QjY3ZWFwUWZLLVhERTROdkVVTTNsQmVqektlZjJPOUdWczFYb0dlaVMwSnVvaDRmTjcxRGV1Tmw2bUtrWmVfYkE?oc=5,Unknown,2026-09-09 22:22:05.770411+00:00,2026-09-09T22:22:05.770411,Business,-0.8,Negative,"egyptian, fintech, unicorn, halan, files, cairo, stock, market",,,194.0,,2026-09-09,22,Wednesday,194.0,8,75.4,2026-09-09 22:30:30.312391+00:00
,Google News: Africa fintech,Ericsson Fintech Platform: Africa is 70-75% of users - tech dot africa,Ericsson Fintech Platform: Africa is 70-75% of users&nbsp;&nbsp;tech dot africa,,https://news.google.com/rss/articles/CBMia0FVX3lxTE4tRkFfT09iYXluMVVaajVZQ1R6XzNqMHFSY1o4aEkyODRhZV9ONm0wRG1xeE1sRU9Mc2JENGFobVRrMndMaXNEdnBZTEltLTFXMUo3SnZFZndjczE5MFJZOFV5M1JYdk5jdXQ0?oc=5,Unknown,2026-09-09 22:22:05.770683+00:00,2026-09-09T22:22:05.770683,General,0.0,Neutral,"africa, ericsson, fintech, platform, users",,,150.0,,2026-09-09,22,Wednesday,150.0,5,40.0,2026-09-09 22:30:30.312391+00:00
,Google News: Africa fintech,Exclusive / South Africa’s Absa eyes fintech partnerships - Semafor,Exclusive / South Africa’s Absa eyes fintech partnerships&nbsp;&nbsp;Semafor,,https://news.google.com/rss/articles/CBMikAFBVV95cUxOMGNyeFVOeC14U19BT1hoRUlENXA5dlV4UkEwY3pZY29PUzdMVmlUTk1HcjBzejZWZ0d6MC03WEJJTk9vWWdOQjE5ZTdVeGxaSFdod1pjOGZObnBLRmY0S3NFZkdwU3NqbGlQLVZhYkZnUUc1RjNIM291YnYxTnd0QlE1VElLalA0WUNWRHRhNVE?oc=5,Unknown,2026-09-09 22:22:05.771071+00:00,2026-09-09T22:22:05.771071,General,0.0,Neutral,"exclusive, south, africa, fintech, partnerships, semafor",absa,,144.0,,2026-09-09,22,Wednesday,144.0,6,44.4,2026-09-09 22:30:30.312391+00:00
,Google News: Africa fintech,Kigali: Africa Fintech Summit Kigali 2026 - Financial Afrik,Kigali: Africa Fintech Summit Kigali 2026&nbsp;&nbsp;Financial Afrik,,https://news.google.com/rss/articles/CBMiiAFBVV95cUxPdUljNDFsVkVEbnQ1NUZMOG5qVkFnTVJnMjV0Znh6UXhfU25qMDBpdGRxUzE4Q1V5OTNxU0ctRE1meHVPUVNuSFpsZ1ZqNzd0MFhuc0hZN1dFZ004emZHdTZBejRCZnFiaUNWWVM5eGROOVUwdmJLZXRKdVVZamRiS0FXZUV1aldj?oc=5,Unknown,2026-09-09 22:22:05.771375+00:00,2026-09-09T22:22:05.771375,General,0.0,Neutral,"kigali, africa, fintech, summit, financial, afrik",,Africa Fintech,128.0,,2026-09-09,22,Wednesday,128.0,6,42.8,2026-09-09 22:30:30.312391+00:00
,Google News: Africa fintech,Flutterwave CEO leads delegation to Nigeria’s Vice President to discuss fintech growth - Tech Review Africa,Flutterwave CEO leads delegation to Nigeria’s Vice President to discuss fintech growth&nbsp;&nbsp;Tech Review Africa,,https://news.google.com/rss/articles/CBMiwgFBVV95cUxNUEVpb0JjbVppNFVCbjR5VElJdUdrWmxLdG15eE9pWEFDVF9pcHNqTENVci1iaF9PV2hwaDB4WGFva0NkVHVnWkJMNmxkckxaajJJZEU1YzJmRXBJdW9xdzFfVFhoQm9LQnFhanpYaTViYnVVV0tTZURGZVkyd2dJTW13UndwYkVoYkJNRGtZZ1pFaGY5eDJhdE8yWTJscFdVTUhPTEYzMWVLYXAwQkpCTEtNLTdqYmVBTjFyaWozTnFrZw?oc=5,Unknown,2026-09-09 22:22:05.772024+00:00,2026-09-09T22:22:05.772024,Politics,0.0,Neutral,"flutterwave, leads, delegation, nigeria, president, discuss, fintech, growth",flutterwave,Africa Fintech,224.0,,2026-09-09,22,Wednesday,224.0,8,62.400000000000006,2026-09-09 22:30:30.312391+00:00
,Google News: Africa fintech,Africa fintech growth must be matched by resilient infrastructure – Belema CEO - Business News Nigeria,Africa fintech growth must be matched by resilient infrastructure – Belema CEO&nbsp;&nbsp;Business News Nigeria,,https://news.google.com/rss/articles/CBMitgFBVV95cUxNN3FIU1dud01CcFdzUnJFMTlJc2VOLUZKdnEzYmlObVpFcDBKZ1ZrYlFoc3RiQXU2U05PdWlfaGg3RWZFbU45TVgyejVSSmlBckxldXFVMWM5bFF4TVROd3lWeXNaOHlRNjVrYnV6ekpDT1piVC1nOFJpWlVlWjFkU3RuT2l5Z1d1MVRlM0ItZzFhY3BSdEQ5UmxFQThaTFFVeE5WLVl4UVVwOUZoTUFETnVaS1M0dw?oc=5,Unknown,2026-09-09 22:22:05.772365+00:00,2026-09-09T22:22:05.772365,Business,0.0,Neutral,"africa, fintech, growth, matched, resilient, infrastructure, belema, business",,Africa Fintech,214.0,,2026-09-09,22,Wednesday,214.0,8,61.400000000000006,2026-09-09 22:30:30.312391+00:00
,Google News: Africa fintech,"Africa Mobile Payments Market Report 2026 | Set to Reach $198.8 Billion in 2026, Supported by Fintech Growth and Interoperable Infrastructure - Yahoo Finance","Africa Mobile Payments Market Report 2026 | Set to Reach $198.8 Billion in 2026, Supported by Fintech Growth and Interoperable Infrastructure&nbsp;&nbsp;Yahoo Finance",,https://news.google.com/rss/articles/CBMiowFBVV95cUxPb2FJVUJ4bmtRcDJtbWo4N09ya3dPR28zQkxFMXhOUk9udjdaWDBQdDFkZ18ybFBRZ1o5cFlQODhvQS1FQWVWS184Q1Q1ajRYOVl4MTJGaFpuWElXNDBGRkFqRFdBLW1obUVTcUJZWTBGbzVjOVRmckVORURudDlwVjljSTJFMnVjaVpMNWFkVDdyX3lqcF9vRFRLcjlWcy1hU1RZ?oc=5,Unknown,2026-09-09 22:22:05.772795+00:00,2026-09-09T22:22:05.772795,Business,0.0,Neutral,"africa, mobile, payments, market, report, reach, billion, supported",,,324.0,,2026-09-09,22,Wednesday,324.0,8,72.4,2026-09-09 22:30:30.312391+00:00
,Google News: Africa fintech,Celebrating World Fintech Day: ECA and partners advance dialogue on tokenised money and stablecoins in Africa - United Nations Economic Commission for Africa,Celebrating World Fintech Day: ECA and partners advance dialogue on tokenised money and stablecoins in Africa&nbsp;&nbsp;United Nations Economic Commission for Africa,,https://news.google.com/rss/articles/CBMitwFBVV95cUxQOWE1TnNwdVgyaWMyUm5GYlppRUU5QlotTHdGLThEVW9PYXRlZVRBRUJQSTAzTFhHMGJ3RDlvWFlra3pOWElVYnlLZVVfcVk2N0RkUjdPeTk2MGpvQXBXZVRkajA0SWRPUzVQS3R4Q0NFZWZYRmwzc3ByZ0NoYVluSmk5ekdJOXk3RE9FY3BqODZod2FqMjdWSGV5cUFVZ3pmUW0tTWhnRXVvXy1fTUlwSklYQ3h3ajg?oc=5,Unknown,2026-09-09 22:22:05.774844+00:00,2026-09-09T22:22:05.774844,General,0.2,Positive,"africa, celebrating, fintech, partners, advance, dialogue, tokenised, money",,,324.0,,2026-09-09,22,Wednesday,324.0,8,76.4,2026-09-09 22:30:30.312391+00:00
,Google News: Africa fintech,Egypt’s Fintechs’ Next Growth Market - Launch Base Africa,Egypt’s Fintechs’ Next Growth Market&nbsp;&nbsp;Launch Base Africa,,https://news.google.com/rss/articles/CBMigAFBVV95cUxNejAzYUVnb0hVUUY2MVdBVVlXcDBXUHRiOHlJOWVWWkxBR0xFbDk3VUd5YWduR0VnYy1BSDRIOEhsSjhqNWhBM1IwOE03S1lVSG5taU44cEJtXzhvMUw1Uk0xQmpDOWc3b3FqQm5Rb2NHMDJTdkdsdWNqYjE5QU85ag?oc=5,Unknown,2026-09-09 22:22:05.775218+00:00,2026-09-09T22:22:05.775218,Business,-0.4,Negative,"egypt, fintechs, growth, market, launch, africa",,,124.0,,2026-09-09,22,Wednesday,124.0,6,50.4,2026-09-09 22:30:30.312391+00:00
,Google News: Africa fintech,Creditchek acquires Ugandan core banking software startup Algosys to drive East Africa expansion - TechCabal,Creditchek acquires Ugandan core banking software startup Algosys to drive East Africa expansion&nbsp;&nbsp;TechCabal,,https://news.google.com/rss/articles/CBMiygFBVV95cUxQbWVWclVfY1RFME11MnY1X0NFeGt4blA4a1E0clRjbkdybF9IY3F4Y3daYTBxUU1iTGlHTmNUYWhLTlphbUdFVTNkRzkxYzBqdDRUbnBDUnhuQnBwckF4UWc4UUZZMXJ0MXFvNld3dDYwbEd5WnZwbE9nRWlob0FsUnpySzFTTHVjcXdfakhlTkxNRHJqLXQ0Z0MwRUpXMzNJbXNZekNENk5GZXVDNnIwOW9jVG91YkhEbnNaRUJBUFNqYU5oSjFGRUpB?oc=5,Unknown,2026-09-09 22:22:05.778476+00:00,2026-09-09T22:22:05.778476,Business,0.0,Neutral,"creditchek, acquires, ugandan, banking, software, startup, algosys, drive",,,226.0,,2026-09-09,22,Wednesday,226.0,8,62.6,2026-09-09 22:30:30.312391+00:00
,Google News: Africa fintech,Top African Retailer Pepkor to Acquire Fintech Firm Shop2Shop - Bloomberg,Top African Retailer Pepkor to Acquire Fintech Firm Shop2Shop&nbsp;&nbsp;Bloomberg,,https://news.google.com/rss/articles/CBMisgFBVV95cUxQcV9lblR4Z1BBMExoQnZVQVZteE9fUGcyRnd6bUVmZmpSVk5TcDNNR0R4bnZPODdrSkd6VGFBSUNhVEhvZm5OMDd2SWxMcUd3T2FzU25BTkRMOXJ5RXg0d0hUQVJGMXNjZ1FQTEN4RmxSUm9sZ0ZWdEVqUkNaWWEwemJfVGpzblZETzA1alJ5NVNqVm1fejlnZndCaUhYUHRRbEExSDRYaWNMRi1JRF9WUGRn?oc=5,Unknown,2026-09-09 22:22:05.778762+00:00,2026-09-09T22:22:05.778762,General,0.1,Positive,"african, retailer, pepkor, acquire, fintech, bloomberg",,,156.0,,2026-09-09,22,Wednesday,156.0,6,47.6,2026-09-09 22:30:30.312391+00:00
,Google News: Africa fintech,Watch Moniepoint’s Success Story: How a Nigerian Startup Became an Fintech Unicorn - Bloomberg,Watch Moniepoint’s Success Story: How a Nigerian Startup Became an Fintech Unicorn&nbsp;&nbsp;Bloomberg,,https://news.google.com/rss/articles/CBMingFBVV95cUxNbVBfd3gtSUxKeVp6YndRdXNHMFBvVVdCajZic01lX29sekt5YnVnUlBTTVB4U1paV0VWekg0SDMxUzlRUVhvQ3hIYkc0NnZXRmNJSjQzZFhGSDRqeTI2VWV2LU16N3NFN3V1a1JuZ2JjT1cyNTZhcHFmUG8tc0xMMlFFN1F1NjFQMFZaWmNVRHFpUFB6bFV0Y0NFeHY5dw?oc=5,Unknown,2026-09-09 22:22:05.780637+00:00,2026-09-09T22:22:05.780637,Business,0.3,Positive,"watch, moniepoint, success, story, nigerian, startup, became, fintech",moniepoint,Africa Fintech,198.0,,2026-09-09,22,Wednesday,198.0,8,65.8,2026-09-09 22:30:30.312391+00:00
,Google News: Africa fintech,Breet launches $10K equity-free grant for African fintech startups - Dealroom,Breet launches $10K equity-free grant for African fintech startups&nbsp;&nbsp;Dealroom,,https://news.google.com/rss/articles/CBMioAFBVV95cUxQQlB5Z2IzaVdyMXNCQTVlNXd0YjdRWTF5OWJ5QWFGXzkzWlA0SFBBQm5FMXVVM0UtaWluSkJhX2NCTWFQWHJzYWxyYm5SM1VZNWNwN1dheEhZcDYwSkE3bC1WbXl4dzhFT0U3b1k5ODlnLTRZaDJ0Qm5kNEcxcTFRTk9ZTVc1RTRSUzM5X1lCWmhBTDMxSXJwQnNkTkYxSnNL?oc=5,Unknown,2026-09-09 22:22:05.782405+00:00,2026-09-09T22:22:05.782405,Business,0.0,Neutral,"breet, launches, equity, grant, african, fintech, startups, dealroom",,,164.0,,2026-09-09,22,Wednesday,164.0,8,56.400000000000006,2026-09-09 22:30:30.312391+00:00
,Google News: Africa fintech,African nations move to bring stablecoins into the financial mainstream - Daily Maverick,African nations move to bring stablecoins into the financial mainstream&nbsp;&nbsp;Daily Maverick,,https://news.google.com/rss/articles/CBMiwAFBVV95cUxOVHpRMHp3d2Z1WmFydHhBaW5va09xWGlZMGhHb1NFNjFrajdsQ2FSRmRoeEllWjVJbVRKdlE0cFphYjR6eXZ4T3dlcTY4UjRHVnZ6MVplekQ0ekVaX3NKRVlOT0NKY0ZJZUx6NjgxX1NmZjQ5LXVKNV9yMEJ4Q0lhUlRKS1pHUzlGMnJvd0Q2ZGV3Q2RMTG4tWjV4Uk9ydDR2R2pLcmV5N2ZnRElIS3JYR0dZS082ekZJcXhmbTAwMVU?oc=5,Unknown,2026-09-09 22:22:05.786214+00:00,2026-09-09T22:22:05.786214,General,0.0,Neutral,"african, nations, bring, stablecoins, financial, mainstream, daily, maverick",,,186.0,,2026-09-09,22,Wednesday,186.0,8,58.6,2026-09-09 22:30:30.312391+00:00
,Google News: Africa fintech,"𝐕𝐢𝐬𝐚 𝐭𝐮𝐫𝐧𝐬 𝐢𝐭𝐬 𝐀𝐟𝐫𝐢𝐜𝐚 𝐚𝐜𝐜𝐞𝐥𝐞𝐫𝐚𝐭𝐨𝐫 𝐢𝐧𝐭𝐨 𝐚 𝐟𝐢𝐧𝐭𝐞𝐜𝐡 𝐝𝐢𝐬𝐭𝐫𝐢𝐛𝐮𝐭𝐢𝐨𝐧 𝐞𝐧𝐠𝐢𝐧𝐞. Visa has opened applications for Cohort 6 of its Africa Fintech Accelerator, with a deadline of May 17, 2026, after using GITEX AFRICA in Marrakech to spo - linkedin.com","𝐕𝐢𝐬𝐚 𝐭𝐮𝐫𝐧𝐬 𝐢𝐭𝐬 𝐀𝐟𝐫𝐢𝐜𝐚 𝐚𝐜𝐜𝐞𝐥𝐞𝐫𝐚𝐭𝐨𝐫 𝐢𝐧𝐭𝐨 𝐚 𝐟𝐢𝐧𝐭𝐞𝐜𝐡 𝐝𝐢𝐬𝐭𝐫𝐢𝐛𝐮𝐭𝐢𝐨𝐧 𝐞𝐧𝐠𝐢𝐧𝐞. Visa has opened applications for Cohort 6 of its Africa Fintech Accelerator, with a deadline of May 17, 2026, after using GITEX AFRICA in Marrakech to spo&nbsp;&nbsp;linkedin.com",,https://news.google.com/rss/articles/CBMi7wRBVV95cUxOMy1KWUZubU9aMGdXODlqOVNQZUhhbDd5R3g3cUZQZi1QYXd5VXlwTFJlb2pnbnBpS0JiRUVpa29MMjJObmJPcTZsTDVBQWJ0c3pCU2ZEbEREVW5QX0JSaTZ6S1lBa2FONkpaM2Z1aE92X2lnczZzTnhtNTI5Qlk1eVVPTVBQZTJ1amtQblBfNk9EMHluZTlCSnpnNGxTNk9zY0dLMGJleFVnbXBhc1dKa2hEY3BOVWJVT18yTHNfLTlTak9oZDBYcnUwYmpjaE0yRTFhanZ4eE1KOVBZYmVOZkNISi1fNnlfdjVtWlNZeTZQYmVwa0dTOTNCY2JqRk1wLTVBZDFoTWxveUFtVE8yaURWUjl4bE1DUzkzZHpkOGh3VEpMU2w5VURHNU1NMUVpdExRWGFMUzYtLWVhYUljelp2LUNfY0FnZ2VtWkdPYThmVU1Ma2E1dmJKQzZRVTAwZ3M2RzdBZHhuMEhDZFRIX2RhUHZOdGZPdmlKZ1lncGFvcVhuU0VKcDZwZmoxUzQ5RTBEcG1vWUJISEJLRW42MFY0VndlQ0x1ZGVGVmNtWHphOXBNS3BTR3dhdkRDY0c0b3pZYjhqOXVIaFBndklxTFNuOU5Yc1dtSG1aelpvYTdsN25Ec0RsOENpYlg3V0M3ZXNhZDNIcUdCRnp4TWswU0FmQ2VraWs2Wnp0aGZnMG1yUlVSeUxuY19RM2EzOTliOURoUEFjQXNoRnhKVlVHblBMTGRaWlVaQ1ZqRlpGRXVwLVFXQkxSbmdJNXM2Y0FjNm5DUFI2QWVCWXBONkcwNW1udjdad183N3Z1WTJESQ?oc=5,Unknown,2026-09-09 22:22:05.786840+00:00,2026-09-09T22:22:05.786840,General,0.0,Neutral,"africa, opened, applications, cohort, fintech, accelerator, deadline, using",,Africa Fintech,488.0,,2026-09-09,22,Wednesday,488.0,8,88.80000000000001,2026-09-09 22:30:30.312391+00:00
,Google News: Africa fintech,Naran Secures $10 Million to Expand Mobility Fintech Across Latin America and Africa - ffnews.com,Naran Secures $10 Million to Expand Mobility Fintech Across Latin America and Africa&nbsp;&nbsp;ffnews.com,,https://news.google.com/rss/articles/CBMiswFBVV95cUxQYmxzYU1lQ2J6ci1rQlZpQ0J0Y3VEZktrYkpibHZua2M5Y1FXeVZKWG9TdnpSUklKcmFWNVJzWTZyN3Y1RTZWUmRkVFZpelhxQ3I4dTBYWUYzQUNwLUhPc3p2WE41eTRzczFrVmQ4X0pjQ1kya1pEX3otSlRNTXhoOWl4WXZFTUZlTmt4ZmplQkRGNF9hS2w4TWNTaEtpTGJHYjNqRHFtX1BKTUlNaGpfX0owUQ?oc=5,Unknown,2026-09-09 22:22:05.789125+00:00,2026-09-09T22:22:05.789125,General,0.0,Neutral,"naran, secures, million, expand, mobility, fintech, across, latin",,,204.0,,2026-09-09,22,Wednesday,204.0,8,60.400000000000006,2026-09-09 22:30:30.312391+00:00
,Google News: Africa fintech,"𝐎𝐏𝐚𝐲 𝐭𝐚𝐫𝐠𝐞𝐭𝐬 $𝟒𝐛𝐧 𝐯𝐚𝐥𝐮𝐚𝐭𝐢𝐨𝐧 𝐢𝐧 𝐩𝐥𝐚𝐧𝐧𝐞𝐝 𝐔𝐒 𝐥𝐢𝐬𝐭𝐢𝐧𝐠. OPay has appointed Citigroup, Deutsche Bank, and JPMorganChase to manage a planned US listing that would value the Nigerian fintech at about $4 billion. The move would mark a s - linkedin.com","𝐎𝐏𝐚𝐲 𝐭𝐚𝐫𝐠𝐞𝐭𝐬 $𝟒𝐛𝐧 𝐯𝐚𝐥𝐮𝐚𝐭𝐢𝐨𝐧 𝐢𝐧 𝐩𝐥𝐚𝐧𝐧𝐞𝐝 𝐔𝐒 𝐥𝐢𝐬𝐭𝐢𝐧𝐠. OPay has appointed Citigroup, Deutsche Bank, and JPMorganChase to manage a planned US listing that would value the Nigerian fintech at about $4 billion. The move would mark a s&nbsp;&nbsp;linkedin.com",,https://news.google.com/rss/articles/CBMijgRBVV95cUxOZ0RNeng3NXd2bTc5RGZzMTZlUjl3NVkzTmdhRmwyNWw1aDV4Y2Rzc2g2WWV6VEV2NnFmNF92b3ZuS2x2eWJUVXR2WExPVVpQa2ExUXBNMjU5N1VqLXp1cUU3UTNwejV5T01KZkxLVk5qV2J1RDREejNpRXM5Y3VpSUM4MEgxWXk3cWxQaHAxS2piMFZST3JDdVpGMFBETFRPb2l0aDJXbE1fZWxqcjdRTy1zdEFpeVZMdFFDUlEyU1VvZVRXUkFBRVVxc0YwaXRKb3k5My1IblRtcGJ3U1NPN2U0bTJrOTdsa2VUTzdSVUowOHJlRUh1M0NrcnRIYzhNV1BYX1dyVnRic3ZQTlNya1JFQTZOWGVZdWFLcmtoVzBab2NCa0RXTDdTS1JJR2dLVGFiYkVIT3Rvc24tdC1NMlFMQW1tbEVMOV82UW1YdU1ZVnNXX0xySHJEZ0w3VnVSNkVqNzZOVFFEcUVmazUtQ1kwUmVnb3l2SExSNjVEOFIxWTFsUXhoSE5JU1RDN2FHZmxfb1RJNGswSGlEWUllUU5qM25vUHBPT3pEaWVWUm5DMEdyek1BdDh6Y0kwWTlpU1g3OUF5ZDB6b0RUUkFOWmZhSjd3TUxnZnh1aVJWaFZvVVAwOXhtbExxUHRPazVzZnZCbjc3OHMyVW11c3dCM2l4bXY3TEtZbm0wSEhR?oc=5,Unknown,2026-09-09 22:22:05.795027+00:00,2026-09-09T22:22:05.795027,General,0.0,Neutral,"appointed, citigroup, deutsche, jpmorganchase, manage, planned, listing, value",opay,Africa Fintech,494.0,,2026-09-09,22,Wednesday,494.0,8,89.4,2026-09-09 22:30:30.312391+00:00
,Google News: Africa fintech,Djamo targets Francophone Africa with $40m raise - ITWeb Africa,Djamo targets Francophone Africa with $40m raise&nbsp;&nbsp;ITWeb Africa,,https://news.google.com/rss/articles/CBMimAFBVV95cUxNakNEckdVWnlGdjVDQXllRlZkMFNFM3dGbVJHY0ZlM0xlbFJ5MlYtNFF0MzMzZEc0TGF5ZWNMTzZ1UF9YSldIcktPcDdkLVo4R3ZiTDEwN0Vrb0FfXzZ1enE0ZTFFY3FYLUJFSTVWUk9jaHBtdVVSaXNRaVZMSTRIbGpnX0dQeXp5Z0V4R2ZSeXp6bkd0SG1KSA?oc=5,Unknown,2026-09-09 22:22:05.797455+00:00,2026-09-09T22:22:05.797455,General,0.0,Neutral,"africa, djamo, targets, francophone, raise, itweb",,,136.0,,2026-09-09,22,Wednesday,136.0,6,43.6,2026-09-09 22:30:30.312391+00:00
,Google News: Africa fintech,Why Africa Blockchain Festival fellowship matters - thecitizen.co.tz,Why Africa Blockchain Festival fellowship matters&nbsp;&nbsp;thecitizen.co.tz,,https://news.google.com/rss/articles/CBMirgFBVV95cUxOeUMzclBkbTFBVjlHQjJyMk9WRmRGR3dmb1U3ZWxCbG9RNkNPWWV1bzRjbTZqeTRmc1FtbjdKU3dnTGtOdDVXMC1QYi03ZnZ3OWZWS0tZYlgyaDRqekNzMGVSSTNHWUZlbU11YXJTNXhNY3ZNcW1CcXZJZmkteGZUWVZDVjZsRlVqTnJQbnlkOEJiQlBkOVM4UmsyWjd0eDU5WU1KMmlEeXhqUnZvRGc?oc=5,Unknown,2026-09-09 22:22:05.798572+00:00,2026-09-09T22:22:05.798572,General,0.0,Neutral,"africa, blockchain, festival, fellowship, matters, thecitizen",,,146.0,,2026-09-09,22,Wednesday,146.0,6,44.6,2026-09-09 22:30:30.312391+00:00
,Google News: Africa AI,US beats China in its AI race to Africa as Egypt inks a $1 billion data center deal with the world’s most valuable company - Business Insider Africa,US beats China in its AI race to Africa as Egypt inks a $1 billion data center deal with the world’s most valuable company&nbsp;&nbsp;Business Insider Africa,,https://news.google.com/rss/articles/CBMi1wFBVV95cUxOMnYtQWp4dW5vbnVzSnNfTkc0VkpSZDlUSkdQTVJBellQMHZ4dXUtQUVvamJKdnpaalNHTGRJcm1HVkpHcVJseXFSMGJ1dnlnQ1hsdXB1U0RJU1prUmdxXzlMR1NLVENFdTlUZVpVOTZ0RV9UVmxnclFldWdvOXZicHRmWnpfcTNEQ2FMRzJQS2tjUmU0SDNFbEtPVk12cE9jWmNnZFpWdnMtR2l6bE9DTUFsUGFJRnVKWVRJMTgtMjFwbjFEZ25nQ3pHbHhUc0NydURWeUo4MA?oc=5,Unknown,2026-09-09 22:22:06.716547+00:00,2026-09-09T22:22:06.716547,AI & Tech,0.2,Positive,"africa, beats, china, egypt, billion, center, valuable, company",,,306.0,,2026-09-09,22,Wednesday,306.0,8,74.6,2026-09-09 22:30:30.312391+00:00
,Google News: Africa AI,Africa’s AI Push Needs Authority Limits for Autonomous Agents - iAfrica.com,Africa’s AI Push Needs Authority Limits for Autonomous Agents&nbsp;&nbsp;iAfrica.com,,https://news.google.com/rss/articles/CBMiiAFBVV95cUxPem5oWXlwSVFKS2M0aVpCZmM0Zk1jaU1KZlBRWmJJSU1EV0h6Y2xROXFuQUtUNGplbzBXaVhXc3VNNU9vLUpTa2NFVXFsTV8wb09ZV0kzS0N1V0JpTk9seDl0V0ctTFkxMDhvQ25YZ3BBWkQ4WFZ5dktOOTM1SHdGZ2oxTl9zLVg3?oc=5,Unknown,2026-09-09 22:22:06.716934+00:00,2026-09-09T22:22:06.716934,AI & Tech,0.4,Positive,"africa, needs, authority, limits, autonomous, agents, iafrica",,,160.0,,2026-09-09,22,Wednesday,160.0,7,59.0,2026-09-09 22:30:30.312391+00:00
,Google News: Africa AI,Fragmented Global AI Governance? Chinese AI Leadership Dreams and Africa's Quest for Digital Autonomy - Global Policy Journal,Fragmented Global AI Governance? Chinese AI Leadership Dreams and Africa's Quest for Digital Autonomy&nbsp;&nbsp;Global Policy Journal,,https://news.google.com/rss/articles/CBMizAFBVV95cUxONEh0QU1rM0c0dTBBUUJLV3FrX2VjMmwzR3Z3ZXBITXgxdV9URjJoU3ZKVzgyOU5MVjhRTGdJZ095ZjBTNF83WHVkQldUOW1GaTJTZUs0YXJDWDRFWk1ObXRfaWNyeEt6Z3lsS3hjclpJNHcwNmY3NEcxZkl5cXIzajZkUWdsQ1hPSUlmSTljSk4zd1hCbGVyTk85Qm1KcUt1THpYb1FXNkpSVExicGJscEM3RUxnd2FHTlI2ckxaa2xDZ25TUlFFWnh3X0M?oc=5,Unknown,2026-09-09 22:22:06.717311+00:00,2026-09-09T22:22:06.717311,AI & Tech,0.0,Neutral,"global, fragmented, governance, chinese, leadership, dreams, africa, quest",,,260.0,,2026-09-09,22,Wednesday,260.0,8,66.0,2026-09-09 22:30:30.312391+00:00
,Google News: Africa AI,BCG: Kenyans ready for AI-powered public services - africabusinesscommunities.com,BCG: Kenyans ready for AI-powered public services&nbsp;&nbsp;africabusinesscommunities.com,,https://news.google.com/rss/articles/CBMisAFBVV95cUxOdTU4QlNCS3BfX0xmS0E4YXJfdXFJWlduQWZ6NFNhX0lwczZMYXNYLS1odUxWOVRDY09VOXRsTnhCMGM3Wl92R0lLcnUtODNibktDcTJza2JlRFBWN2UzRFhNVklXQVBsaWVTcjE2OXVwdktybWtSc2tsY0JBb1ctZHlRTFhrb1JhS2U0SVF0TjFrM3Izc2tWZFhtRjNlR3NXVHdkTWJjZncxVzdlUGNQSA?oc=5,Unknown,2026-09-09 22:22:06.717960+00:00,2026-09-09T22:22:06.717960,Business,0.1,Positive,"kenyans, ready, powered, public, services, africabusinesscommunities",,,172.0,,2026-09-09,22,Wednesday,172.0,6,49.2,2026-09-09 22:30:30.312391+00:00
,Google News: Africa AI,Moniepoint CEO leads push to build Africa’s next generation of AI companies - Business News Nigeria,Moniepoint CEO leads push to build Africa’s next generation of AI companies&nbsp;&nbsp;Business News Nigeria,,https://news.google.com/rss/articles/CBMi8wFBVV95cUxQR2JXWDNtN0l4RVRyQ2F3V3VLdFZLaUk0ZUVCNnhxNzM4TjBtcnRQSFlENi1HNi1PUXpoTGQwLVdrdHFaZ1ROTHJZUXJVV3dMNjBlWlpITEhaTGlub0lZbTh2NEtlMmd5ZUxwdncySlJiS2xOQS1wYzZORTMyMXp2NF84OXU0YUl6cExuWlpfb2FtU1NqTHJIZjcwRDRRZGtSczBDajlrNkhmejNMYnNzSkFINlBudzJXYTdWWk1YN0ZKOGdBODliLUlkaDR3V0VrMzB1SldKcGZINVZTSnk5Wk80bHpaTlpGcjY4WUZqdktpQnM?oc=5,Unknown,2026-09-09 22:22:06.718559+00:00,2026-09-09T22:22:06.718559,AI & Tech,0.0,Neutral,"moniepoint, leads, build, africa, generation, companies, business, nigeria",moniepoint,Africa Fintech,208.0,,2026-09-09,22,Wednesday,208.0,8,60.8,2026-09-09 22:30:30.312391+00:00
,Google News: Africa AI,Africa’s real AI revolution is happening far from the chatbot - TechCabal,Africa’s real AI revolution is happening far from the chatbot&nbsp;&nbsp;TechCabal,,https://news.google.com/rss/articles/CBMimAFBVV95cUxNcGZ2TnNWZzhjdV9taTY0MGEyVG1vQ0VMYllHSXphVDhZSmNjc2VhcTVtVVdlaDhJd1NjZkMtY1FraUV0SF9JZUJ2UGJCUXZReElrRjBfVmRlR3ZORzhsazNIbnc1cmEyMFc2bFdoaEZfeTJqSjlZQVlNbFhUaUMtSm5uMFVZaU1OU3R3VmFFVGNpMHVzNkwtYw?oc=5,Unknown,2026-09-09 22:22:06.719571+00:00,2026-09-09T22:22:06.719571,AI & Tech,0.15,Positive,"africa, revolution, happening, chatbot, techcabal",,,156.0,,2026-09-09,22,Wednesday,156.0,5,43.6,2026-09-09 22:30:30.312391+00:00
,Google News: Africa AI,Nuclear power can meet Africa’s and AI’s energy demands - Fresh Angle,Nuclear power can meet Africa’s and AI’s energy demands&nbsp;&nbsp;Fresh Angle,,https://news.google.com/rss/articles/CBMipAFBVV95cUxPaDRKWnltaW56RWhxbXY3LUNRVGhiQWpUNVkycUI2UlFIeW8tWnV1S1pSRFFlal9QZVlsU0tJd1h0VEdzYlByYmtUVWdxYnZhT1FwdjV0RzRDMzFPdml1QTBVVmd4Z2ZYZUtwcmFBM0JJdFk2Zy1CdGVzMG1BQ2Q1Y0s3Q2RiUll1RFUxVklhUHQxcVQ0UFlJNXlCQUtURGpLZGNOMg?oc=5,Unknown,2026-09-09 22:22:06.720204+00:00,2026-09-09T22:22:06.720204,General,0.3,Positive,"nuclear, power, africa, energy, demands, fresh, angle",,,148.0,,2026-09-09,22,Wednesday,148.0,7,55.8,2026-09-09 22:30:30.312391+00:00
,Google News: Africa AI,PM calls for shared prosperity with Africa in era of AI transformation - The Korea Times,PM calls for shared prosperity with Africa in era of AI transformation&nbsp;&nbsp;The Korea Times,,https://news.google.com/rss/articles/CBMixwFBVV95cUxPM3Q1TERWZWlWaHdQSHktVWFfeXRCU2dVZTFDaU9zYURJY2hfejRuVWJWcHVrZlZxSFBKWWVORVVQTjJQUjkwTGFxRHQ2NUJBRURDRnVOcUtRVkxjNEQ0aXlGSFpTTURVSkMxM0RIUlZtUTdwcDhzTUZUbHlOSXRaRUF0MkIzRVRwdHFWbzJ0c3haamZiVTktbVFNX2M3OEw0Y3owSjBwai1yQVE1T2otSThoc3FFTzBJS3M0NXB2X3pwdHU3OHFJ0gHMAUFVX3lxTE1UMFZZN2ZlWUZQYU0yMGd3bkJENTl0Q2xtSktRalJPM0F4UzlZVHJPS1cyc3F0WXBDRWhqYUF2WTdzZ2pkSkxOaTh5bHQzWEwyaTJMSjF1X19XZFNQYjNpSkxwV2l6bHdsTHFNNjE2UWdXV3lWZEtnX0txTU90YnBlWm5Jc2RHbFBJTmVNckszVXdrdnVUVVlNWUs5cUlaZXV0aFU0QjhmZm9na0RGMzR4RkN6S1cxODZFNnZxVFRpUEtOOThMdmE3cjhSbg?oc=5,Unknown,2026-09-09 22:22:06.722133+00:00,2026-09-09T22:22:06.722133,AI & Tech,0.0,Neutral,"calls, shared, prosperity, africa, transformation, korea, times",,,186.0,,2026-09-09,22,Wednesday,186.0,7,53.6,2026-09-09 22:30:30.312391+00:00
,Google News: Africa AI,Nexus AI is bringing AI-powered X-ray screening to places with few radiologists - Techpoint Africa,Nexus AI is bringing AI-powered X-ray screening to places with few radiologists&nbsp;&nbsp;Techpoint Africa,,https://news.google.com/rss/articles/CBMidEFVX3lxTE4wX0N0Y0JKT2ZqZmM5RXpfZWZjejZoNHdDVjlKY2JmTDYzOXNFMUVzb0FUYTdXV1FMWndIbWU0Q2hkS21tQ1A2ZWRoVmplOHc0NktDREFIMzZTVFlJMS1ycXJxMk40SUJUanhQczZEVmdQZXpT?oc=5,Unknown,2026-09-09 22:22:06.722766+00:00,2026-09-09T22:22:06.722766,AI & Tech,-0.2,Negative,"nexus, bringing, powered, screening, places, radiologists, techpoint, africa",,,206.0,,2026-09-09,22,Wednesday,206.0,8,64.6,2026-09-09 22:30:30.312391+00:00
,Google News: Africa AI,‘Automation Can Inherit a Gender’: Letsike Sets Out Three Frontiers of the AI Divide - iAfrica.com,‘Automation Can Inherit a Gender’: Letsike Sets Out Three Frontiers of the AI Divide&nbsp;&nbsp;iAfrica.com,,https://news.google.com/rss/articles/CBMipAFBVV95cUxQemJoY0FCc1dib1FZRy00Tk8ydE9od2VXT0FyM2Nvcnpob05yYjlvVWhzakJ3amNIWlg0N2NHQ1E5WjhSSEJ0OC1hdUxaTzZFQk9DNTlNblVDLWE2SWM4ZmZSanA1SlloRi0zNUYzcXBrTDZ0ZEVrMGJRbXVMcS1qUGF1RVEzb3FpYlJNT25RWW1PbWlQUzNvSW5meWFlWVJzQXZJUQ?oc=5,Unknown,2026-09-09 22:22:06.724934+00:00,2026-09-09T22:22:06.724934,AI & Tech,0.0,Neutral,"automation, inherit, gender, letsike, frontiers, divide, iafrica",,,206.0,,2026-09-09,22,Wednesday,206.0,7,55.6,2026-09-09 22:30:30.312391+00:00
,Google News: Africa AI,Stop renting intelligence. Start building it - ITWeb Africa,Stop renting intelligence. Start building it&nbsp;&nbsp;ITWeb Africa,,https://news.google.com/rss/articles/CBMikwFBVV95cUxPWWMtc3NZbnAwd2FXcWxaQkt2T3ViUFREMXNMV1ZWVE9QdWd2QWhobV9GRXluMzRIM0VqWEYtQkcxU0lZZ2xseXFYbG8xNUVRWi1RZHRsSmtsM0N0RlItdU5Tel9rVW1HSzVTX2I5RDlQX1I4U0tlZWJzZDB1TUdLeWp5b19pYmlPUlhSbGU2Qm02R1E?oc=5,Unknown,2026-09-09 22:22:06.727570+00:00,2026-09-09T22:22:06.727570,General,0.0,Neutral,"renting, intelligence, start, building, itweb, africa",,,128.0,,2026-09-09,22,Wednesday,128.0,6,42.8,2026-09-09 22:30:30.312391+00:00
,Google News: Africa AI,"Vodafone, Cassava launch AI factory in Egypt - africabusinesscommunities.com","Vodafone, Cassava launch AI factory in Egypt&nbsp;&nbsp;africabusinesscommunities.com",,https://news.google.com/rss/articles/CBMilAFBVV95cUxQQjA3akVSeG0xNjFUeWhMYTh3MFNWMXcwQ2R6N3FRWXZzdEx3MVVXc2N3OXp0VWJWNlh3RnhHRmp2eHcwZ0R4dGRnMnZlWEVJZTRkeHFhb1lkTC1jSllHdFVKOGhhdU0zYXNBX01kX0czLUFwcDVfU2J4STZxZGNPNTViUjlQTTlBcFNkUUNsT3h4Qzcy?oc=5,Unknown,2026-09-09 22:22:06.727802+00:00,2026-09-09T22:22:06.727802,AI & Tech,0.0,Neutral,"vodafone, cassava, launch, factory, egypt, africabusinesscommunities",,,162.0,,2026-09-09,22,Wednesday,162.0,6,46.2,2026-09-09 22:30:30.312391+00:00
,Google News: Africa AI,SA has Africa's deepest AI infrastructure but lags on governance - ITWeb,SA has Africa's deepest AI infrastructure but lags on governance&nbsp;&nbsp;ITWeb,,https://news.google.com/rss/articles/CBMisgFBVV95cUxQd3Y3YXZVOHh0dF8yVjFqMUE0WE9fM2VqcTJCckpiZ1YxMmM3TzhUNy1Ka0Q2YWRIX2U4a2RKNGVoYTBDNmxPVnRFb1k3ZzE4bk4tVXN5YnpqazdDTlloOWQzWmJiTmEzUWtqb0ROZzhITXJyeXJFMDByOUxWX1BLWktRN1dTbXo3dXpLblJPWkNsejE0R1ViUkRtZzV0d3g1QkFXeEdtRXd3MnpqNnhPeU5B?oc=5,Unknown,2026-09-09 22:22:06.728068+00:00,2026-09-09T22:22:06.728068,AI & Tech,0.0,Neutral,"africa, deepest, infrastructure, governance, itweb",,,154.0,,2026-09-09,22,Wednesday,154.0,5,40.4,2026-09-09 22:30:30.312391+00:00
,Google News: Africa AI,"AI helping reduce mining tyre downtime by up to 20%, Electra Mining Africa showcases - Mining Weekly","AI helping reduce mining tyre downtime by up to 20%, Electra Mining Africa showcases&nbsp;&nbsp;Mining Weekly",,https://news.google.com/rss/articles/CBMiygFBVV95cUxOQmNTSkZsQWhxN1NPaldEVmU0QzBLVk9ZcE5NOFUwbTdWQkdQOVRWaXVEa1phZkZRWjFHWm5fVWxad0VKY2IxSjBGei16QS1ONTkyT1hDS3h0ck9IeEJUTjRkVzlfU1RoQjVBWTBoSVZxNUI4bzlBcTZmZ01GN3VTVmEzOWthRk9BOE9Cc0VwbnBZY1NpWERjck95bnpidVN0TmhyX1F3TFJxNjZ3V2Z3Z2xTNFdLT2RWU1JtVFZldFBMbnEwakI5czVn?oc=5,Unknown,2026-09-09 22:22:06.728363+00:00,2026-09-09T22:22:06.728363,AI & Tech,0.0,Neutral,"mining, helping, reduce, downtime, electra, africa, showcases, weekly",,,210.0,,2026-09-09,22,Wednesday,210.0,8,61.0,2026-09-09 22:30:30.312391+00:00
,Google News: Africa AI,Vodafone and Cassava to build Egypt’s first AI factory - tech dot africa,Vodafone and Cassava to build Egypt’s first AI factory&nbsp;&nbsp;tech dot africa,,https://news.google.com/rss/articles/CBMiZEFVX3lxTFBtbUt0SUxKMTdzdVN0YXNXNUNGcTJjVkV0cjFLLVFFTWFUYm1CVl90cThwQjBqdkZuUVRwZGhkaWR4a01aUlEySk9yRm8ySTlaZ2FOX0daUFYyeDQ1dERxTDV3T3I?oc=5,Unknown,2026-09-09 22:22:06.729311+00:00,2026-09-09T22:22:06.729311,AI & Tech,0.25,Positive,"vodafone, cassava, build, egypt, factory, africa",,,154.0,,2026-09-09,22,Wednesday,154.0,6,50.4,2026-09-09 22:30:30.312391+00:00
,Google News: Africa AI,"Africa’s AI Challenge Is Not Technology, It Is Ecosystem Building - The Villager Newspaper","Africa’s AI Challenge Is Not Technology, It Is Ecosystem Building&nbsp;&nbsp;The Villager Newspaper",,https://news.google.com/rss/articles/CBMirAFBVV95cUxPS3d2V1c3RmpwVFBWS0VmY3VvRDc1TDR1aUd2a2JVMjZESTByOG9XV0djdTV4STloLTZQNzdOSFF6ZXc1bmN5M3hfczQ0d2haTkV4ZVEyMnZ3VE9BdXZWX2FxYzBuUlhrT2llRFVaUHdyVHRJdjRaZV91YzhCTnJrVlM0b044Zm50cWhBbVlEdXVxTnZDYjRlTUU0cHdER3I3cWdTWjdoR3ZkNHFQ?oc=5,Unknown,2026-09-09 22:22:06.730015+00:00,2026-09-09T22:22:06.730015,AI & Tech,0.0,Neutral,"africa, challenge, technology, ecosystem, building, villager, newspaper",,,190.0,,2026-09-09,22,Wednesday,190.0,7,54.0,2026-09-09 22:30:30.312391+00:00
,Google News: Africa AI,Africa’s AI strategy should focus on what matters most - Bizcommunity,Africa’s AI strategy should focus on what matters most&nbsp;&nbsp;Bizcommunity,,https://news.google.com/rss/articles/CBMinwFBVV95cUxQMmhobFNWMHhhdVh0V3RDdXpOWVVub01yVy1EbVZHS0Y3eVVYeDdLa21NdzN6VFNUX2pORkZHOXpFcU1mN3lyZWEyZmFERW8zZlcwTVcxY21NUWJHMkRMbjdLTkFzQnh0OXoxb0pZa1RyYlRzUE1ySmVlRHYyMEpZSmhPdFZLUmFTYXRRRFZPejZrOFZ4T1ZzazVFNHdYOWs?oc=5,Unknown,2026-09-09 22:22:06.732127+00:00,2026-09-09T22:22:06.732127,AI & Tech,0.5,Positive,"africa, strategy, focus, matters, bizcommunity",,,148.0,,2026-09-09,22,Wednesday,148.0,5,49.8,2026-09-09 22:30:30.312391+00:00
,Google News: Africa AI,ACT-Africa 2026 Summit Concludes in Addis Ababa with Push to Build Local AI Solutions - ethiopiatoday.net,ACT-Africa 2026 Summit Concludes in Addis Ababa with Push to Build Local AI Solutions&nbsp;&nbsp;ethiopiatoday.net,,https://news.google.com/rss/articles/CBMisgFBVV95cUxOTGpUMEJYM1NmeVJzV0o2a192c1lMNmVzR3hGcy1PTkVrcVNTUmxpNTZkNFJ2TGtYT2YyY0VvUkI3OVVKOGl4VmVneFpRUXUwRGJtTi1EQ3BaRGFHeEp6ZlVzclVWXzdyUm9OYmlWUGduSlJYTDhBQXlGdlE5eUtQUDhlYUlEcnJmWGRsbFZHdnVKOEVSN0F4X2VPalJSc1pNdVpZUWx1X0hzS243R0pCb0Nn?oc=5,Unknown,2026-09-09 22:22:06.735236+00:00,2026-09-09T22:22:06.735236,AI & Tech,0.0,Neutral,"africa, summit, concludes, addis, ababa, build, local, solutions",,,220.0,,2026-09-09,22,Wednesday,220.0,8,62.0,2026-09-09 22:30:30.312391+00:00
,Google News: Africa AI,A petaflop on a desk – rethinking AI infrastructure for South Africa - TechCentral,A petaflop on a desk – rethinking AI infrastructure for South Africa&nbsp;&nbsp;TechCentral,,https://news.google.com/rss/articles/CBMiiwFBVV95cUxNQVl5NlJMSEQzTndlclNGdlVjOUU4QS1wUTlCUVVWV2FIX1FjUTdodUdnaUpHZzdXYUdlOE14Q0p0cVluOVVRX240clVOS09IV2ZpU3h5dUVYTHNxeW43ZTRVNDczbTJkZmQ5bVNuODlCbXZvcm1yajNoN0g0czNRNFJHcVQ0X2ljNW5V?oc=5,Unknown,2026-09-09 22:22:06.735529+00:00,2026-09-09T22:22:06.735529,AI & Tech,0.0,Neutral,"petaflop, rethinking, infrastructure, south, africa, techcentral",,,174.0,,2026-09-09,22,Wednesday,174.0,6,47.400000000000006,2026-09-09 22:30:30.312391+00:00
,Google News: Africa AI,African Broadcasters Urged To Strengthen Cybersecurity As AI And Digital Distribution Increase Risk - news.broadcastmediaafrica.com,African Broadcasters Urged To Strengthen Cybersecurity As AI And Digital Distribution Increase Risk&nbsp;&nbsp;news.broadcastmediaafrica.com,,https://news.google.com/rss/articles/CBMi4wFBVV95cUxPUWRoWjh1dHkweEhCUHNMLTE5b09wSFAtRGFpMl92QnNfbzZGWmQ0aGl5VmZiVDFuc0RFS3EwY3l1WXE4UVZyeVdTMkg1MHNSZGRyTGsyOXBMa2p5MFYyTnc1eWprM3BRVHFTTkZHblVrWW9BaFJBRFFyVldnUU5FdGJ3Vm5kMENfa0pSX2JFZ1UxUkMwbmU3YzFYQUN1OHhQbUVYanI2cHZ2c3RwanVsVlZzMlM1Y1o1S3FDaUIweDBlbk1WSUsyeDBXekhiNUhYNmU0R1JWM3RDUS1nM0RzSHhoMA?oc=5,Unknown,2026-09-09 22:22:06.736171+00:00,2026-09-09T22:22:06.736171,AI & Tech,0.0,Neutral,"african, broadcasters, urged, strengthen, cybersecurity, digital, distribution, increase",,,272.0,,2026-09-09,22,Wednesday,272.0,8,67.2,2026-09-09 22:30:30.312391+00:00
,Google News: Africa AI,Who is acting when an AI agent acts? The identity challenge for enterprises - TechTrendsKE,Who is acting when an AI agent acts? The identity challenge for enterprises&nbsp;&nbsp;TechTrendsKE,,https://news.google.com/rss/articles/CBMiggFBVV95cUxNRXU4YXRMZzJRQlh5TXBROWR6dTQwZXhHU2JtaS12YXZfdHJVYjktV2RDS3JNR2c4c0Q5S1NTX2o1Y25fLTRCbC1HUUlJYU1YaWE0VUd5Q2pjWHlXcjVhSkpBM3pDcVlsaW9HcjcwWWIwdy1tQ1ZkZmlFUEVZXzBjMDJR?oc=5,Unknown,2026-09-09 22:22:06.739976+00:00,2026-09-09T22:22:06.739976,AI & Tech,0.0,Neutral,"acting, agent, identity, challenge, enterprises, techtrendske",,,190.0,,2026-09-09,22,Wednesday,190.0,6,49.0,2026-09-09 22:30:30.312391+00:00
,Google News: Africa health,Eye on Africa - Aid cuts force clinic closures across Sudan - France 24,Eye on Africa - Aid cuts force clinic closures across Sudan&nbsp;&nbsp;France 24,,https://news.google.com/rss/articles/CBMie0FVX3lxTE52UGgtSVd3aTFid0FRTTd6bWVmYWdvOXFjTHZ4aGdmaEstUUxqaHl1RWpyMjYzbHFoRTU4THI5YWdTandvYUM3RlN1eXlsVUhGcjduRVJlcHFrX0dLM045TGYxZ1NpbW5RRTZwQ0dIY0ZyS1FxWTJ0YkxOVQ?oc=5,Unknown,2026-09-09 22:22:07.596433+00:00,2026-09-09T22:22:07.596433,Health,0.0,Neutral,"africa, force, clinic, closures, across, sudan, france",,,152.0,,2026-09-09,22,Wednesday,152.0,7,50.2,2026-09-09 22:30:30.312391+00:00
,Google News: Africa health,Global partnerships strengthen health technology assessment capacity in Asia and Africa - Bioengineer.org,Global partnerships strengthen health technology assessment capacity in Asia and Africa&nbsp;&nbsp;Bioengineer.org,,https://news.google.com/rss/articles/CBMisgFBVV95cUxPckUxMlNUZlVaaVdlYWhEZnItNEZBRlA1VEVVVHItcDVuU2lzcjVqVU5VNEdPYzh0QzdMd1dMY3R0dTJTakFmOGV5Wk5Xd1hFaUZSYUphc2ZHZzBCbzNxM2ptWkFEWWJRMmt4NGF0Q25CbHdmTnJPbm05NW1QRkxvRmdQVi1lckJCTUJjdDZsVjdyNU8wbGpYVmRmc2l0cTduZmJTVHlYNWtDRW1GdWpnWlF3?oc=5,Unknown,2026-09-09 22:22:07.596716+00:00,2026-09-09T22:22:07.596716,Health,0.0,Neutral,"global, partnerships, strengthen, health, technology, assessment, capacity, africa",,,220.0,,2026-09-09,22,Wednesday,220.0,8,62.0,2026-09-09 22:30:30.312391+00:00
,Google News: Africa health,AI-assisted diagnostics move from pilots to accountable clinical practice in South Africa - EIN Presswire,AI-assisted diagnostics move from pilots to accountable clinical practice in South Africa&nbsp;&nbsp;EIN Presswire,,https://news.google.com/rss/articles/CBMi0gFBVV95cUxPVEtrRjBqNVZjbUlURHpUNTU0akRZa1RpeWpoRWhiZkpWR05VN1p2UDJDOGtycUE3dnZrMV9rSVgwTnc5Rk9IdzhXdTFXSGdsdE5qZUNDYy1KMjRJRXVlOWRxVlVnbE12QnpMb0h4TDBYdFhRVTV6MEZFSUtkYmtELTl4cHhlMERtOHc1WmdIb3BwaEdJSm5jSTY0Q0UyMkx6R1pWMjBnNVNRalFlblNvYWhaZlpuU3NLcG1kZERIWndpOUJCLXhTQzNVRUJDTXVRY2c?oc=5,Unknown,2026-09-09 22:22:07.597021+00:00,2026-09-09T22:22:07.597021,Health,0.0,Neutral,"assisted, diagnostics, pilots, accountable, clinical, practice, south, africa",,,220.0,,2026-09-09,22,Wednesday,220.0,8,62.0,2026-09-09 22:30:30.312391+00:00
,Google News: Africa health,Midwives: The Workforce That Will Determine Maternal and Newborn Survival and Africa’s Future - Global Issues.Org,Midwives: The Workforce That Will Determine Maternal and Newborn Survival and Africa’s Future&nbsp;&nbsp;Global Issues.Org,,https://news.google.com/rss/articles/CBMiX0FVX3lxTE1Gd3dEX3B2cDJtcGsxX3F6bnhnYUIxSC1MQl82N0RTRHJURmtodnpxNGRJQmZhQnRscGx1dWNodU5vVUxQMkRRUmdmTi05N2JvUXkzdUVsX2kyY2diajNn0gFkQVVfeXFMUFpHVVZaQUxHbV9IUWoyZ19hNVhGWnZQVzd1NVhpWEY1RUJ0TjFPaVhGYWYtTmpYT1YtRTNkZXltUVlYRVVYX3ZHcjR1UzN2VUk3bS1kTXFuNnZYMXI5RkFJX1IzUg?oc=5,Unknown,2026-09-09 22:22:07.597384+00:00,2026-09-09T22:22:07.597384,Health,0.0,Neutral,"midwives, workforce, determine, maternal, newborn, survival, africa, future",,,236.0,,2026-09-09,22,Wednesday,236.0,8,63.6,2026-09-09 22:30:30.312391+00:00
,Google News: Africa health,Exposure to second-hand smoke doubles in sub-Saharan Africa - The Independent,Exposure to second-hand smoke doubles in sub-Saharan Africa&nbsp;&nbsp;The Independent,,https://news.google.com/rss/articles/CBMinAFBVV95cUxOdGlzVi1lSk1OVldYY0VUSS1ESTUzR05ORWZ5X2d0NnVJWVhES05NamdOcjR2MDZieG1wbXpCMHBZYmY1Qm5fa1VqYVhkVkYxeVBCdXFra1BWa3NxZ21WWWFjbTJTTjdUMlBpQTE2MmdRcnZTeEs4QV8zRXVEUmYyZVJGaHRkeHVmNFR5dmsyamNVMFIxbnFvQ01mcHg?oc=5,Unknown,2026-09-09 22:22:07.598697+00:00,2026-09-09T22:22:07.598697,General,0.0,Neutral,"exposure, second, smoke, doubles, saharan, africa, independent",,,164.0,,2026-09-09,22,Wednesday,164.0,7,51.400000000000006,2026-09-09 22:30:30.312391+00:00
,Google News: Africa health,Africa warned over dangerous dependence on imported medicines - thecitizen.co.tz,Africa warned over dangerous dependence on imported medicines&nbsp;&nbsp;thecitizen.co.tz,,https://news.google.com/rss/articles/CBMivgFBVV95cUxOSUVLSGQzeDZwaUg2M1FzSjA3ZlFoclNSdjVsYW1Od0tiZExLOXZtQ2FqWU9LTE0tV2dicEthWVVvcnI4UW1RMEFMbEFzQjl2V2hmSGVkZjc1YWdGVTR2QWVVbEFNemFJaFkxXzkxX0REZWtpNlNRUWM3M1laWGxHNU8tZUZiM01OSWJyWVd0ZkI5SzBiNXJMb3JNWmVWVzdXMTN6Y1NKdElHNDFibE5QaXdldDBjWFZaa1RGMlJn?oc=5,Unknown,2026-09-09 22:22:07.599435+00:00,2026-09-09T22:22:07.599435,General,-0.6,Negative,"africa, warned, dangerous, dependence, imported, medicines, thecitizen",,,170.0,,2026-09-09,22,Wednesday,170.0,7,64.0,2026-09-09 22:30:30.312391+00:00
,Google News: Africa health,Gauteng nurses’ union issues ultimatum to South Africa’s health department - ua.news,Gauteng nurses’ union issues ultimatum to South Africa’s health department&nbsp;&nbsp;ua.news,,https://news.google.com/rss/articles/CBMirgFBVV95cUxOQ2FKWDJFRFBVOXJDcERwNDhVREFyanAxczJ4NDdURHZIUE9Pa0xRMmItazhHNHZubl9KRWVMNk9EMF80Zm8xdmJxNGxtVFFJWGhsTUp3dUVDY0tVWUpXcnRJTUEyYlBHZzBzS2VnMmVIUTBkZnpELWp3Tk5oMUw1bkhRU3pCS0plZ21rR0pOeDU0NW5FdkI3YkxxV0lLY1VJNnhQbkk3aXZSTHkydUE?oc=5,Unknown,2026-09-09 22:22:07.600261+00:00,2026-09-09T22:22:07.600261,Health,0.0,Neutral,"gauteng, nurses, union, issues, ultimatum, south, africa, health",,,178.0,,2026-09-09,22,Wednesday,178.0,8,57.8,2026-09-09 22:30:30.312391+00:00
,Google News: Africa health,Healthcare Procurement: Africa & GCC Strategic Shift - World Health Expo (WHX),Healthcare Procurement: Africa & GCC Strategic Shift&nbsp;&nbsp;World Health Expo (WHX),,https://news.google.com/rss/articles/CBMivgFBVV95cUxQOENSUDJjWlY3VEluUUh2aloyY2hWc3lCVW9BRVppVllNSUJjVkUxR0RhOUVUN0RGN2lvaWk5SkVsekowZUtWUjktUTRqcGszMFNJUHZMRmZwcU1Zdm5oVmJ3SURVRmhtdW5ILVdFZ3F0d1RSNVZWVFBxS2tZSkZqdDhnQU5YMUxTY0lDQXhDYmxaV2h6ZmJfNTlOWGljVTR2M0hVMk83WkY3R3ZhY3JFU2tuZVhBN3BNWk44YV9n?oc=5,Unknown,2026-09-09 22:22:07.602259+00:00,2026-09-09T22:22:07.602259,Health,0.0,Neutral,"healthcare, procurement, africa, strategic, shift, health",,,166.0,,2026-09-09,22,Wednesday,166.0,6,46.6,2026-09-09 22:30:30.312391+00:00
,Google News: Africa health,6 healthcare facilities earn Cohsasa accreditation across Africa - Bizcommunity,6 healthcare facilities earn Cohsasa accreditation across Africa&nbsp;&nbsp;Bizcommunity,,https://news.google.com/rss/articles/CBMirgFBVV95cUxQcG1vQ200Z3VfbjRDeDJrQ0drMlZaelJoRHg5Y2RGN05YaTh2VEkwbzFIbjZCMmxBNGlCZmVBRl9WQ05zbWFjRE9zcE9wdVNmaWREY2hEZDI1bVcyanY0OEMybkRGWUxESi1DVFNnZmczRzJjeGNiMFNUM3hTcHhQdVpIZGZHeTNpZ1N5OXU5b3o5bUdQOHlDd0h3aDRCbkxaM1ZJUHBuUXNKdUZMb1E?oc=5,Unknown,2026-09-09 22:22:07.602877+00:00,2026-09-09T22:22:07.602877,Health,0.0,Neutral,"healthcare, facilities, cohsasa, accreditation, across, africa, bizcommunity",,,168.0,,2026-09-09,22,Wednesday,168.0,7,51.8,2026-09-09 22:30:30.312391+00:00
,Google News: Africa health,September is suicide prevention month in South Africa. The statistics are scary - explain.co.za,September is suicide prevention month in South Africa. The statistics are scary&nbsp;&nbsp;explain.co.za,,https://news.google.com/rss/articles/CBMisgFBVV95cUxQNVBQNnlSVkRBdWNzT3R0SlFsUktoc0ZMd1JKODRLbjdsb0YxdE5rb1phSHlQZmViWUtMdHJKbXBJT2NGcWY4YVpnQlBvTFdkSDUxaWV4MFpBUzhEQ1E5RVpmOHh0akNZZjJtRGlHRlpabGxDR3hBSVl6MnlNWHN3b3NvbGxqbjBfakdrcVREMVM0THNqelZsRDQwTDY3VFVucXpmdG4zM18tX1JuSDc2MWdR?oc=5,Unknown,2026-09-09 22:22:07.603168+00:00,2026-09-09T22:22:07.603168,General,-0.5,Negative,"september, suicide, prevention, month, south, africa, statistics, scary",,,200.0,,2026-09-09,22,Wednesday,200.0,8,70.0,2026-09-09 22:30:30.312391+00:00
,Google News: Africa health,Preparing Kenya’s Health System for Potential El Niño-Related Flooding - WHO | Regional Office for Africa,Preparing Kenya’s Health System for Potential El Niño-Related Flooding&nbsp;&nbsp;WHO | Regional Office for Africa,,https://news.google.com/rss/articles/CBMisAFBVV95cUxNV0tBNURJMmQ0YVpHT3FJWEoybjR3UXl6dnphT1Z3aWYzckFyY3JsaE9raVNSaGEtZUduNVBpNm1JN0JlRTctYUVpRGZlQWZpcG1uczFKcDBRb0NkZWlFTFdESEwzNVVvNktPV3NNeUVNNHZDaG9QQzRMZFVRQm1TRWpIampCRUtaSnBmZTdUMkZVam1KV1dGcFE1ZjlrQ3owR3F0NkZtTGRBTEM5RjFJYg?oc=5,Unknown,2026-09-09 22:22:07.604389+00:00,2026-09-09T22:22:07.604389,Health,0.0,Neutral,"preparing, kenya, health, system, potential, related, flooding, regional",,,220.0,,2026-09-09,22,Wednesday,220.0,8,62.0,2026-09-09 22:30:30.312391+00:00
,Google News: Africa health,"Researchers Harnessing AI to Solve Health, Farming Challenges - Science Africa","Researchers Harnessing AI to Solve Health, Farming Challenges&nbsp;&nbsp;Science Africa",,https://news.google.com/rss/articles/CBMimgFBVV95cUxPT0J4OWg1dmNGUlEwTFVxQ3A2Tm9vYzhmOWg1YVZaWFZ6dy00YlN1Ni05RGRZZ1pXalh5cFhyaC1abnQxYzFoQXpVbnEzRmsydFRBbDdxZDNjbmVaazUwRWNCZkd2ajJTWjBIa2Y0ejJSU3RJekphQTZ1ZDFxdUVZT1RsaWFxUzBkU2VVOGpFbDUzSVpLYThISHVB?oc=5,Unknown,2026-09-09 22:22:07.605702+00:00,2026-09-09T22:22:07.605702,AI & Tech,0.0,Neutral,"researchers, harnessing, solve, health, farming, challenges, science, africa",,,166.0,,2026-09-09,22,Wednesday,166.0,8,56.6,2026-09-09 22:30:30.312391+00:00
,Google News: Africa health,"Greater Horn of Africa Food Insecurity and Health Crisis, Situation Report No. 1 (April–June 2026) - who.int","Greater Horn of Africa Food Insecurity and Health Crisis, Situation Report No. 1 (April–June 2026)&nbsp;&nbsp;who.int",,https://news.google.com/rss/articles/CBMizwFBVV95cUxQOHVYVFJuTDBBeEF4UzZNZm9XaU1aWEFFcFBNZncwQkh0dEcxNUNPcTdKWkNTc3JhZFZjVlBMel84QmN1YTFlb3NCb1hINkNBOXpjV2J0ejM2N2JVSHlDY3JJSVVfNnkzcGp4NnB6VjRKZDFoc0xjNFhROVlJc2gzMGRGWUxTSnI5U0llU19rVzBONlBONlJHUnRhMUhJbE9mUE1HVkhqbmdpOGJKY3BETkJ6TW9uWENxdWRCcXlvdC1JV3ZjRlJ2V04wSXA3LVU?oc=5,Unknown,2026-09-09 22:22:07.606687+00:00,2026-09-09T22:22:07.606687,Health,0.5,Positive,"greater, africa, insecurity, health, crisis, situation, report, april",,,226.0,,2026-09-09,22,Wednesday,226.0,8,72.6,2026-09-09 22:30:30.312391+00:00
,Google News: Africa health,New report exposes the real barrier to cheaper medicines in Africa - Business News Nigeria,New report exposes the real barrier to cheaper medicines in Africa&nbsp;&nbsp;Business News Nigeria,,https://news.google.com/rss/articles/CBMiqAFBVV95cUxNczJzMjN2SjRWSV9OT0hRalcyM21mUWx1al9NUEZxRlRUOXBSdldJSDZxNHk2dnNJQkpNeUJlWU1CREhMSEd4ZzlUNF95VVZtRFB5UUU3dTEydTFWVUw5ZERqZW5wTjlsTHVyVUUtQkpuVFZJazJXRzNqTkJaMmNVVXpEeVk1QnJlLU1adnAwNkdEMHA0UFVSSDRhSGpWSVZHV1kybTMwT2M?oc=5,Unknown,2026-09-09 22:22:07.608584+00:00,2026-09-09T22:22:07.608584,Business,0.1682,Positive,"report, exposes, barrier, cheaper, medicines, africa, business, nigeria",,,190.0,,2026-09-09,22,Wednesday,190.0,8,62.364,2026-09-09 22:30:30.312391+00:00
,Google News: Africa health,Africa risks consuming medicines not adequately tested on its people — Neuroscientist - Daily Post Nigeria,Africa risks consuming medicines not adequately tested on its people — Neuroscientist&nbsp;&nbsp;Daily Post Nigeria,,https://news.google.com/rss/articles/CBMitwFBVV95cUxQYnl2VjRqeDlWSWZqbHVDeE5LMjZkRXFtaUlNZ3FxXzRuVGNXajNGbnBhM1owa25WV0RkRDFOMklLNlIyQldobURWYTlLT1JEUUp3ekZTYWszZzI2UVVDd3FnZFNGLVN4dlduZ1JSUmFvU21VWjVqWThDN0ppNUV3dXZLNGRsN1dCbHdsR0lGVklPeERLRHR4Q0NvR1d4eXpGdEV3akg5U2N6UTBxdGx4Q1BzUlp2dWc?oc=5,Unknown,2026-09-09 22:22:07.610535+00:00,2026-09-09T22:22:07.610535,General,-0.1111,Negative,"africa, risks, consuming, medicines, adequately, tested, people, neuroscientist",,,222.0,,2026-09-09,22,Wednesday,222.0,8,64.422,2026-09-09 22:30:30.312391+00:00
,Google News: Africa health,"Africa CDC and WHO call for urgent, community-led action to contain Ebola in the DRC - who.int","Africa CDC and WHO call for urgent, community-led action to contain Ebola in the DRC&nbsp;&nbsp;who.int",,https://news.google.com/rss/articles/CBMiwwFBVV95cUxNdC1sUmhYQjlmSTI3dXB6c2twOHFXSlRZNlQ0SGdNTmg5bVFIbVY4NGlDTkRXcG9Uc0g3akhMbTl2T01VREhJMUV3TTMzbDZySjM4MkpLdURUMWZOV1VMRXY3RS15VjI0WGc5UDJ4NlprOTA4bVVtM2dYQVU1WTJLaktRNnVzWVBUTVZERl9SaXF4dzRQTXBfSGVXS1B5dkRGbW5yYzZia2VOV3phOTM5cEM2SGFtZUg1NEtDd3BoLUlEQkE?oc=5,Unknown,2026-09-09 22:22:07.612400+00:00,2026-09-09T22:22:07.612400,General,0.1,Positive,"africa, urgent, community, action, contain, ebola",,,198.0,,2026-09-09,22,Wednesday,198.0,6,51.8,2026-09-09 22:30:30.312391+00:00
,Google News: Africa health,"Fund family planning to fight insecurity in West Africa, gynaecologists tell govts - Punch Newspapers","Fund family planning to fight insecurity in West Africa, gynaecologists tell govts&nbsp;&nbsp;Punch Newspapers",,https://news.google.com/rss/articles/CBMipAFBVV95cUxQWjZDaFhjN0lId2lFY1hCQmxtc3ZfQWxwN0o4UUVOYWN0X0NnX1B6cTdkR1hleXNuTW9oTy01aG9hdFVBejhxSTZHdUlGNzlxUEU4dHRSRHQ4RktxU1ZQQncxbDc5NWFvY1gwWWR3TXl2c25VellfbHduUW9LMVNSRUVsaFg5eHBNOXBqMnExajVYV3pOU1Zkd3RVQlBwUU54ZUNWLQ?oc=5,Unknown,2026-09-09 22:22:07.614254+00:00,2026-09-09T22:22:07.614254,Security & Conflict,0.0,Neutral,"family, planning, fight, insecurity, africa, gynaecologists, govts, punch",,,212.0,,2026-09-09,22,Wednesday,212.0,8,61.2,2026-09-09 22:30:30.312391+00:00
,Google News: Africa health,"GTA, Africa’s Brain Bank break ground for Global Medical City at Ada - Ghana News Agency","GTA, Africa’s Brain Bank break ground for Global Medical City at Ada&nbsp;&nbsp;Ghana News Agency",,https://news.google.com/rss/articles/CBMimgFBVV95cUxPdWNER0lHV2NPWEVOWUNrT2p3TjRqOU9KUUlnU2o3OWduWWlZZXdXejVZdFpHcVVqeHNFN0JKRExTak51cFVHOXRISXAyaUNmMEVwbUtRZUtmQm1WYS00NzZWVHgzVVkzX0tPb1dxbERBR0YzaUl1NjRrRW9penB3czF0b0JIYXZPZ3RNcE9EMUpTc3V2TU1OMk1n?oc=5,Unknown,2026-09-09 22:22:07.615464+00:00,2026-09-09T22:22:07.615464,General,0.0,Neutral,"africa, brain, break, ground, global, medical, ghana, agency",,,186.0,,2026-09-09,22,Wednesday,186.0,8,58.6,2026-09-09 22:30:30.312391+00:00
,Google News: Africa health,WHO and African Medicines Agency launch landmark framework to strengthen access to quality-assured health products in Africa - who.int,WHO and African Medicines Agency launch landmark framework to strengthen access to quality-assured health products in Africa&nbsp;&nbsp;who.int,,https://news.google.com/rss/articles/CBMi-AFBVV95cUxOT2JrVzVnTThhOWZmT1BHMnA0c2FfVnZfRDZSbzE5dEtHZWtlZXMycURrUnNGVHFLN3ZBSC14bkRraDAteDd3d1FKajNWdWtvUm1tMDA2a2tEa09nTmJzNnozSE9aN3FpZ043REh3RTlWRHlWTE5wZDJfWTFqajFEaE14bFRDaGpCNDhKbk8yRDhiN3BzTGRyS0s3SktGaW5ocFVQbUR1cFpqS0xyXzhhSGFXLVNQZldZaTBXSW1Ya0l0eTJwOWVWd1E4dU5RZFRoN1lUejFmMUEyZkc5ZWpLNHBhRC1qbU94blRZZ2hLMHFxWUowb0JqOQ?oc=5,Unknown,2026-09-09 22:22:07.617754+00:00,2026-09-09T22:22:07.617754,Health,0.0,Neutral,"african, medicines, agency, launch, landmark, framework, strengthen, access",,,278.0,,2026-09-09,22,Wednesday,278.0,8,67.8,2026-09-09 22:30:30.312391+00:00
,Google News: Africa health,WHO applauds South Africa’s leadership in advancing HIV prevention through lenacapavir rollout - who.int,WHO applauds South Africa’s leadership in advancing HIV prevention through lenacapavir rollout&nbsp;&nbsp;who.int,,https://news.google.com/rss/articles/CBMi0AFBVV95cUxOVXpCWlBOdFY5S1B4LUtYTzZOS1NsOUZSWGlsdU1pTDFCSkR5ZXdNZmVYam00MDkwRmhUdjh2S05rajhoNVNlakhDTTRHTTB2eXoteXZnQlJZdHluTXZUcUV6UGxVclhjSXVsamV2VDJ3eGtFbHdBVm9XZzlwTDhCOWZ3N3Nqend1NlZYNHpFdU03VkM2bHdxSkJuY1dqYWZNeGI0ZGt6YnUtQjRWaHVBVkIzLVF0aVVXOHl5MUhqWkpQZGV2YlRWdi0tRmJXZTlT?oc=5,Unknown,2026-09-09 22:22:07.619738+00:00,2026-09-09T22:22:07.619738,Health,0.0,Neutral,"applauds, south, africa, leadership, advancing, prevention, through, lenacapavir",,,218.0,,2026-09-09,22,Wednesday,218.0,8,61.8,2026-09-09 22:30:30.312391+00:00
,Google News: Africa health,Why Africa – and the world – remain dangerously unprepared for the next pandemic - theconversation.com,Why Africa – and the world – remain dangerously unprepared for the next pandemic&nbsp;&nbsp;theconversation.com,,https://news.google.com/rss/articles/CBMisAFBVV95cUxPaEI0Vk1CSnNLbWkyNXRSc1VWLWQ1Zkk3OE5yVGc0SFdTVWxYOFY3X0ZCY3NSMVBUNi1XOW5iWHpLZlZRSDRRNEhUdFVDVEFNaGFfcDl6b2N6bFNvdEZ1QVB1RmFnY3R0MU9MT1BVVWU4Q1FNTVBZdlhwMjJFSXFNZnNPaEpScEl0WUJsaTNEOW44MTVRS0FlZXdNYnl0d0tYanM4OXI0QVVzaXRWM0ljZQ?oc=5,Unknown,2026-09-09 22:22:07.623441+00:00,2026-09-09T22:22:07.623441,General,-0.3,Negative,"africa, remain, dangerously, unprepared, pandemic, theconversation",,,214.0,,2026-09-09,22,Wednesday,214.0,6,57.400000000000006,2026-09-09 22:30:30.312391+00:00
,Google News: Africa health,Epidemic of Ebola Disease caused by Bundibugyo virus in the Democratic Republic of the Congo and Uganda determined a public health emergency of international concern - who.int,Epidemic of Ebola Disease caused by Bundibugyo virus in the Democratic Republic of the Congo and Uganda determined a public health emergency of international concern&nbsp;&nbsp;who.int,,https://news.google.com/rss/articles/CBMiiwJBVV95cUxOLWc5YmNSd040d0pkM2czRzRXWmNBdk9NemR2MjE0RFF3eUg4TmpqQWNpYUpvbjdfbXRQVi1LUC1nbWdBQXRJaE9obE9oSGZ4M0lFY0VpOFVwb3ZLWjVnY3BjZkc1eERKOC1IbGt4cXZBX1lXVGxHZ3Q5c0RESnFTelNETGE4VW0tdnNNTjBRMEgzaFAzNVFPZ29INDN1MzN4MmM3SkhWSHJQUENwN21GbDhNLUdUOUhsbEpDS3VJMDhxWHBDZmt1THQwSzg0ZzZIdC0xRnFZT1VRRFNDaFZ1ZjhhR25wTW9jem5nWGJoX0Zzd29Yb3hGUTVaV1lyRVFPc2gwNUxzUVFrME0?oc=5,Unknown,2026-09-09 22:22:07.626052+00:00,2026-09-09T22:22:07.626052,Health,0.0,Neutral,"epidemic, ebola, disease, caused, bundibugyo, virus, democratic, republic",,,360.0,,2026-09-09,22,Wednesday,360.0,8,76.0,2026-09-09 22:30:30.312391+00:00
,Google News: Africa education,Caught Between Conflict and Funding Cuts: Education Under Threat in West and Central Africa - ReliefWeb,Caught Between Conflict and Funding Cuts: Education Under Threat in West and Central Africa&nbsp;&nbsp;ReliefWeb,,https://news.google.com/rss/articles/CBMivwFBVV95cUxNeUlOLWwxSTVmTlFSZ3NXWDdYUmxxLVpOT3NLcDZOdGpGcUhzOTVULVVGLVlScnBWYTV3VEZ1Rm0zakhIS2FfQUZlZmFkMy1ZR3lBbnl2eUZEbktDUDVKdVAxdy1xZUVRUUxiTERNb2xQY1F4SDBCYXFxZ3pzU2VFTVh6WVVYWjNXTEdhX2k2NHBnd2tIdXlzelZTU1BodGdXcGl6UGJ0anN2RGxjblUxUDN0VlRaODE2WWpVSm5ETQ?oc=5,Unknown,2026-09-09 22:22:08.451965+00:00,2026-09-09T22:22:08.451965,Business,0.0,Neutral,"caught, conflict, funding, education, threat, central, africa, reliefweb",,,216.0,,2026-09-09,22,Wednesday,216.0,8,61.6,2026-09-09 22:30:30.312391+00:00
,Google News: Africa education,Mint Signed MOU with Edvance Innovation Limited to Expand - GlobeNewswire,Mint Signed MOU with Edvance Innovation Limited to Expand&nbsp;&nbsp;GlobeNewswire,,https://news.google.com/rss/articles/CBMiygJBVV95cUxNaWlKckM1RDBLREl2V2Q3UnIwMW82TDh1YVNYNDM0Q1hGTFlUTEJ3dnFhQW1iWGVKZURuN3FDVUUxWFplckVLbVduV0JxM0taRGpFTHpGUERiT1FtTUtsNVNxMWpyM0xoQXgzVWtRUzRRRGhOR3U2Ml9QNmZ0ZGtSajNUWWFzZFhhMHFLUFdNeWdaUU94ZHhtVXlNcVhleGdyX3gyUWRMczNPaXhIS3NFUXY3WU8wSkwxNUpQWkY2dExjV0VJS01yd0VDd2JiU2x2SHg3Ym5XWTZHaElUQ2Y1NHhwSzRNblZKbE1jLXZRRHNpWFFJYm16SnNsd2VNOVhPOFFjaTJZdXJSZ2ZjUVNicVVLcjVnZ0Q4UmVablEtZWg1a0l6a2lkQnF3N3FBLWFoaDNsUUlHNnViTVZoODVpb0dMd253VXRlTXc?oc=5,Unknown,2026-09-09 22:22:08.452655+00:00,2026-09-09T22:22:08.452655,General,-0.0714,Negative,"signed, edvance, innovation, limited, expand, globenewswire",,,156.0,,2026-09-09,22,Wednesday,156.0,6,47.028,2026-09-09 22:30:30.312391+00:00
,Google News: Africa education,A child’s first 5 years set them up for life. African study explores how to target education spending - theconversation.com,A child’s first 5 years set them up for life. African study explores how to target education spending&nbsp;&nbsp;theconversation.com,,https://news.google.com/rss/articles/CBMizwFBVV95cUxQZjEzeTRxQ0pldFV6YnNSb3RySWRJZkFNaWFSZnMta3Vzd2pRY1Fyd3l3eFh6dEY5ajlpT2h5S2dBQ3F2RVRLeVZfM3BBYklPZlRGR2Q2NmhqTTQ3SjhJN2RlcmVSOWtvX0dfemF4X2xROUh1bnl5NEoyTTNMSGdRVUlXUVJDM2ZMQjFfcklWRWVRNWp0cWExeFlBaXczTFZoZ3ZscDVRbGhMSWNLZFlDUVVpSDJSMVEzMkhocEwtVE1FSHBMUkZMQkJkNlUyVWs?oc=5,Unknown,2026-09-09 22:22:08.453114+00:00,2026-09-09T22:22:08.453114,Education,0.125,Positive,"child, african, study, explores, target, education, spending, theconversation",,,256.0,,2026-09-09,22,Wednesday,256.0,8,68.1,2026-09-09 22:30:30.312391+00:00
,Google News: Africa education,"SA’s Injini launches AI for Education venture builder, incubation programme - - Disrupt Africa","SA’s Injini launches AI for Education venture builder, incubation programme&nbsp;&nbsp;- Disrupt Africa",,https://news.google.com/rss/articles/CBMisAFBVV95cUxOcFFsYjdvd1oxQ1IxNDMxd19IeVZMVi13YTFUQjZ2cXAtQmFUSk1Gc1lUejItSjlkT2VETno4M0FDalFja1ZLdFQ3cndscDFiNEY2UmN0d25KOHU2LW0xWkk2dmt3NTgxeHZuQV9zRmI4LWxFVzZDUlpSSnd4empDM0lUZWt3ZXpTWXVhUkhZWE5zMGp5Vjg2VU9ETjNoRVdtczVBSHJyTlV4QmFINmp3cw?oc=5,Unknown,2026-09-09 22:22:08.453732+00:00,2026-09-09T22:22:08.453732,AI & Tech,0.0,Neutral,"injini, launches, education, venture, builder, incubation, programme, disrupt",uba,,198.0,,2026-09-09,22,Wednesday,198.0,8,59.8,2026-09-09 22:30:30.312391+00:00
,Google News: Africa education,Nigeria disburses ₦355.9bn tertiary education loan - CNBC Africa,Nigeria disburses ₦355.9bn tertiary education loan&nbsp;&nbsp;CNBC Africa,,https://news.google.com/rss/articles/CBMinAFBVV95cUxONWhxN1prUUprc2JwMGxrWjhHWV94azNyQVplNDVBeDcyeDU3VXNFSktXZFhGWDgtdGs5S2FJUm8ySTdheG9tLUR1M2dIWXZidnYwODlJNmhXNmFxdDZieThDUE9FQm1BN29ONVo5bHA0Tl9RdC1md242Ykd6MFhVd2l0QmhnZHJpdzd5SERtNHFhdE9QUmozT0ttbG4?oc=5,Unknown,2026-09-09 22:22:08.454867+00:00,2026-09-09T22:22:08.454867,Education,0.0,Neutral,"nigeria, disburses, tertiary, education, africa",,,138.0,,2026-09-09,22,Wednesday,138.0,5,38.8,2026-09-09 22:30:30.312391+00:00
,Google News: Africa education,Excellence and credibility in higher education - UCT News,Excellence and credibility in higher education&nbsp;&nbsp;UCT News,,https://news.google.com/rss/articles/CBMimAFBVV95cUxNZE90b2FyOVlBWGlKODV3R0xIekpMV2htYS05a2E2YllMdU54YmtPNkJNZUNjMVR0TFkzaFZ0bTh0Y0Z5RVJ4RnR3X3cwck1RSFZkLUlNVUpmR0RBcFFSV194TzNhX1RtQlZmOHNPVW1QbWtwRmgtQ1RZS0lNQkEzZkk3bzdrY2JPRTRSR0VJV1g3VHN1bVUzVw?oc=5,Unknown,2026-09-09 22:22:08.455128+00:00,2026-09-09T22:22:08.455128,Education,0.25,Positive,"excellence, credibility, higher, education",,,124.0,,2026-09-09,22,Wednesday,124.0,4,37.4,2026-09-09 22:30:30.312391+00:00
,Google News: Africa education,"Team4Tech Africa Regional Hub Lead Job: Remote Leadership Opportunity in Africa Paying Up to KES 800,000 Monthly - Global South Opportunities","Team4Tech Africa Regional Hub Lead Job: Remote Leadership Opportunity in Africa Paying Up to KES 800,000 Monthly&nbsp;&nbsp;Global South Opportunities",,https://news.google.com/rss/articles/CBMib0FVX3lxTFBYV0UwS1cwVjl4UC1VdlJoVGltd0dnMEtHaThhdnVURUZFQXVjRW9xWEl6a3VrSklRZk1yVUxDanV5OGhtZHlTWEFtLUpsVFVKeDhCc3NkSXcyYmY3OVBYSUhNQ3piT3g2VmVZMzZZSQ?oc=5,Unknown,2026-09-09 22:22:08.455445+00:00,2026-09-09T22:22:08.455445,General,-0.0667,Negative,"africa, regional, remote, leadership, opportunity, paying, monthly, global",,,292.0,,2026-09-09,22,Wednesday,292.0,8,70.534,2026-09-09 22:30:30.312391+00:00
,Google News: Africa education,Beyond transmitting knowledge: Transformative literacy via CBE - Business Daily,Beyond transmitting knowledge: Transformative literacy via CBE&nbsp;&nbsp;Business Daily,,https://news.google.com/rss/articles/CBMi0gFBVV95cUxNdUNRY0tIY0NuRG50MVZsQ014MXU5ZnVyTnVQcFRjSXpId1RhTnRQUm5CSXZfQ0xEelRLZVVKd1BpSm9fYWhTZ2I5TE1uT181dV9tRmVFMEVUMGxYUXlxY0VBdjAwb2RxbWtzdzg1Vmd3XzJmem8wVjVyZ2FnaUVCTlRGTlNtc05GM2diTkg2R1BBczhTdGJFcThqVV92M2oteXUzSDRkOE1RSUR1SGlWbjRrdk5qNkFvRVJqc2txaEFmb182cHJHNFhuejJiWVN1Z3c?oc=5,Unknown,2026-09-09 22:22:08.455728+00:00,2026-09-09T22:22:08.455728,Business,0.0,Neutral,"beyond, transmitting, knowledge, transformative, literacy, business, daily",,,168.0,,2026-09-09,22,Wednesday,168.0,7,51.8,2026-09-09 22:30:30.312391+00:00
,Google News: Africa education,South Africa’s Appeal Court confirms provinces’ right to separate school governance models - ua.news,South Africa’s Appeal Court confirms provinces’ right to separate school governance models&nbsp;&nbsp;ua.news,,https://news.google.com/rss/articles/CBMisgFBVV95cUxNc19mT1ZVTGpnYTJNTERiZGZiazk2b21LMnRJM3ljSXdyeEtNYjNVVVptRzdIVXgwODBHR2twc2U4VndtVFZKeFNGVDZrZFRFckNHUGtjNE1sMDlMcmU4Y1pSbXd0dUFSbmwwY2oxeXFhYTc5STN5a3BRc3JtVC0wa3E1WlR5dG13cTRIS3FuX2w0WFZNX1g4WXlIRUJ4c1JKc2d3eEg1RXdhcnRKaW5qVGh3?oc=5,Unknown,2026-09-09 22:22:08.456098+00:00,2026-09-09T22:22:08.456098,Education,0.2857,Positive,"south, africa, appeal, court, confirms, provinces, separate, school",,,210.0,,2026-09-09,22,Wednesday,210.0,8,66.714,2026-09-09 22:30:30.312391+00:00
,Google News: Africa education,Ashoka Africa equips 200 educators to transform Nigeria’s education system - Business News Nigeria,Ashoka Africa equips 200 educators to transform Nigeria’s education system&nbsp;&nbsp;Business News Nigeria,,https://news.google.com/rss/articles/CBMirwFBVV95cUxOUFRad2ltdG43U3BVWVItNXc0QmZYT2ZTX2YxUUhxM0dfakRfUVhESVlJWUFkcWdvd3NYY3BIQTdfMnVLc2VSQzVZdVhyU3YtZ2ZVM1kzSlRzeURtdzJCZ3p6VmQ3X1I4VUNabDVRcTFGUHpzSndmZFVOcWZrS1FvalV6X1dTbmZVbTg0cHNBdjhkZnRvM0k4UC1vcld3VDZ6VkZtMkprN1V1Y2RPTHAw?oc=5,Unknown,2026-09-09 22:22:08.457000+00:00,2026-09-09T22:22:08.457000,Business,0.0,Neutral,"nigeria, ashoka, africa, equips, educators, transform, education, system",,,206.0,,2026-09-09,22,Wednesday,206.0,8,60.6,2026-09-09 22:30:30.312391+00:00
,Google News: Africa education,South African firm targets new East African markets after Makini school takeover - standardmedia.co.ke,South African firm targets new East African markets after Makini school takeover&nbsp;&nbsp;standardmedia.co.ke,,https://news.google.com/rss/articles/CBMi5gFBVV95cUxQRTNkMlc4VW5wanYwOWt0Xy1hQUliV00xQUl1WmhMajR6eGVTRzM0UjZWTzZyZG5UNHQ3UkxJdWlJSWlUaC1nLXM4UmdYOHZsOURjNDZXc1RpQlRTRi1vWmhTTjFlTHBJWm55Zk9BMFc3V3YzSmMweXpuejNXekRwM3h5dWp4ZmdHOEZacG5NR2YzV0dKWW9oX1JxcmpWcklWLUI1TWRDOENJMk4wU1pILWJHNnl5VUlsQS12SmFjVzU1a2ZxTHE0OTB2S2dBLUR5clJBM1V6cnlCWnpEVTZDdWQtdFBTQQ?oc=5,Unknown,2026-09-09 22:22:08.463674+00:00,2026-09-09T22:22:08.463674,Business,-0.0159,Neutral,"african, south, targets, markets, makini, school, takeover, standardmedia",,,214.0,,2026-09-09,22,Wednesday,214.0,8,61.718,2026-09-09 22:30:30.312391+00:00
,Google News: Africa education,Cultural bias in west Africa’s school-leaver exam questions puts many students at a disadvantage - theconversation.com,Cultural bias in west Africa’s school-leaver exam questions puts many students at a disadvantage&nbsp;&nbsp;theconversation.com,,https://news.google.com/rss/articles/CBMiygFBVV95cUxQemFoOFhtY3NfcUIwZDVqNzU5RUZrS3h2anF4SnRYOFBWamlhSkt3VjJsS2lLTHZiUXlzeEFDSWJtMFU0MWp6S0lwTnQ0Q1lzbHZHMG5VWVJiUjBjQ1dxRmdOa2FPZ2xnYlRXcHk4cE9iYjRWY1dnczdDZnF4bXdtQjY2MFN5QTJmd1ZRU2pJTTg4MFBLTE9YWmYzNDFSZGFkNzZjSmxPVENXdDZYY2x5Q3EwRHYtd0dVT3QzaElpbVY1THpkWmJTeGNR?oc=5,Unknown,2026-09-09 22:22:08.464948+00:00,2026-09-09T22:22:08.464948,Education,0.3,Positive,"cultural, africa, school, leaver, questions, students, disadvantage, theconversation",,,246.0,,2026-09-09,22,Wednesday,246.0,8,70.6,2026-09-09 22:30:30.312391+00:00
,Google News: Africa education,Zimbabwean Grade 12 pupils brought back to SA to write matric exams - The Citizen,Zimbabwean Grade 12 pupils brought back to SA to write matric exams&nbsp;&nbsp;The Citizen,,https://news.google.com/rss/articles/CBMiyAFBVV95cUxOY0dxS2RhMlJZeld3eUd1RlBScFI1N0RHQTFyQkRHUXhXeXNnQ1dKcUxnd2FLT0FRSS1tRG5EUFE1ZHVMcjFlQWkwQUNtQkpHdlE4QXQ3UGhacF9sV0U3d2VjTDU5eUVoN2JMeHltLUJQOFZlOV9WRTU2X2V3SlEydXVtbXZvdGNNeTQtWU9aN3lHRE93SnJKQ01rV2dKNzlLWHhmSHdMQy03WFFBa1dBNm9ySjUzZmFGTEk4bXJvc1JRVVhnVnh5Wg?oc=5,Unknown,2026-09-09 22:22:08.465291+00:00,2026-09-09T22:22:08.465291,General,0.0,Neutral,"zimbabwean, grade, pupils, brought, write, matric, exams, citizen",,,172.0,,2026-09-09,22,Wednesday,172.0,8,57.2,2026-09-09 22:30:30.312391+00:00
,Google News: Africa education,Africa’s education experts convene in Arusha to rethink assessment in the age of AI - educationnews.co.ke,Africa’s education experts convene in Arusha to rethink assessment in the age of AI&nbsp;&nbsp;educationnews.co.ke,,https://news.google.com/rss/articles/CBMisAFBVV95cUxNd2xhQkwtUWZsQVJLUGxmVVVyNGZTbkdKZ1RQMGVFMko5bmRrQ2dXNkVVcUxsUllmM3IwempaNkNBUS1kZjVvSEZCaUxieWVXbmhWekcxRm1LQnNGQ2QzYlNfUkFKeEExWlF2c3lQb0I4TDhfTEJGcGFlYTAzLVp4NExHMFJMOHJEd29JMTF6OGdfa0ZBalFKVDhIQzRMeU9FLTIxVml3Ym9YbUUzQUJXXw?oc=5,Unknown,2026-09-09 22:22:08.471890+00:00,2026-09-09T22:22:08.471890,AI & Tech,0.0,Neutral,"africa, education, experts, convene, arusha, rethink, assessment, educationnews",,,220.0,,2026-09-09,22,Wednesday,220.0,8,62.0,2026-09-09 22:30:30.312391+00:00
,Google News: Africa education,Kenya out to retain 8 titles as East Africa school games kick off in Morogoro - nation.africa,Kenya out to retain 8 titles as East Africa school games kick off in Morogoro&nbsp;&nbsp;nation.africa,,https://news.google.com/rss/articles/CBMivAFBVV95cUxPY0xNV0pXUWg3bE9GRi1jNEZGTVl4Y2YwZ1JfQTlOS1VYSjhmLU43WW1XSWhsVzViT2taRlUzQnhCRVd2M2JrM1BnZDNsR0NCUlZBcnJlY2F1TlJtOVNOTE5HcWdSSjJuTDhYalpJLWJuekpxdm81VnhNZXhReWlMb2Y4ZjFfbFZ6RmY4MkdqM0UtZF9CZVp3QVF5aE9rOFRDNzdHV3IzZWxqUGJyTEdORkpmbGhLTHIxblFWMg?oc=5,Unknown,2026-09-09 22:22:08.473559+00:00,2026-09-09T22:22:08.473559,Education,0.0,Neutral,"africa, kenya, retain, titles, school, games, morogoro, nation",,,196.0,,2026-09-09,22,Wednesday,196.0,8,59.6,2026-09-09 22:30:30.312391+00:00
,Google News: Safaricom,Safaricom Ethiopia Engages Government on Network Expansion and Digital Transformation - TechAfrica News,Safaricom Ethiopia Engages Government on Network Expansion and Digital Transformation&nbsp;&nbsp;TechAfrica News,,https://news.google.com/rss/articles/CBMirgFBVV95cUxPaDhoak9BbDhQQzJZa2l5SUYzRVM3amZTY0tnZUF4UWZvRUVLaHhjXzk5VnhlMjA5R3hNSXBYQXM5R1Y4VVlVN2FxVTlfeUZTZGFmbjBfY3RSUC1Pcnd1TWhwWEo1V00wU0pWaS1MVkFxZVhyaDRoUmNRNV85OFNmcW96QUN3aE5pZ1prTzdqV0d6V0hQRXBrYXpLeHZRdHJJUTJ0NlY0RGZSSDdMT2c?oc=5,Unknown,2026-09-09 22:22:09.341958+00:00,2026-09-09T22:22:09.341958,Politics,0.0,Neutral,"safaricom, ethiopia, engages, government, network, expansion, digital, transformation",safaricom,Safaricom,216.0,,2026-09-09,22,Wednesday,216.0,8,61.6,2026-09-09 22:30:30.312391+00:00
,Google News: Safaricom,Safaricom reveals how customers end up paying for games they say they never subscribed to - People Daily,Safaricom reveals how customers end up paying for games they say they never subscribed to&nbsp;&nbsp;People Daily,,https://news.google.com/rss/articles/CBMivwFBVV95cUxPQnNvMEZ0Z2lrSGNEZ2N4UnpET2R6bW9kcDA5M2lBeEVRU0RrV2pyQzljSm9LS05RWF81N2p5N19aRXFHNHJFaEZTZUVtUmp5b1hoeGlUMGlkRU9EcHZsZHdtMHlsMENMMTFISFlzTVItTGt6VWU5UGlldnE0dTNzSVJEbnJ2VTk1U3hXWDdCaXlnRTNMZ092UFZoMjVJeFhrUVBLTG8weVIyUWk1N1A5NXM3eHFEOXlSS2Q4SXl2MA?oc=5,Unknown,2026-09-09 22:22:09.342600+00:00,2026-09-09T22:22:09.342600,General,0.0,Neutral,"safaricom, reveals, customers, paying, games, subscribed, people, daily",safaricom,Safaricom,218.0,,2026-09-09,22,Wednesday,218.0,8,61.8,2026-09-09 22:30:30.312391+00:00
,Google News: Safaricom,Safaricom Ethiopia Surpasses 15 Million Active Subscribers As Network Expansion Accelerates - news.broadcastmediaafrica.com,Safaricom Ethiopia Surpasses 15 Million Active Subscribers As Network Expansion Accelerates&nbsp;&nbsp;news.broadcastmediaafrica.com,,https://news.google.com/rss/articles/CBMi2AFBVV95cUxPam1oUGQ3R3Z2OXRJSW9CY1FNSERpTjdOX29MM2cyN0J3c3puTURQSHIzQ0ZvRi14Mk9sdklEaHh0ZEh3Ukk0cTdEZ0ROTUNrSzdYb2lBUUxHS3Vtb1JpZ1NWaTZQbVpxaVVabFlscXRsbDNEdW9FUDFFcFBUNHo3Z2RWNU5NR1ZoeUlNaExNNi1od0Y3T3k0aGtXYktRd1RvRno3ZHlhVFdkWGZnbmNNSkxmZWxoQ1kzYmlXMENUN2lad0JWSVFFSWczaE0ydUxMOWl2R1N5R24?oc=5,Unknown,2026-09-09 22:22:09.344199+00:00,2026-09-09T22:22:09.344199,General,-0.1333,Negative,"safaricom, ethiopia, surpasses, million, active, subscribers, network, expansion",safaricom,Safaricom,256.0,,2026-09-09,22,Wednesday,256.0,8,68.26599999999999,2026-09-09 22:30:30.312391+00:00
,Google News: Safaricom,Safaricom Hits 15 Million Subscribers in Historic Four-Year Ethiopian Expansion - ethiopiatoday.net,Safaricom Hits 15 Million Subscribers in Historic Four-Year Ethiopian Expansion&nbsp;&nbsp;ethiopiatoday.net,,https://news.google.com/rss/articles/CBMiqgFBVV95cUxQWlNsTndVc25XRjV6SldsVGdKQ19iZG1nckxPMmc0VU4zU3dMUlM3WFRId3hkeE1Yb3dRbVg3bUxGZ2tLY1Nzd1BIcjZpS0Rza0JDR3dsUTZ6ZU13b1hseklvMWIxRUtBeXRoYTc2Y1NZQ3JpR25GR1FxR3h2aXNDcVM3blpDbXBHLURJeU1Mb1BrUXBhU19nNEcxeVZndHV1Ukpmc1dyeXUxUQ?oc=5,Unknown,2026-09-09 22:22:09.345695+00:00,2026-09-09T22:22:09.345695,General,0.0,Neutral,"safaricom, million, subscribers, historic, ethiopian, expansion, ethiopiatoday",safaricom,Safaricom,208.0,,2026-09-09,22,Wednesday,208.0,7,55.8,2026-09-09 22:30:30.312391+00:00
,Google News: Safaricom,Why Kenyans risk jail after spending money accidentally sent to M-Pesa - People Daily,Why Kenyans risk jail after spending money accidentally sent to M-Pesa&nbsp;&nbsp;People Daily,,https://news.google.com/rss/articles/CBMipgFBVV95cUxOd1gwaGdrdmlKLXlZRF9zVXFNV1RidmhMWXphX210a0l6VDRacDdXM1FJeHcyMTRyancyMmJaTXRaaXB4R21lWjYyOUxFRThBOTlIQVVFMkx0cmFDM3pHUUhqWTdZWVdmckpwYzJVTm82VmhnUGxzMTJjZWVLTVc1cExtR2QzS3dWakpmYVBieFFlekdtLXRaU2wwaTUtREhlSFQxOThn?oc=5,Unknown,2026-09-09 22:22:09.347167+00:00,2026-09-09T22:22:09.347167,General,-0.05,Neutral,"kenyans, spending, money, accidentally, people, daily",,Safaricom,180.0,,2026-09-09,22,Wednesday,180.0,6,49.0,2026-09-09 22:30:30.312391+00:00
,Google News: Safaricom,Safaricom shareholders to vote on Vodafone’s right to pick CEO - CNBC Africa,Safaricom shareholders to vote on Vodafone’s right to pick CEO&nbsp;&nbsp;CNBC Africa,,https://news.google.com/rss/articles/CBMimAFBVV95cUxNWGE5bHhZUFF2Z012R0lxQUh2UG5tR3E3WkwyRjdYTnF0ckpTNWllT29MNzRtN1VyS1R2eDU5NkpSd0JFNndCcTRHZkstRGhqMGRUOUl6aHJWMzdMbEl4eWZwUGhFaTY2Y1Z6UGt5RVMzdkFvTm9DckhkWnRIVms0d0Vsbzc1UE9fNmdmNC1aejU2X0JhS0VCZg?oc=5,Unknown,2026-09-09 22:22:09.351682+00:00,2026-09-09T22:22:09.351682,General,0.2857,Positive,"safaricom, shareholders, vodafone, africa",safaricom,Safaricom,162.0,,2026-09-09,22,Wednesday,162.0,4,41.914,2026-09-09 22:30:30.312391+00:00
,Google News: Safaricom,𝑽𝒐𝒅𝒂𝒄𝒐𝒎 𝑫𝒆𝒂𝒍 𝑾𝒐𝒖𝒍𝒅 𝑮𝒊𝒗𝒆 𝑺𝒐𝒖𝒕𝒉 𝑨𝒇𝒓𝒊𝒄𝒂𝒏 𝑮𝒓𝒐𝒖𝒑 𝑫𝒆𝒄𝒊𝒔𝒊𝒗𝒆 𝑺𝒂𝒚 𝑶𝒗𝒆𝒓 𝑺𝒂𝒇𝒂𝒓𝒊𝒄𝒐𝒎 𝑪𝑬𝑶. Vodacom will gain decisive influence over Safaricom’s next chief executive if its purchase of the Kenyan Government’s 15 percent stake goes thr - linkedin.com,𝑽𝒐𝒅𝒂𝒄𝒐𝒎 𝑫𝒆𝒂𝒍 𝑾𝒐𝒖𝒍𝒅 𝑮𝒊𝒗𝒆 𝑺𝒐𝒖𝒕𝒉 𝑨𝒇𝒓𝒊𝒄𝒂𝒏 𝑮𝒓𝒐𝒖𝒑 𝑫𝒆𝒄𝒊𝒔𝒊𝒗𝒆 𝑺𝒂𝒚 𝑶𝒗𝒆𝒓 𝑺𝒂𝒇𝒂𝒓𝒊𝒄𝒐𝒎 𝑪𝑬𝑶. Vodacom will gain decisive influence over Safaricom’s next chief executive if its purchase of the Kenyan Government’s 15 percent stake goes thr&nbsp;&nbsp;linkedin.com,,https://news.google.com/rss/articles/CBMizgNBVV95cUxQV29LdnFKM18wNXNMVDhBMGJhMFhfMlJMb1k4OF8xM1JYUXJTMTBLYmRlTFJPb21GSHViWjY3cXA3WVU5UDluNFdMdFFrUTZfUlprZFQ1V3hvcGFUemVUdE4tUHdsZGdpYnlWQUU3NHFqQ19NUlZoS0hhbXdPazg3aVZUVUVoMUVvUk9uVi1UTEc2a3doUW9fMlFtVVR4TFFrZ3dCUjhvSUNGMGlCMnhrN3JGa01xWnlEX1pvTHFKS2RXdC1wb3ZtdUNka1g2RmJHSUdTV3p0Z08ybnd6YkJ5bTY2RWVGZWVSOTRxT1RGZ3ctSmQ1bWtwTDlCdzJXLVoxT1JQUmtuZUw1THpfeWltdExlMjA0WXVubTFJcE85Vi1WNW9Ic2JoRmMwSDdOM0x0eXFITUxXR2VPZ0FDRmdHckg1RDBwZFM0OW82MUxFV09KYS1nZWR3X0NrbVdtQ2o1WFBIRC1MSURZRXdheWRBUUxvTUJ1Y2FNRFNjSjE1aHdWck1jdW5oS0pFdk5GN1gzbEJhUUJFTG45MnFkOENBZjhYQmpjRXZQeHZkSG9YZjAxWndtQzNmNWtvRWJjd2R2aGdqcS1ubWxmMThlS3c?oc=5,Unknown,2026-09-09 22:22:09.360420+00:00,2026-09-09T22:22:09.360420,Politics,0.0,Neutral,"vodacom, decisive, influence, safaricom, chief, executive, purchase, kenyan","safaricom, vodacom",Safaricom,480.0,,2026-09-09,22,Wednesday,480.0,8,88.0,2026-09-09 22:30:30.312391+00:00
,Google News: Safaricom,"𝐒𝐚𝐟𝐚𝐫𝐢𝐜𝐨𝐦 𝐞𝐚𝐫𝐧𝐢𝐧𝐠𝐬 𝐬𝐞𝐞𝐧 𝐡𝐢𝐭𝐭𝐢𝐧𝐠 𝐟𝐢𝐯𝐞-𝐲𝐞𝐚𝐫 𝐡𝐢𝐠𝐡. Safaricom PLC is expected to report its strongest full-year earnings performance in at least five years when it releases results for the year ended 31 March 2026 on Thursday, 7 May 2026, - linkedin.com","𝐒𝐚𝐟𝐚𝐫𝐢𝐜𝐨𝐦 𝐞𝐚𝐫𝐧𝐢𝐧𝐠𝐬 𝐬𝐞𝐞𝐧 𝐡𝐢𝐭𝐭𝐢𝐧𝐠 𝐟𝐢𝐯𝐞-𝐲𝐞𝐚𝐫 𝐡𝐢𝐠𝐡. Safaricom PLC is expected to report its strongest full-year earnings performance in at least five years when it releases results for the year ended 31 March 2026 on Thursday, 7 May 2026,&nbsp;&nbsp;linkedin.com",,https://news.google.com/rss/articles/CBMi7ANBVV95cUxQQmVzOXJoR3kzYl9yVk1nUFd0S24wXzNpNlBjdGpRZUszT2ZteXdjY09RcGtzd1VQUFlDeXRnZUd3X1FtbTk0a1BQcUhmWFdZbXVORTlURER4Nnk4ZlI1SWw4TnlYLXBaaHMwSjJfS2o2bjRHbmVpYjVVa1ZtdXUxRnFmRDkyazkyb1VBWkFoakstOVlEay0zRWZKbVhPbENZaGFWOEZhUnJ6UDJPS3ZWOE9GWjNNeTFHTWNvOXdkN0tUYXdwMS15WmMxVU01TjJjRzhtbl9QcHVmWV9FNEptQzJQYmpib3Q4X2ZnSnloQ1cxc2diZk05NkZoVDRHaHhfcjRDYVl3YUpFYmNPYmRLM2NyZ2NFbkszbDM1T2dFSkRLYWpvZ2dXRXBaeklSUDk4Ni1sVVhWeGd5WVRSOUN5Y0FsNXBxSTB3Z2FEbjhlYTZWWmpJSmk0RUhkblA1WFBjVFFTV2NBOHlEbmZuTzhrVUN5WUlYRFQtY3NIYTlqMndhM1JKSlZ5amJWZ3NpWk1ZamVIUXZKZ2ZZX2R2eWxaX1ZMLXdTbmlYaG10QXd3aGNPVERpVk94VVpOUmU5UGZBODJ6WjJ2aERHY21lZHVzVTFER2szZFMwUldBaDR5RzRkTlFVYUdrZ09tMnQ?oc=5,Unknown,2026-09-09 22:22:09.363232+00:00,2026-09-09T22:22:09.363232,General,-0.2,Negative,"safaricom, expected, report, strongest, earnings, performance, least, releases",safaricom,Safaricom,508.0,,2026-09-09,22,Wednesday,508.0,8,94.80000000000001,2026-09-09 22:30:30.312391+00:00
,Google News: Safaricom,Kenya Court Clears Safaricom Stake Sale to Vodacom - dabafinance.com,Kenya Court Clears Safaricom Stake Sale to Vodacom&nbsp;&nbsp;dabafinance.com,,https://news.google.com/rss/articles/CBMie0FVX3lxTFBscUJQXzlCeVpfMGc1QWxaNGd0UXd3elpxN0hfZmpYT2lTbmFGMGlGRFk2M25VSElsa0JPMmU0bHFoSDFFTVBMREZDTWZKaV9KWDU4cjVDTXBGRXVITVNRSnBULURYM3NhUXN1UzRtTUFtdEx0eHcwQUVaWQ?oc=5,Unknown,2026-09-09 22:22:09.366105+00:00,2026-09-09T22:22:09.366105,Business,0.0,Neutral,"kenya, court, clears, safaricom, stake, vodacom, dabafinance","safaricom, vodacom",Safaricom,146.0,,2026-09-09,22,Wednesday,146.0,7,49.6,2026-09-09 22:30:30.312391+00:00
,Google News: Kenya economy,"President William Samoei Ruto – Today we take another important step towards Kenya's ongoing transformation from a trading economy to a trading economy, from exporting raw materials to exporting finished goods. - facebook.com","President William Samoei Ruto – Today we take another important step towards Kenya's ongoing transformation from a trading economy to a trading economy, from exporting raw materials to exporting finished goods.&nbsp;&nbsp;facebook.com",,https://news.google.com/rss/articles/CBMi3wFBVV95cUxQZTZfRGJycGZHVC1ra0hZV1RwVFBGX3VfZHZmeXA0QzUtZkFNSm52dzhuSXFOQmNyUGYzOWRGeVdwVjcwWlJSbUdhalJqTWNQYTA0c1ZzYkNmbndmYU5jMGdUVDBNaUZ6RnMwQ0RjQnZ3SmE5bU9pcDhwZ0d0YnZxTjY2QXZ6N1pQWEJocEVOU1paU2tGM1REel9nQXNxSHlnMUc4Nk5jWFNGNVA3RUc5VjJtRWZaZlF6c1ZRMExTWktlR0pJUWVRT3BNanduOVRuRTd1S0kzc1lwM0JtVkc4?oc=5,Unknown,2026-09-09 22:22:10.201902+00:00,2026-09-09T22:22:10.201902,Politics,0.0846,Positive,"trading, economy, exporting, president, william, samoei, today, another",,,460.0,,2026-09-09,22,Wednesday,460.0,8,87.692,2026-09-09 22:30:30.312391+00:00
,Google News: Kenya economy,Kenya’s 2027 election internet shutdown risk: who loses money when the network goes dark? - Dawan Africa,Kenya’s 2027 election internet shutdown risk: who loses money when the network goes dark?&nbsp;&nbsp;Dawan Africa,,https://news.google.com/rss/articles/CBMitwFBVV95cUxNRG9qVmlYNENPMW44WGMxeWZZSnY4dW5GWTZjclMzeFoxbUVuMVhaT29iTDl6dFpOQUp1cGRNM1Jvc0gxdFphV0E2VTdsQjBFOFNremlnRmFHb3ZnUEVvQTVzSmxPUzZNYkVnbDJzb2hObUhUNTdzd2t0cnMxRzI1ZWtueEh5b2s3d19JaUpTREJGTnB3S3M3dEU1WElQT0RvUV9wY050djdHdkVPV3FBQzBFTXN3MUU?oc=5,Unknown,2026-09-09 22:22:10.202365+00:00,2026-09-09T22:22:10.202365,Politics,-0.25,Negative,"kenya, election, internet, shutdown, loses, money, network, dawan",,,218.0,,2026-09-09,22,Wednesday,218.0,8,66.8,2026-09-09 22:30:30.312391+00:00
,Google News: Kenya economy,TIFA poll: Kenyans more positive about household finances than national economy - People Daily,TIFA poll: Kenyans more positive about household finances than national economy&nbsp;&nbsp;People Daily,,https://news.google.com/rss/articles/CBMisAFBVV95cUxOWnc3UWI2dU5taUR2Y0RsV1BtdVFEdk1va1F5ZVZQcTVBRm04UzJEWWpTZUhkOWUzRXFNeE5zSkVwQjE3WTNxMGVxQkV1Y25uZFYzQ0FmMnJqMXNQSmM5VU1CaFNYZ09nZVNmWnZMMzhmbFMzM3VZaHpyQ0ozWmd4ZzE0NnRqQzRra2o2Yk95WDg0MF9MRk9rNklQa1hnS3F2VFNxakQzclR3MDFlb1VUeQ?oc=5,Unknown,2026-09-09 22:22:10.202692+00:00,2026-09-09T22:22:10.202692,Business,0.2424,Positive,"kenyans, positive, household, finances, national, economy, people, daily",,,198.0,,2026-09-09,22,Wednesday,198.0,8,64.648,2026-09-09 22:30:30.312391+00:00
,Google News: Kenya economy,Kenya: The United States Supports Local Processing of Critical Minerals - Benin Web TV,Kenya: The United States Supports Local Processing of Critical Minerals&nbsp;&nbsp;Benin Web TV,,https://news.google.com/rss/articles/CBMinAFBVV95cUxONWtWRHZSM2dEaG03dGpwdW14Q1VhVWI4RHE1X2tyWDlPQVg2N2xqUEdJYnNnNGhhel8tb1NsSGVZWlQ1c1JfNzRnTkFmT21qTnlfWXJ3Vko0MnpycUNCbzk1dnVaWVhUY0FXZHkzM2ZkVVNkWXBJN3F1LWlpdGxsU0VTcm5vLThScnF0WmVMWkluNF8xVjZiTjZMVEI?oc=5,Unknown,2026-09-09 22:22:10.203005+00:00,2026-09-09T22:22:10.203005,General,0.0,Neutral,"kenya, united, states, supports, local, processing, critical, minerals",,,182.0,,2026-09-09,22,Wednesday,182.0,8,58.2,2026-09-09 22:30:30.312391+00:00
,Google News: Kenya economy,"Eritreans, Burundians fastest-growing population of refugees - Business Daily","Eritreans, Burundians fastest-growing population of refugees&nbsp;&nbsp;Business Daily",,https://news.google.com/rss/articles/CBMitAFBVV95cUxPTGJ6YjZSMUZwZWF5R3RxT2p2bXg4VEMyNkltdGNYM0JuNjhYbGRtTjJOaUJCVDBKRnZUY0tVdnc4M240aVJ1SVdKTmdpWXR3NHRLM0ltT2VzNjFVNmtXeFY1OGdPVFZ5ZFNfTE12WVJxeVRtdUQzX09qWlVWZVlGUm40SEI1YnRLNlNrWC1RRnR6NG0yRGJMZ2N1RVlaQk9QVjRsV2Q3dUlhczRCNlltUWRmTVg?oc=5,Unknown,2026-09-09 22:22:10.203266+00:00,2026-09-09T22:22:10.203266,Business,0.0,Neutral,"eritreans, burundians, fastest, growing, population, refugees, business, daily",,,164.0,,2026-09-09,22,Wednesday,164.0,8,56.400000000000006,2026-09-09 22:30:30.312391+00:00
,Google News: Kenya economy,Kenya steps up investment reforms to attract global capital - KBC Digital,Kenya steps up investment reforms to attract global capital&nbsp;&nbsp;KBC Digital,,https://news.google.com/rss/articles/CBMiigFBVV95cUxQU2RRd0J6eDhfMVlGTEVZSjhQSWFXSmY3S1FqbUxGNkY0TFZFajc1TUs2eXQ3cF9YUTQ4czU4a2RibG1vU3QzRklEMmotMlJnQm1UZ2tsVnoyZjQzeGZGOVp0NElYUXJOQ1NHRjZlNDNXaUpKdEMwbFdhOGFJLUZ1VzQzZzE1SVlibUE?oc=5,Unknown,2026-09-09 22:22:10.204305+00:00,2026-09-09T22:22:10.204305,Business,0.0,Neutral,"kenya, steps, investment, reforms, attract, global, capital, digital",,,156.0,,2026-09-09,22,Wednesday,156.0,8,55.6,2026-09-09 22:30:30.312391+00:00
,Google News: Kenya economy,"Rut's Kenya, not xenophobic but... - MalindiKenya.net","Rut's Kenya, not xenophobic but...&nbsp;&nbsp;MalindiKenya.net",,https://news.google.com/rss/articles/CBMilgFBVV95cUxOYWRvblZJaXpwUlVSUExBMnpaN0lfNDk4VU9kdWFURWpMQWF0WURYUlljQmszaUw2M1djUTk3SVpOOTdMdl9WWnRyZU12bllWbzN0eGk5Q2RHcTVEX0ZFQUJEOWM3dkE5M2UtZTNjbFhaUWIyd2VlUHBZQVQxdURXZEIyRU9nVmFsSEh2ci0xeHNHbmRMVUE?oc=5,Unknown,2026-09-09 22:22:10.204554+00:00,2026-09-09T22:22:10.204554,General,0.0,Neutral,"kenya, xenophobic, malindikenya",,,116.0,,2026-09-09,22,Wednesday,116.0,3,26.6,2026-09-09 22:30:30.312391+00:00
,Google News: Kenya economy,Dangote’s $16 billion Kenya refinery faces crude supply and infrastructure risks as Lamu project advances - Africa Sustainability Matters,Dangote’s $16 billion Kenya refinery faces crude supply and infrastructure risks as Lamu project advances&nbsp;&nbsp;Africa Sustainability Matters,,https://news.google.com/rss/articles/CBMi3AFBVV95cUxNN2NIdXFrcGg0TjJjNm90bHp0WlgxcjJCUlFqMG9sSjgwdFY3Wl9ubGhBVzMxdTZkNUI2SHI2cFB4bWRodk9vSE0yVTQ3WHhub2pQLTliaDFtelVDUXZGSVpNQ0M4ZEpuUk5jUG56YjhSTkJ5NWVlb1JyQTVzR3VCUnlPb3hXSFZFdmVDUDhMQzNQdTBGMnJnQ3dqQ1llZWRIM21BNWZGU1hVdUlfZ2ZfQ3hoMFF1S3ROR0JDZHdGdEpzbWJnVXZ2SnRPREV5OE5pYVdwTDNmS2RONDdt?oc=5,Unknown,2026-09-09 22:22:10.205213+00:00,2026-09-09T22:22:10.205213,General,-0.7,Negative,"dangote, billion, kenya, refinery, faces, crude, supply, infrastructure",dangote,,284.0,,2026-09-09,22,Wednesday,284.0,8,82.4,2026-09-09 22:30:30.312391+00:00
,Google News: Kenya economy,US offers Kenya factories in proposed Sh8trn minerals deal - Business Daily,US offers Kenya factories in proposed Sh8trn minerals deal&nbsp;&nbsp;Business Daily,,https://news.google.com/rss/articles/CBMiswFBVV95cUxPMEhGa2x5Z2pHaDk3Z25HNGdnenlfN0N2M09GaUtWUjZ6UjJ0SFBxbzkzcUhyT2hTamtCN0JjYjVBZXcxQjdqbG9ETDFXY3pveWJ5MFN3MmlkazBCaHA1MXA5WV9QTERycGd0MUtrWDZoZ21FQTQtT3NFOGFvLU8yT1VvSmVzTmZPYXJWMU81cG9LeE5yZXAwQ0FrbmpBVXIxWG40ZFV3WE9LX0VYQkU5OWFxcw?oc=5,Unknown,2026-09-09 22:22:10.205533+00:00,2026-09-09T22:22:10.205533,Business,0.05,Neutral,"offers, kenya, factories, proposed, minerals, business, daily",,,160.0,,2026-09-09,22,Wednesday,160.0,7,52.0,2026-09-09 22:30:30.312391+00:00
,Google News: Kenya economy,TIFA: Two-thirds of Kenyans say their economic situation has worsened under Ruto’s rule - People Daily,TIFA: Two-thirds of Kenyans say their economic situation has worsened under Ruto’s rule&nbsp;&nbsp;People Daily,,https://news.google.com/rss/articles/CBMiugFBVV95cUxQNTNmdGxpbzRGSk5oUzA5RzdaSkk0dW5jbWZuVGNGUWJfdnBxQU1Sc1dOeng0SHdCd292SUxXczJXUFczUFYwc3VlZ055VzFtLUduNU1KcWVmRmhpdUpVaGFfem5yYldib3c0NjBsaS1OUEQxdjE1WGNoeXl2TFV3d2p5QXBQdU1EV215YVJyLXN4c21kUF9talV6NGxhTVRybllhM19Ya0p2SzNqT2VhRUw4MGVHU1VJX2c?oc=5,Unknown,2026-09-09 22:22:10.206265+00:00,2026-09-09T22:22:10.206265,General,0.1,Positive,"thirds, kenyans, economic, situation, worsened, people, daily",,,214.0,,2026-09-09,22,Wednesday,214.0,7,58.400000000000006,2026-09-09 22:30:30.312391+00:00
,Google News: Kenya economy,Kenya Moves to Change How It Borrows Money Amid Rising Debt - Kenyans.co.ke,Kenya Moves to Change How It Borrows Money Amid Rising Debt&nbsp;&nbsp;Kenyans.co.ke,,https://news.google.com/rss/articles/CBMipAFBVV95cUxQNFFqMXhUVVFIQzZPZWVGNWV6LV9Ic0d0VndSaEdaZl92MkxvYjFmR2szWFJlTmNzc3BRSWo0Zi1lS0FDbDlRMzA4czdxYlVyRURIaU03MkY5QTM5OXNCdklna0R6dzRiMWtyb1J0bGkyYXVrdnNib2I2ZzZITUd2RFBhdmdPN1BaVUFwVUZubzR2dW9qaEl6aTJhMENKNnhZT01GTw?oc=5,Unknown,2026-09-09 22:22:10.206554+00:00,2026-09-09T22:22:10.206554,General,0.0,Neutral,"kenya, moves, change, borrows, money, rising, kenyans",,,160.0,,2026-09-09,22,Wednesday,160.0,7,51.0,2026-09-09 22:30:30.312391+00:00
,Google News: Kenya economy,"Bolt marks 10 years in Kenya after Sh19bn investment, 8m riders - Capital FM Africa","Bolt marks 10 years in Kenya after Sh19bn investment, 8m riders&nbsp;&nbsp;Capital FM Africa",,https://news.google.com/rss/articles/CBMikgFBVV95cUxNODJtVDRxMnhYdTB2WUtZeWJnajVvWHlITlBGRlp4eXdCaGJubktDY3RLYWE0UzktSmZWNGdzVXBmenJla2RPMk5IeVltanpTTWRhcnYzdm1DSEFPQlhhOUFqSi02OEwxYTdEZnBJZThWSjFSWUNZczBIMlpqcUdETDNLaGNWX3VUNFloUnIwQ0JsZw?oc=5,Unknown,2026-09-09 22:22:10.207148+00:00,2026-09-09T22:22:10.207148,Business,0.0,Neutral,"marks, kenya, investment, riders, capital, africa",,,176.0,,2026-09-09,22,Wednesday,176.0,6,47.6,2026-09-09 22:30:30.312391+00:00
,Google News: Kenya economy,Kenya Seeks $450 Million World Bank Funds to Offset Iran War Shock - Bloomberg,Kenya Seeks $450 Million World Bank Funds to Offset Iran War Shock&nbsp;&nbsp;Bloomberg,,https://news.google.com/rss/articles/CBMitwFBVV95cUxObHk4UkN5aklHQTU0blp2X2JhZVl2bEV3XzB2WTdsTWV6Y3MtYTR3R3JTNEN0MGZkUDY2N0p4TDVKOGdHQXJNcC02QVh4MkliQWJaZUNVTnB3UmtJZDZWRlFvc0xhc3BZcmpMdlM4ZDBZcWhFSXFxSUxKdGJyNXdXeW9tY3l6WEN5T3l0a2l3SkRPU216eGlJNFNVakM0NjZWRkp3ZnRVakpoZUVQdlhvZGhmczdVd1E?oc=5,Unknown,2026-09-09 22:22:10.207439+00:00,2026-09-09T22:22:10.207439,General,0.0,Neutral,"kenya, seeks, million, funds, offset, shock, bloomberg",,,166.0,,2026-09-09,22,Wednesday,166.0,7,51.6,2026-09-09 22:30:30.312391+00:00
,Google News: Kenya economy,DP World strengthens Kenya commitment with new industrial park - ARN News Centre,DP World strengthens Kenya commitment with new industrial park&nbsp;&nbsp;ARN News Centre,,https://news.google.com/rss/articles/CBMirgFBVV95cUxPbmJzVHQ4TEFSM2pUSi1nR29SUHRpZWtKM1RBZV9NMHJtaXk4SG5Idkd3WTdTN19IeEYtM0hrbThsbHdSYzRjMVNrU2ZJdEs3alZkZ3pXWFNaczl3Y3o2QlMwenBCcmhET1pONVZBMHd2WFMzNHJXajVrQlRiLVlJQlE3cGptUUc2YnNnNng0VmFXOTFzdEN6SDBDc3NLbTM3V1RyalJXand0cTNseWc?oc=5,Unknown,2026-09-09 22:22:10.208152+00:00,2026-09-09T22:22:10.208152,General,0.1364,Positive,"strengthens, kenya, commitment, industrial, centre",,,170.0,,2026-09-09,22,Wednesday,170.0,5,44.728,2026-09-09 22:30:30.312391+00:00
,Google News: Kenya economy,"If Ruto Kills Small Businesses, Who Will Be Left To Tax? - The Kenya Times","If Ruto Kills Small Businesses, Who Will Be Left To Tax?&nbsp;&nbsp;The Kenya Times",,https://news.google.com/rss/articles/CBMif0FVX3lxTE5tN1pncEFIa0tGRHpxem5xcEJ1U0xkU1JuMWxoLU9yU0E5ZFV4dXZMYjdVcGhPc01WN2hwNWRKdkd0d0pMU3FCLU1iU1VjMkpsYnFZTm5rdU5DY0lEaWlBSU9NR3N3dGtNMnExM3NqSlVnRGhnNzl6QkFaLUp3U3M?oc=5,Unknown,2026-09-09 22:22:10.208451+00:00,2026-09-09T22:22:10.208451,Business,-0.125,Negative,"kills, businesses, kenya, times",,,158.0,,2026-09-09,22,Wednesday,158.0,4,38.3,2026-09-09 22:30:30.312391+00:00
,Google News: Kenya economy,"Kenya calls for unified African airspace to drive trade, economic growth - KBC Digital","Kenya calls for unified African airspace to drive trade, economic growth&nbsp;&nbsp;KBC Digital",,https://news.google.com/rss/articles/CBMimgFBVV95cUxNbWJBQU9mUzlSYTVSMEg2eE9QZUNyRFBHU1l0UUF1eW1zdXJIdUl4ems4cy1Ka2w0cFJ3YXBmTVVhSnQ2ZlhlbVU5X3dqbDdIMkt6dExWazMtOVZjdXZyRUs2LWZ6VkNNeHM0Y0JDMWNBcGU5RU8tdFdtbzlQV013S2c5RDNCdWVoYXpLeWpEOEtaUW9CNnJNMHdR?oc=5,Unknown,2026-09-09 22:22:10.208724+00:00,2026-09-09T22:22:10.208724,General,0.0667,Positive,"kenya, calls, unified, african, airspace, drive, trade, economic",,,182.0,,2026-09-09,22,Wednesday,182.0,8,59.534000000000006,2026-09-09 22:30:30.312391+00:00
,Google News: Kenya economy,Crackdown on foreign traders puts Kenya’s economic nationalism into sharp focus - NTV Kenya,Crackdown on foreign traders puts Kenya’s economic nationalism into sharp focus&nbsp;&nbsp;NTV Kenya,,https://news.google.com/rss/articles/CBMiqwFBVV95cUxNS3NLNVNBZUdKWk90QWtFSkpPbEZtbFgzdVBIZnVuUXFBWTNkM2VSaTdScm1KLTcyWkJjbUNISGJzWVNFcTJkbWFjV2VhUEhPUGg1Tm55MVV3NFdqQmU1SkZtd2xMcmFRMkt1b0FTWThFZjR3WkFZcnZnalk1NElacGc1d0VVRVhCR3cySWZjODlGbDRHQ2VtX0pNazhXWFJMbU94cjFRaHlyckE?oc=5,Unknown,2026-09-09 22:22:10.210853+00:00,2026-09-09T22:22:10.210853,General,-0.0167,Neutral,"kenya, crackdown, foreign, traders, economic, nationalism, sharp, focus",,,192.0,,2026-09-09,22,Wednesday,192.0,8,59.534000000000006,2026-09-09 22:30:30.312391+00:00
,Google News: Kenya economy,Beyond Sponsorship: Nation Media Foundation bets on Kenya’s creative economy with Marketing X Live - nation.africa,Beyond Sponsorship: Nation Media Foundation bets on Kenya’s creative economy with Marketing X Live&nbsp;&nbsp;nation.africa,,https://news.google.com/rss/articles/CBMi8gFBVV95cUxNMDJMVjZsZW9SdUl0WDJMXzU0eXpQcVZlRXhMd0EtdV9CMDNSbW9pS0VnYVIyMzBvX29JcFhzWmV5R2s4UUY4WGlCR25PTWwwS3ZqSE5LbWZLdml6a196UTNCeVZucHE0Rmw5c1VscERZT1loZHZHakVwbXdpVlNZM0ZLdl9NTnB4SFM1ZFQ2OG01NEctY1M2V25OWWdsdzJRb2FyUUNGcE1LVDR2a3lINkJSVmlJNV9kZzIyczJ4RWQ5TzVTajUwNmdyRFljV0FmUXVUQUExWmplNXZUc2FKVHJaZXJqNUdnZ3RZRkU1TzBKZw?oc=5,Unknown,2026-09-09 22:22:10.211503+00:00,2026-09-09T22:22:10.211503,Business,0.3788,Positive,"nation, beyond, sponsorship, media, foundation, kenya, creative, economy",nation media,,238.0,,2026-09-09,22,Wednesday,238.0,8,71.376,2026-09-09 22:30:30.312391+00:00
,Google News: Kenya economy,"Kenya's economic recovery needs continuity, not reckless political experimentation - standardmedia.co.ke","Kenya's economic recovery needs continuity, not reckless political experimentation&nbsp;&nbsp;standardmedia.co.ke",,https://news.google.com/rss/articles/CBMi4AFBVV95cUxNZDFHTEJjSVFBRnBjZmxIQ0FXV3dQcmFaTHlWNHItREExb19HT2h4VUtkemxvYzVTcGU1dFpwZUd2YnpRc1RoNXo1by1DU0gyODZUUDE3b29UTWdqUG5Xal9kTTFOZUl1UnNiTHdNVjg2VXRKQnQwWGRralRKV2pLdHRsSGlFcm9KNFJLZkliMG5DWHl6dTBwdzliS0N1aDRxdnRSc3pibW94bmpETHdiam05OEJ6WGVsX01jSV92MlNublJQcWx1Zzh6enRzTGRMRFJMUFZ0ZnMzcUd4T2hpRg?oc=5,Unknown,2026-09-09 22:22:10.212157+00:00,2026-09-09T22:22:10.212157,General,0.1,Positive,"kenya, economic, recovery, needs, continuity, reckless, political, experimentation",,,218.0,,2026-09-09,22,Wednesday,218.0,8,63.8,2026-09-09 22:30:30.312391+00:00
,Google News: Kenya economy,Gov't defends EAC free movement as debate over foreign traders intensifies - Citizen Digital,Gov't defends EAC free movement as debate over foreign traders intensifies&nbsp;&nbsp;Citizen Digital,,https://news.google.com/rss/articles/CBMiswFBVV95cUxOeS1aV3Z3bUhzMzVfRktBOFF4Sk43QTduZnlvTGVRWXA2SVhYamF6Q1E3TFI3Nmp5QTJRQmtoR2Y4Vlp2LVRUWG9vOEkwNWxZTU11Y3JFUG93SGllcklaWjVpckdBd0Zyb1FoSU5TS0NIZFd3TE5lTFBYMk4tM2NxWWNhODJwU2FxT3FvMklFcFJYT0ZmTThvcFBCZG01akhBNDNhNXNZMkY1bEx4YTlHWGpoOA?oc=5,Unknown,2026-09-09 22:22:10.212467+00:00,2026-09-09T22:22:10.212467,General,0.0917,Positive,"defends, movement, debate, foreign, traders, intensifies, citizen, digital",,,194.0,,2026-09-09,22,Wednesday,194.0,8,61.23400000000001,2026-09-09 22:30:30.312391+00:00
,Google News: Kenya economy,"Julius Malema challenges Kenya’s foreign trader policy, questions jobs argument - The Kenyan Diaspora Media","Julius Malema challenges Kenya’s foreign trader policy, questions jobs argument&nbsp;&nbsp;The Kenyan Diaspora Media",,https://news.google.com/rss/articles/CBMiyAFBVV95cUxNcnlvRTFHZGFiWi0xbXpIRUVZYkx4b3Jod0JJMEpOVGpZb1ZzclRTUEp2Z0tQZUd0T3hsZ2pBZDdYWWpBYU1EMEl1WkNGNmI4YXU0R1BlMWc0eDRPeUxHODU0QnJUSnVRd1lwVVlhbUF0TW9hZkJSUXNKb1dKNFdXN3ZEd0oyY0xKWF9kYnM5TzFSV25SUmhBNzZSMktyeDdlZTZLdTE0RVIzNW9kQWV5TU4xLXdZNEZXaVFZSjNoTlVUcmg3bTNkbg?oc=5,Unknown,2026-09-09 22:22:10.213777+00:00,2026-09-09T22:22:10.213777,Politics,-0.125,Negative,"julius, malema, challenges, kenya, foreign, trader, policy, questions",,,224.0,,2026-09-09,22,Wednesday,224.0,8,64.9,2026-09-09 22:30:30.312391+00:00
,Google News: Kenya economy,Nairobi Set For Historic Global Cup As Kenya Named Africa’s Esports Hub - The Kenya Times,Nairobi Set For Historic Global Cup As Kenya Named Africa’s Esports Hub&nbsp;&nbsp;The Kenya Times,,https://news.google.com/rss/articles/CBMifEFVX3lxTE1WckYwdVpPdGhIX3N5S3VhYmcwQ2EtZ2ZmdUdsMUJpZXNzX2ZuSnJtT0szTFdfX3l2Y0k4aGxJeTJ3VVlWMGUtQW9LZkVVdFF2SDBxNW41bjhzWmRoSXZELWwtUjJNLVdLNjJ6M2dmOXBsZ1JVZnZQNy05NzM?oc=5,Unknown,2026-09-09 22:22:10.215594+00:00,2026-09-09T22:22:10.215594,General,0.0,Neutral,"kenya, nairobi, historic, global, named, africa, esports, times",,,188.0,,2026-09-09,22,Wednesday,188.0,8,58.8,2026-09-09 22:30:30.312391+00:00
,Google News: Kenya economy,Kenya's economy to grow 4.3% in 2026: World Bank - TRT Afrika,Kenya's economy to grow 4.3% in 2026: World Bank&nbsp;&nbsp;TRT Afrika,,https://news.google.com/rss/articles/CBMiZEFVX3lxTE1FRksyMmdFSEtfRDN0UFRWZW04SS1LTTROampDVF9LNGZSaTRuYVlsMmJuRWNZMHNfY3JuQVROa21hdnYtTDlZazNHQnJzNzA3dkV2TlFGbUxZd21seVkxOGlueE4?oc=5,Unknown,2026-09-09 22:22:10.218803+00:00,2026-09-09T22:22:10.218803,Business,0.0,Neutral,"kenya, economy, afrika",,,132.0,,2026-09-09,22,Wednesday,132.0,3,28.200000000000003,2026-09-09 22:30:30.312391+00:00
,Google News: Kenya economy,"DP World, GulfCap advance 222-hectare Mombasa industrial park with 20,000 jobs expected - Gulf News","DP World, GulfCap advance 222-hectare Mombasa industrial park with 20,000 jobs expected&nbsp;&nbsp;Gulf News",,https://news.google.com/rss/articles/CBMi0AFBVV95cUxNdDBzQUtPN0FXS01iNmNvSDhsOWRfWmhsUXJlU2JpTUwyb0lLVXpWbUZxUGt5c2NydzlzcnhOX3h4WDZRTUpYOFR5WkI1LU5SM0ZfMVY5cmVsUkI3YmNMRFJGQ3JFMV9YRTVCM0JZSDhZX2NBeV9lN2lpNVNHVVJ1U0V6NUZGSGRSRGxrNmI0Zl9qZzY1cmo1Qnh4eVJaMnd2VWdabmRtSUVnbndUZFVYbmpfY2dSWTBtM1dIdWtlajNZTm15Q01QX0w1YThfYThI0gHjAUFVX3lxTE9SaHFxbWJBc2pTU2I5ZEFXU3czbUpmdGVDWVRQYWl5ZWVlNVNvQ0JKUktyQTRDSU9FeXpVdnhreWJ3WmZiZW1Hc2JVTWx2cGpLLXFnRjRMT1pTdGY0LXpZazVhSE9MY2VJRFcyS0Y5YXNvdkc0eks4OXg2VElyeEFzb0V1c3RxS2YzcUp5SUVWcnphYzhSeVBYVEtSRTdBdXJlR3F5MmVsMENFczcwRFUyS1JJMXVOV0tZMHlEV01YZGd6d3VISkhVX0lGR3hrcWNiNGZqcU05bWhMMFotWDBXZW84?oc=5,Unknown,2026-09-09 22:22:10.219153+00:00,2026-09-09T22:22:10.219153,General,-0.1,Negative,"gulfcap, advance, hectare, mombasa, industrial, expected",,,208.0,,2026-09-09,22,Wednesday,208.0,6,52.8,2026-09-09 22:30:30.312391+00:00
,Google News: Kenya economy,Ruto: Grammys ambition geared at setting up Nairobi as Africa’s creative hub - KBC Digital,Ruto: Grammys ambition geared at setting up Nairobi as Africa’s creative hub&nbsp;&nbsp;KBC Digital,,https://news.google.com/rss/articles/CBMingFBVV95cUxQNmZ3ajBGUkZuZklNRWtiY2VWWDJSNUM0NFhMaFlkZ3JUVnBySzZ1dUJqanJzQXR5TDRUamVyRVdjSzBKazkyN1JidHlFVER1X1RIM2FEM0dQQ29oZ2dRMUdEcEdaRTBGTTZ5N0JqYXFxZkt1SEIzdUtPajMxbE5Id1Rmdk9yTTFzZVhRc1V2YkQtQklGRlJKUzNxRGlXZw?oc=5,Unknown,2026-09-09 22:22:10.219777+00:00,2026-09-09T22:22:10.219777,General,0.25,Positive,"grammys, ambition, geared, setting, nairobi, africa, creative, digital",,,190.0,,2026-09-09,22,Wednesday,190.0,8,64.0,2026-09-09 22:30:30.312391+00:00
,Google News: Kenya economy,Kenya: World Bank Warns Conflict-Driven Economic Pressures Could Push Millions of Kenyans into Poverty - horseedmedia.net,Kenya: World Bank Warns Conflict-Driven Economic Pressures Could Push Millions of Kenyans into Poverty&nbsp;&nbsp;horseedmedia.net,,https://news.google.com/rss/articles/CBMizwFBVV95cUxNV2dScU1xVEhjNHUyYW9EbFpKNEF5ZHh1SE5IT0dMUWpFYS16THZGYXVzZ0ZsYWpQQ3NGMU9YUkVpb2RjWUlZWE9hU01tSklUWVpLMjl2a0N5aUZsQ0NrcmtnYXRYRkpabEVpbkVhTXdKRElqelM2em1pWWhFeFVTR1JQRDFvUnJMcmlSSzR3QXN4Qlh3STRMenF0RVgxMGQxdUJULTdfMEp4OHBxYkRubzdVZEtJc08yNkMzRDlpWXAwN2J2U18zQ0hBZjkzZE0?oc=5,Unknown,2026-09-09 22:22:10.232747+00:00,2026-09-09T22:22:10.232747,Security & Conflict,0.2,Positive,"kenya, warns, conflict, driven, economic, pressures, millions, kenyans",,,252.0,,2026-09-09,22,Wednesday,252.0,8,69.2,2026-09-09 22:30:30.312391+00:00
,Google News: Nigeria economy,Explainer: Multi-National’s Exit Signals Deeper Crisis For Nigeria’s Economy #trusttvnews #explainer - instagram.com,Explainer: Multi-National’s Exit Signals Deeper Crisis For Nigeria’s Economy #trusttvnews #explainer&nbsp;&nbsp;instagram.com,,https://news.google.com/rss/articles/CBMiVkFVX3lxTFAxb2NvVkh3QWVHdU4wdnBUQk1ac3VwVXhOTnpzZkFDdXpGQVkwbE5FYjFpOVM0NzRfZk1mQW1SVXgxQjUzZzAtMnJIVnU1WkRubHQ3X09B?oc=5,Unknown,2026-09-09 22:22:11.038190+00:00,2026-09-09T22:22:11.038190,Business,0.0,Neutral,"explainer, multi, national, signals, deeper, crisis, nigeria, economy",,,242.0,,2026-09-09,22,Wednesday,242.0,8,64.2,2026-09-09 22:30:30.312391+00:00
,Google News: Nigeria economy,ZAWYA: Nigeria's Tinubu urges banks to boost lending to productive economy - TradingView,ZAWYA: Nigeria's Tinubu urges banks to boost lending to productive economy&nbsp;&nbsp;TradingView,,https://news.google.com/rss/articles/CBMi4wFBVV95cUxNYm5NeFJqNU5tMllKa1ExRmM2dU9sRXhWanVSa1hHYTdBNUROV3p6dW1Bc05zVjI2aUtvcFJIRW1UN3RsdUpsdjNuZ0xwQ3phNFlqcy1GZVRpRWJMcmlTdlpDV25oTWw4ekpsbmJCX05fZ19tZ1dPQ214TzlrQzNXRkpjZjgxQjRGNGlaazduNFlFN1RQek5LaERBcUdmQXAwb1pvQTFwUlBLcFplblRCY0JOZ0tqR0RmYmhGOW9wWkVkVDc3R2hSd1FIeVBMSFJQazlpUlVsQ1Q1UjVnY01ZSFBCYw?oc=5,Unknown,2026-09-09 22:22:11.038924+00:00,2026-09-09T22:22:11.038924,Business,0.0,Neutral,"zawya, nigeria, tinubu, urges, banks, boost, lending, productive",,,186.0,,2026-09-09,22,Wednesday,186.0,8,58.6,2026-09-09 22:30:30.312391+00:00
,Google News: Nigeria economy,"Will trade, not oil, define Nigeria’s next economic chapter? - Latest news from Azerbaijan","Will trade, not oil, define Nigeria’s next economic chapter?&nbsp;&nbsp;Latest news from Azerbaijan",,https://news.google.com/rss/articles/CBMigwFBVV95cUxQR1NzSkFXVnNYa3ZNTVhkdC1tVTVobl8zS0o0QlRHQW0tUFkzWFRaSzE3NjM3TVBEcEk3aXlLUzU4blpTYlRaZDBQWkFNWnh2UXlrc0xCZVJ3bVdQbC1kb1A2bDE1eWJkNjVnSnNVVl9raGF6VEZQZUtJZzl2Rk4wVFhNSQ?oc=5,Unknown,2026-09-09 22:22:11.039603+00:00,2026-09-09T22:22:11.039603,General,0.18,Positive,"trade, define, nigeria, economic, chapter, latest, azerbaijan",,,190.0,,2026-09-09,22,Wednesday,190.0,7,57.6,2026-09-09 22:30:30.312391+00:00
,Google News: Nigeria economy,Nigeria Economy Grows at Fastest Pace in Five Years on Oil Boom - Bloomberg,Nigeria Economy Grows at Fastest Pace in Five Years on Oil Boom&nbsp;&nbsp;Bloomberg,,https://news.google.com/rss/articles/CBMitAFBVV95cUxNLUNOUGU5c2FCemI4bE5VMUVuaTAwa0ZIY283QlVhTDU1cS15bWxzaTQ1b2hac2QzbXF1cUV4UmNWTmNzdjRBcG1mb1dkNkM2MEg0NE9USFJmVEY3eDRhQVkxcjVFM0J6bms2akhWZE9XRGpLYzdwa3hMSUZuUGNXaUdPM3p3UVphY0pEM0RldGw4bG9nTV8wei1ubEtRSUxfNzBKTkRUTkhyakk5dXl5cjhIS3U?oc=5,Unknown,2026-09-09 22:22:11.039926+00:00,2026-09-09T22:22:11.039926,Business,0.0,Neutral,"nigeria, economy, grows, fastest, bloomberg",,,160.0,,2026-09-09,22,Wednesday,160.0,5,41.0,2026-09-09 22:30:30.312391+00:00
,Google News: Nigeria economy,"NESG, NITDA, others seek coordinated digital reforms to boost Nigeria’s economy - Tribune Online","NESG, NITDA, others seek coordinated digital reforms to boost Nigeria’s economy&nbsp;&nbsp;Tribune Online",,https://news.google.com/rss/articles/CBMiqAFBVV95cUxNVTB2VGJyTVUyRnZpSXpUcHMzYW5hQmNoTzJ2TENnNFpOSXBxLXRKVmEtRnlqS2RMQVR3NjFMajFnTWxTS002Wk5Nd3JrSWV1N3ZlMjF5bzdhQ1ZDRFo4Vm9kMHlfUHNsSnpKWE11T0ZSNFJ6b2NKVFFEM3U0a1djM0lTbWllZHFkSE5EcGJhZS1SdUZLU2lRdUtjLTFuZVAxcHZ4RmhsQUTSAa4BQVVfeXFMTmwwekE1S0FjejJkdFdEaHNrckZteGE5bWVLd1BCS2hERzZETkJuR0ZVWWwyUU5LTG9vUmRTNWhBcnlnaXdaX19YdEp5amk0SHctZjJRZHZWRHpfNU52UDcyMzE0X0tSU08zZl9mMFIxWUlLT1g1R210QVJvTEhVWm5XX002LUFjbmRzTTJmYklkQm5oa2gxSjJ0aUx0YjY0U1BVcExaU3k5Y21IZUVB?oc=5,Unknown,2026-09-09 22:22:11.040268+00:00,2026-09-09T22:22:11.040268,Business,0.0,Neutral,"nitda, others, coordinated, digital, reforms, boost, nigeria, economy",,,202.0,,2026-09-09,22,Wednesday,202.0,8,60.2,2026-09-09 22:30:30.312391+00:00
,Google News: Nigeria economy,"Kara Bridge Repairs: Why It Matters For Nigeria's Economy, Alternative Routes - - TVC News","Kara Bridge Repairs: Why It Matters For Nigeria's Economy, Alternative Routes -&nbsp;&nbsp;TVC News",,https://news.google.com/rss/articles/CBMinwFBVV95cUxNWEhKODRHVk5jX3ZtazQ1eUliOWtsVWt2ZkxuSXdROVhycmVwTjNOM1dTYTd1MWNLMi05SkFqd1QxUzVSanhTVnZjU0tsaU5CaEU3dTVlbWVWV1o4X3c3ZWhydDJfb0NocTlYMTRJVVZ1Tk1ibW8wcnBfazhUNHVkMmdkeXNJd0hWVjNTUUR1alpzbFN4blJUQ1dkZGpwNUk?oc=5,Unknown,2026-09-09 22:22:11.040587+00:00,2026-09-09T22:22:11.040587,Business,0.0,Neutral,"bridge, repairs, matters, nigeria, economy, alternative, routes",,,190.0,,2026-09-09,22,Wednesday,190.0,7,54.0,2026-09-09 22:30:30.312391+00:00
,Google News: Nigeria economy,"FG, Austria to use Vienna-listed bond to fund foreign firms investing in Nigeria - TheCable","FG, Austria to use Vienna-listed bond to fund foreign firms investing in Nigeria&nbsp;&nbsp;TheCable",,https://news.google.com/rss/articles/CBMipwFBVV95cUxQN2tkLVJBWFlJWGx3OEM0bTdnRDljRE45WkQ4OWlfaExRSm1YNWhKRGRNbkQzc2dJdHAycXVoTXozUHVNRW1oU1FUSFZJd1NQNWZub2FYOWIydzJJdmQ1UkJHZ1JDOE1nbDUteXRHWE5iTEtqcDloR2RqbUY4OEtKbmlrbjlVaVZZWnY1a1k2YVVMT3l2N1ZHVFVWMl9oUDN6MG1wUlNPUQ?oc=5,Unknown,2026-09-09 22:22:11.041272+00:00,2026-09-09T22:22:11.041272,General,-0.125,Negative,"austria, vienna, listed, foreign, firms, investing, nigeria, thecable",,,192.0,,2026-09-09,22,Wednesday,192.0,8,61.7,2026-09-09 22:30:30.312391+00:00
,Google News: Nigeria economy,"Economic Growth Must Improve Nigerians’ Living Standards, CIBN Says - nigeriahousingmarket.com","Economic Growth Must Improve Nigerians’ Living Standards, CIBN Says&nbsp;&nbsp;nigeriahousingmarket.com",,https://news.google.com/rss/articles/CBMijgFBVV95cUxPU05mYzg5UTB1UEp3NGRBUHNnVmZuMG5BQ0RaSzlaaVNQMDJ6WWhBcDdwM01PSXIwVll3ZTZnbEFXbmpTbVJwd3QyZTM4dy1uUjlKdmpTeTQ1X2dCM2hoVF9HcGJDT3kzdHJNSV9EcTd6dUxFelFfT2RnNTJpSDYyNGRZLVUzNGQ4YkVPZEF3?oc=5,Unknown,2026-09-09 22:22:11.041588+00:00,2026-09-09T22:22:11.041588,Business,0.2,Positive,"economic, growth, improve, nigerians, living, standards, nigeriahousingmarket",,,198.0,,2026-09-09,22,Wednesday,198.0,7,58.8,2026-09-09 22:30:30.312391+00:00
,Google News: Nigeria economy,Nigeria risks remaining digital consumer – NESG - The Guardian Nigeria News,Nigeria risks remaining digital consumer – NESG&nbsp;&nbsp;The Guardian Nigeria News,,https://news.google.com/rss/articles/CBMie0FVX3lxTE9ha0Y0S0VFSy1BOW5BY0hHY0dkYTRrbFN0bzdYXzVtc2lMNkVWTHM5ZVB2clpaeTZ5aGc1a3NWS3JDZHUxUVlrR0Fhb3U4UDBCQXAzYXNtcUI5RUl6Z19VeFNhT3VlQVllVGJVZkxjOEhrNWdvTHc3enMtbw?oc=5,Unknown,2026-09-09 22:22:11.041914+00:00,2026-09-09T22:22:11.041914,General,0.0,Neutral,"nigeria, risks, remaining, digital, consumer, guardian",,,160.0,,2026-09-09,22,Wednesday,160.0,6,46.0,2026-09-09 22:30:30.312391+00:00
,Google News: Nigeria economy,Nigeria’s economy grew 4.43% in Q2 2026 — Premium Times Nigeria - ua.news,Nigeria’s economy grew 4.43% in Q2 2026 — Premium Times Nigeria&nbsp;&nbsp;ua.news,,https://news.google.com/rss/articles/CBMirgFBVV95cUxPYURpTHdjMk83bXg0ZjhIVXpwdFZPOTdpZ0ZFT1JoR3BtRnYtNlM4bWFlTDlGcnczRHR1RUt2RFJsNnlraHBuTlRwOXNwck1zdVlhRkNCRjd0UUdVN1RjTGEtN25nSVhqTjFGb0k2QlVVRS1mT0VQZmREaDlaRTlRbzl6bHAtbEg4OVhPX0dWdG9QRjVnNGFpemF5cEZ0dFJUUnNZNmNZX1VTT25XT2c?oc=5,Unknown,2026-09-09 22:22:11.042313+00:00,2026-09-09T22:22:11.042313,Business,0.0,Neutral,"nigeria, economy, premium, times",,,156.0,,2026-09-09,22,Wednesday,156.0,4,35.6,2026-09-09 22:30:30.312391+00:00
,Google News: Nigeria economy,Minister Urges Austrian Investors to Explore Nigeria - Voice of Nigeria,Minister Urges Austrian Investors to Explore Nigeria&nbsp;&nbsp;Voice of Nigeria,,https://news.google.com/rss/articles/CBMifEFVX3lxTFBhc2dFUlBKZ0dTOU40WnBjX19kSEh2bkM5ZEtZeDRCbHFvQ2VsU29Lc3JwWE0tSGFfdFBzbmNDdFhOVXBwWndybzF0YXVlSDRQNm5PZWI4TDNBVTVUTHc0YUpBNll6WVJIMWhHeEV2b0xQeUJZcURNWS1ST0o?oc=5,Unknown,2026-09-09 22:22:11.043198+00:00,2026-09-09T22:22:11.043198,Politics,0.0,Neutral,"nigeria, minister, urges, austrian, investors, explore, voice",,,152.0,,2026-09-09,22,Wednesday,152.0,7,50.2,2026-09-09 22:30:30.312391+00:00
,Google News: Nigeria economy,CBN Assures Nigerians as Economic Stability Gains Momentum - nigeriahousingmarket.com,CBN Assures Nigerians as Economic Stability Gains Momentum&nbsp;&nbsp;nigeriahousingmarket.com,,https://news.google.com/rss/articles/CBMimAFBVV95cUxQRElwV1BGaV9lUGc1WjJMN1RFYUZwT182RkF3ME5mRHBsQllIVXlMaUZFS252RlNwbHpPSkxvOU5sNHdjZDItMmU2MFVvTjlJTE9lMnpPYXBlOXFYREZYZnBjVG55ZE9XVzF4c3BQQmV4eThuSHpLRERlaTlaR1lkVldDQTA3S2VhUHB4M1V3SkFBWkhhbHp5Qw?oc=5,Unknown,2026-09-09 22:22:11.044173+00:00,2026-09-09T22:22:11.044173,Business,0.2,Positive,"assures, nigerians, economic, stability, gains, momentum, nigeriahousingmarket",,,180.0,,2026-09-09,22,Wednesday,180.0,7,57.0,2026-09-09 22:30:30.312391+00:00
,Google News: Nigeria economy,Tinubu Took The Bullet to Save Nigeria From Economic Collapse – Alake - Independent Newspaper Nigeria,Tinubu Took The Bullet to Save Nigeria From Economic Collapse – Alake&nbsp;&nbsp;Independent Newspaper Nigeria,,https://news.google.com/rss/articles/CBMilgFBVV95cUxNLTNIaUJlN2p4aUNHS21CaWFSWUcxNnVmZmhrZGRobmJpdlhtS1IzQVhRb3VzR1U3d2hjYk5RMHJKeDVtSWRDYTVtYXJxOWljNFFIN1RiTGFtU0ZuT0RPU29VRThadjl6ZTN1NmR0aHhUWUVrZklnOUFqdVJkSDFoVUtXZ3NTQVBxQ0M5a0FVMEIwVHJtRGc?oc=5,Unknown,2026-09-09 22:22:11.045203+00:00,2026-09-09T22:22:11.045203,General,0.1333,Positive,"nigeria, tinubu, bullet, economic, collapse, alake, independent, newspaper",,,212.0,,2026-09-09,22,Wednesday,212.0,8,63.866,2026-09-09 22:30:30.312391+00:00
,Google News: Nigeria economy,Minister Reaffirms Nigerian Government’s Support for Creative Economy - Voice of Nigeria,Minister Reaffirms Nigerian Government’s Support for Creative Economy&nbsp;&nbsp;Voice of Nigeria,,https://news.google.com/rss/articles/CBMikgFBVV95cUxNUi1SUVRoakxRc2dtRnVBSWlxenFTazdFLWY0X2JpanVnbVh4MENsM2FCZHlNaFJLTEppWU04WVFfdXhFVURROEdRNDhMbVIweTJpdll0bU4wOUVQZU9aNHVscW8tcHhLUi1kN1hQdzRDbHg4ZFl3emJFV2xib1c0bjlHdnVSdXIyUmRVdVBJS2RyQQ?oc=5,Unknown,2026-09-09 22:22:11.045539+00:00,2026-09-09T22:22:11.045539,Politics,0.5,Positive,"minister, reaffirms, nigerian, government, support, creative, economy, voice",,,186.0,,2026-09-09,22,Wednesday,186.0,8,68.6,2026-09-09 22:30:30.312391+00:00
,Google News: Nigeria economy,Economic gains must show in Nigerians’ lives — CIBN - Vanguard News,Economic gains must show in Nigerians’ lives — CIBN&nbsp;&nbsp;Vanguard News,,https://news.google.com/rss/articles/CBMijgFBVV95cUxPVVQ0TEhrSE95TERvRktOaG9yWTV1QU5fYXE0TW9lQmQtY0xEQ3FSYnp4RE1DQ0F0Z3p1SF8zeUw2QVVTdWtqUHpXS0UwZ3hnLWtGVjZKS1FURG1RMld5VUlpQ3FjTGdtbHhURlpQeHc2SVlwQkxvOEwtMXBwS21Hem5vczlOZ0g2SjFyb2hR0gGTAUFVX3lxTFB2Z1JCOTBfNERQdUlyZ0dBcV9La3NZWWVCUnoweDdObl9DUzd1eVdoTWVhYmpaS3UweGZkWkpMZ0s4a1FMaVFpcFNOenppbzM1OVFxVWhZWTNjV3NMeWNZbUxhbVpPNVRiSVZaREVhSTU4Y2NuYjA0SDM2cnY5ZDNCZGRBU09PM0NSMWVKcU52akl5VQ?oc=5,Unknown,2026-09-09 22:22:11.047152+00:00,2026-09-09T22:22:11.047152,General,0.2,Positive,"economic, gains, nigerians, lives, vanguard",,,144.0,,2026-09-09,22,Wednesday,144.0,5,43.4,2026-09-09 22:30:30.312391+00:00
,Google News: Nigeria economy,Idris backs NIPSS plan to unlock Nigeria’s orange economy potential - The Nation Newspaper,Idris backs NIPSS plan to unlock Nigeria’s orange economy potential&nbsp;&nbsp;The Nation Newspaper,,https://news.google.com/rss/articles/CBMingFBVV95cUxQNlotSXB3eWpSanBtX0IyUndhV3ZfWE1TSG9yZmVVN3JIN1lOM0c1TDhxNHdldlo5TWtDVTFrTXlaWUR2SkpUTUQyaU9JMXZUa09OdWhacW1CaDVuVEdDM19WUEVqMUxPQmZ4U1JSZ2FkRDRVQldraGowMHRkbDdadm8yVFR1aDdWLTY1T25KcmU0RUlPeVl1eTNGblBZZ9IBowFBVV95cUxNeDl4QjdIVkM4Wkg2OHU4NjhlSVlBU0tYT3JEZjdRNEZyMThwSkNsandpX3Z3U1Y3TDFVYnpzNXZ6WDhwMDdCN0RGNDlYZVZXM2thTnJ6aFY4b1lKbDhZWlEzdGl5LXpSN2VpcUt5NTVEVEJVWWZFZmxxbE9LRzdOMHl3a1RTdF94QjUzUlRHTEVvMjBUN2N2YzJCc3VlOVJHcTQ4?oc=5,Unknown,2026-09-09 22:22:11.048227+00:00,2026-09-09T22:22:11.048227,Business,0.0,Neutral,"idris, backs, nipss, unlock, nigeria, orange, economy, potential",,,190.0,,2026-09-09,22,Wednesday,190.0,8,59.0,2026-09-09 22:30:30.312391+00:00
,Google News: Nigeria economy,Sage Grey backs value-chain financing to scale Nigeria’s circular economy - Business News Nigeria,Sage Grey backs value-chain financing to scale Nigeria’s circular economy&nbsp;&nbsp;Business News Nigeria,,https://news.google.com/rss/articles/CBMitAFBVV95cUxOUUY1Snotclk5eW5oZ3lHRGZiUWswbjJIYTFkZDV2SWVWaDBzaEpTc3VFenJQM20yTmdkRWNjbXFsSFpwRHotMF9HNUhTUlM1enNEWHBBczlyRVNpTHFCS2MxVmcydlVBZmE5N2stUGozRHFxM3BUYmhiODk0QkNWRzgyMW1KQ1pIUE13Q2NJY1NNWFk0NFVLQS1OQ1RCc3U5T1JXMGlFOTg3eU42TnhZN0pXdFQ?oc=5,Unknown,2026-09-09 22:22:11.048884+00:00,2026-09-09T22:22:11.048884,Business,-0.05,Neutral,"nigeria, backs, value, chain, financing, scale, circular, economy",,,204.0,,2026-09-09,22,Wednesday,204.0,8,61.400000000000006,2026-09-09 22:30:30.312391+00:00
,Google News: Nigeria economy,NCGC unlocks N46.95bn as credit mobilized into real economy of Nigeria in one year - Business News Nigeria,NCGC unlocks N46.95bn as credit mobilized into real economy of Nigeria in one year&nbsp;&nbsp;Business News Nigeria,,https://news.google.com/rss/articles/CBMiywFBVV95cUxNeU90R09aZ1l2NFJBZHVIc3Q3cVJtcG9yWjV3NDBjVkxFTm5rR3RQMmVWa0JvYXI1c1d4eWZYSDRLeVJUVklnNmt6ZjZORVdrVms2THVIMDBsVWpzMnZpUmFqeXVlRUVTNmF3QXh3SmFOVndMM2hKTnpqWTRtd3NJMlpVQkw4YkoxSndtekEydFlUd0pseGhrc3B0WUZEdVRISWFQQXlZUWZUeTZsOWZHVVZSMW9PNThOSXR5bkJiTWw0V19lSm1MY2hBSQ?oc=5,Unknown,2026-09-09 22:22:11.049204+00:00,2026-09-09T22:22:11.049204,Business,0.2,Positive,"nigeria, unlocks, credit, mobilized, economy, business",,,222.0,,2026-09-09,22,Wednesday,222.0,6,56.2,2026-09-09 22:30:30.312391+00:00
,Google News: Nigeria economy,FG Backs NIPSS Plan To Unlock Nigeria’s Orange Economy For Job Creation - LEADERSHIP Newspapers,FG Backs NIPSS Plan To Unlock Nigeria’s Orange Economy For Job Creation&nbsp;&nbsp;LEADERSHIP Newspapers,,https://news.google.com/rss/articles/CBMimAFBVV95cUxQSHRLRmt3djJoc3F5XzBtU0REOS1VRFhFOXJDRVVrOFhmcXNPSFRxbXlhRE9uOElhWU9TMjV5X3hfaEoxUG1wdXluZEx5QWtJd2tldDh6Qjg1ekN4MkU0cGRVdVd2WHlWQURZR1g1UHotRjczYjNGbFU4REtFRlVJQW5TUmtDbF9hQjVEN2U3a002Y1RkZ3hzRg?oc=5,Unknown,2026-09-09 22:22:11.050174+00:00,2026-09-09T22:22:11.050174,Business,0.0,Neutral,"backs, nipss, unlock, nigeria, orange, economy, creation, leadership",,,200.0,,2026-09-09,22,Wednesday,200.0,8,60.0,2026-09-09 22:30:30.312391+00:00
,Google News: Nigeria economy,FG backs NIPSS drive to grow Nigeria’s orange economy – FRCN HQ - FRCN HQ,FG backs NIPSS drive to grow Nigeria’s orange economy – FRCN HQ&nbsp;&nbsp;FRCN HQ,,https://news.google.com/rss/articles/CBMilwFBVV95cUxQQ3FaeVdRZHhEUHcwMXlmR3I2bXhvWEJ0ZWxFWmxxWDJUbjAyY3B0WFl4bHE3eEJkbHQ2Z21FVTVzUnJWMTVac1ZxZUlZQTg5TEU4LVRGVk5UZG9RNXdIYjhDT2VkdjFEMXRrT1U5aVJCb09COXEwSlJiUFpGWUFTeHRmVU5OczBCMnNsbmZibXFZRGVDdXBJ?oc=5,Unknown,2026-09-09 22:22:11.050515+00:00,2026-09-09T22:22:11.050515,Business,0.0,Neutral,"backs, nipss, drive, nigeria, orange, economy",,,156.0,,2026-09-09,22,Wednesday,156.0,6,45.6,2026-09-09 22:30:30.312391+00:00
,Google News: Nigeria economy,Credit Bypasses Nigerian SMEs as World Bank Calls for Stronger Lending Support - nigeriahousingmarket.com,Credit Bypasses Nigerian SMEs as World Bank Calls for Stronger Lending Support&nbsp;&nbsp;nigeriahousingmarket.com,,https://news.google.com/rss/articles/CBMijgFBVV95cUxNUHJtTE5iZFhzRmxQa1FvMGtyZE9GUllScWZzUnotc3FQTE4wSjFGaWRHQl9TSDZUNllEQm1zcUxMN2hOZndVMFlsS3JCeUFwRHp4RkZWRmFTbkg1b0pDejNKbjFWVXJQY2VBNEtrUUF5Ri1fdGMyMTV5Nk1rTDFVcC1uQl9fVElBS2ZkVlJ3?oc=5,Unknown,2026-09-09 22:22:11.050781+00:00,2026-09-09T22:22:11.050781,Business,0.0,Neutral,"credit, bypasses, nigerian, calls, stronger, lending, support, nigeriahousingmarket",,,220.0,,2026-09-09,22,Wednesday,220.0,8,62.0,2026-09-09 22:30:30.312391+00:00
,Google News: Nigeria economy,Partnership for Development: Reviewing the Canada-Nigeria Relationship - THISDAYLIVE,Partnership for Development: Reviewing the Canada-Nigeria Relationship&nbsp;&nbsp;THISDAYLIVE,,https://news.google.com/rss/articles/CBMirgFBVV95cUxQWTgwaG90blQ0QW8ta0ZkSTBjWDRDcC1yWGZRakhjZndFYTI1YXRhRVR2T2g1UDViMHljaVVYM3B6clRXdmplbW1IXzdGRUllTGtxeGVQRm03cGcyTDZULUhvUzAzRnFKZENEcUJEem5mNEtUU0FrQ1BGUW1hTl8zajJGbzUwN29Lcl92WC1TMEFPWmRZTV9RbTJ6a0ZQS0RqNUtqLU5kYzZKSnA4YXc?oc=5,Unknown,2026-09-09 22:22:11.052000+00:00,2026-09-09T22:22:11.052000,General,0.0,Neutral,"partnership, development, reviewing, canada, nigeria, relationship, thisdaylive",,,178.0,,2026-09-09,22,Wednesday,178.0,7,52.8,2026-09-09 22:30:30.312391+00:00
,Google News: Nigeria economy,Efficient logistics key to Nigeria’s blue economy growth – IMION DG – FRCN HQ - FRCN HQ,Efficient logistics key to Nigeria’s blue economy growth – IMION DG – FRCN HQ&nbsp;&nbsp;FRCN HQ,,https://news.google.com/rss/articles/CBMipwFBVV95cUxNX3psU2VWZFd4eXFxRlI1Rm9WM2dBeTMtV0VPQnQyaU5ySXRtX1g5bnJGcHZBTUJGdFJqM2FzYVVxNENYbV9JV3RIRTk4WGVpckxDQ1F0Z0RoMTVUTjg0WTB0aTlXZGZTOXg4TUtsQlBDWi1tQzFqd1VGcERqS1lVaHNISmpwV2JVWXktS19PZ1IydHZNWVU2YjBlZzA1ZUh5OVd1bTl5UQ?oc=5,Unknown,2026-09-09 22:22:11.052393+00:00,2026-09-09T22:22:11.052393,Business,0.0,Neutral,"efficient, logistics, nigeria, economy, growth, imion",,,184.0,,2026-09-09,22,Wednesday,184.0,6,48.400000000000006,2026-09-09 22:30:30.312391+00:00
,Google News: Nigeria economy,2026 Int’l Literacy Day: NAS urges FG to tackle Nigeria’s literacy crisis to achieve $1 trillion economy - The Sun Nigeria,2026 Int’l Literacy Day: NAS urges FG to tackle Nigeria’s literacy crisis to achieve $1 trillion economy&nbsp;&nbsp;The Sun Nigeria,,https://news.google.com/rss/articles/CBMiuwFBVV95cUxQRmZXUXFhWWFXUFFiOVA5akNpRDNJSUh3ZlVNejNHSU1vN0xibi1adFBKMl9ZbVV0eXJnSWM3OVM2MUh6RThXYnF2N0RQaDZkTXRnWFZqVGo0aGVVU05WaFJvUnRqQVhQN1V5N3dMakdPbmYyOXRXRU9OX3lOVkVLNU5rUzRFZ2V0VTJReFdWbjJya3JJSlZnVW1sdGNERzVBcVRiUjA3ZDg1Q05CZTZYSHM1bzgwQ2JJbXo4?oc=5,Unknown,2026-09-09 22:22:11.053164+00:00,2026-09-09T22:22:11.053164,Business,0.0,Neutral,"literacy, nigeria, urges, tackle, crisis, achieve, trillion, economy",,,254.0,,2026-09-09,22,Wednesday,254.0,8,65.4,2026-09-09 22:30:30.312391+00:00
,Google News: Nigeria economy,"Nigeria’s Economic Management Team Harmonises Fiscal, Monetary Projections - - TVC News","Nigeria’s Economic Management Team Harmonises Fiscal, Monetary Projections -&nbsp;&nbsp;TVC News",,https://news.google.com/rss/articles/CBMinAFBVV95cUxNbWNLUzl0c01zU09hMHl4VGd3X3JkMmROOGZQTHhEMTB5X0lKZDRzcGc5SGhZVnl0TFBMWUV1OU10dHpTT2NYaHJnc3MzWm02WVIwaWZvUWkwX0l1bFlMNkZkbm9hYkptYzVJRDJHRm5Tc0FpUWxNQTl3a3psSktrVEg0TFBaY2Y3enNSTjlFQ0V0TWZuM1NHcDFTSHc?oc=5,Unknown,2026-09-09 22:22:11.053846+00:00,2026-09-09T22:22:11.053846,General,0.2,Positive,"nigeria, economic, management, harmonises, fiscal, monetary, projections",,,184.0,,2026-09-09,22,Wednesday,184.0,7,57.400000000000006,2026-09-09 22:30:30.312391+00:00
,Google News: Nigeria economy,"Tinubu Charges Banks To Drive Production, Job Creation - Independent Newspaper Nigeria","Tinubu Charges Banks To Drive Production, Job Creation&nbsp;&nbsp;Independent Newspaper Nigeria",,https://news.google.com/rss/articles/CBMigwFBVV95cUxOQWJibkQ3Q01BM2ktNTFLYm5MOWxNLUhrQlNuY1VoWFRKMUV5ZnN5WnZfOUFhMXFNZVZxMUNoNUVyYXdoTk5Wai1hRmVRYnFqaGZ4YnJKUmE1VUtVcUp1YU1UdlFCTUZMelV4bmJyYXRqYWhYal9Gd1pQUldwTVV4SlV6bw?oc=5,Unknown,2026-09-09 22:22:11.055270+00:00,2026-09-09T22:22:11.055270,General,0.0,Neutral,"tinubu, charges, banks, drive, production, creation, independent, newspaper",,,182.0,,2026-09-09,22,Wednesday,182.0,8,58.2,2026-09-09 22:30:30.312391+00:00
,Google News: Nigeria economy,Unlocking Nigeria’s Economic Potential - Independent Newspaper Nigeria,Unlocking Nigeria’s Economic Potential&nbsp;&nbsp;Independent Newspaper Nigeria,,https://news.google.com/rss/articles/CBMicEFVX3lxTE5vaXNYaVl6dVh4eTFQUHRmY180UmI2TG1aNlJvTDRGTm5jdjRKbWl6enk0dUtaWGlQTElwUjJNVmxoXzlrbktDNkxSaWppRDVvZmNkN0JwZ3ZwdXJKRHFiVk5ZdEszU0JiaW16OEZwOVY?oc=5,Unknown,2026-09-09 22:22:11.058574+00:00,2026-09-09T22:22:11.058574,General,0.1,Positive,"nigeria, unlocking, economic, potential, independent, newspaper",,,150.0,,2026-09-09,22,Wednesday,150.0,6,47.0,2026-09-09 22:30:30.312391+00:00
,Google News: Nigeria economy,Nigeria Economy Grows at Fastest Pace in Five Years on Oil Boom - dabafinance.com,Nigeria Economy Grows at Fastest Pace in Five Years on Oil Boom&nbsp;&nbsp;dabafinance.com,,https://news.google.com/rss/articles/CBMijgFBVV95cUxPZU0xUF9QUW1FTWVkSDZHXy1tQmV5bHg0dkN0bjV0TkFFaTZsZVRjaXZJWXJiWDNBbFo1VjlZLUN0U0J0SXIyUkl5T3FUS1FvcjlNQ0VocGM1ekRobkI3X2tqRWFTZVRlMWgxeWNraWZ2UmdoU0ZMdVZjTnpadUpRSEtEVlpuUDRvcGpsN3Zn?oc=5,Unknown,2026-09-09 22:22:11.059155+00:00,2026-09-09T22:22:11.059155,Business,0.0,Neutral,"nigeria, economy, grows, fastest, dabafinance",,,172.0,,2026-09-09,22,Wednesday,172.0,5,42.2,2026-09-09 22:30:30.312391+00:00
,Google News: Nigeria economy,"Nigeria, China harness tourism for economic development - The Guardian Nigeria News","Nigeria, China harness tourism for economic development&nbsp;&nbsp;The Guardian Nigeria News",,https://news.google.com/rss/articles/CBMihwFBVV95cUxQei1STS1yUHFXUHF1VExKTjBRaTZHWmpJQ01aNkVDRllsczRERmpxMENsVThMRGtMX0VQeHZGemx6YjRUUW5lLWRJU2M1bDVsdkNnQjVobzlZWk1SRlRxYUJPdzc4cVJnczYzRUtXVnFhQjlBVjF3amJHeUFqSnNhV3lGLUg3LUU?oc=5,Unknown,2026-09-09 22:22:11.062790+00:00,2026-09-09T22:22:11.062790,General,0.2,Positive,"nigeria, china, harness, tourism, economic, development, guardian",,,176.0,,2026-09-09,22,Wednesday,176.0,7,56.6,2026-09-09 22:30:30.312391+00:00
,Google News: Nigeria economy,Nigeria’s economy expands by 4.43 per cent in Q2 2026 - financialnigeria.com,Nigeria’s economy expands by 4.43 per cent in Q2 2026&nbsp;&nbsp;financialnigeria.com,,https://news.google.com/rss/articles/CBMiowFBVV95cUxNUVZUTWJHcnJuSTdENFcyLTRrbm9FTWtFTHhveE9iRHo2VWlpaG5zMXQ1WnVrSExyaDFRenUtODlWdk13cXhUa3lYNmdDQ3VVZmxtQS1LZHdhMTZMcFo0dGJQX1JrdWU0enZaVlB6VWdKZ3hNSUU2U0hNajFiRy14MmNRTXplZFdYVm56RUl2cG1tZ0lKTUI5TUh0Zm9IMkdCRVhn?oc=5,Unknown,2026-09-09 22:22:11.068258+00:00,2026-09-09T22:22:11.068258,Business,0.0,Neutral,"nigeria, economy, expands, financialnigeria",,,162.0,,2026-09-09,22,Wednesday,162.0,4,36.2,2026-09-09 22:30:30.312391+00:00
,Google News: South Africa economy,South African GDP Snaps Growth Streak as Iran War Takes Toll - Bloomberg,South African GDP Snaps Growth Streak as Iran War Takes Toll&nbsp;&nbsp;Bloomberg,,https://news.google.com/rss/articles/CBMitgFBVV95cUxPOFZ6cFRNM1Q5X0dPNTNUeDU0Q3FkckVHcTExa2VqWUQtcUw0ZFlNaWJkbHZINkFYdUxMc1BYVlFrQ2dKdnBrNTFCdEVESkRNU0o0QUdZNjU3WkxHNDd3RHFoMmRTd3Qzck9EVUFDTlVtVFRBX1Y3Xy1tWWtyZV83THh5aTNSaVRQcjR6anoteFM3WmhaYlVsdUwwbWhueEtVRXZLYmJ3WlFlN1ZfT2NDQS1RTWZVUQ?oc=5,Unknown,2026-09-09 22:22:11.921871+00:00,2026-09-09T22:22:11.921871,Business,0.0,Neutral,"south, african, snaps, growth, streak, takes, bloomberg",,,154.0,,2026-09-09,22,Wednesday,154.0,7,50.4,2026-09-09 22:30:30.312391+00:00
,Google News: South Africa economy,South Africa’s GDP shrank in Q2 2026 - Semafor,South Africa’s GDP shrank in Q2 2026&nbsp;&nbsp;Semafor,,https://news.google.com/rss/articles/CBMipAFBVV95cUxNamdRY1RXak9qbm1LS25jNjVqTDBaUkpVVkU0ejB0WFIzRnRUTmQzTU5wTVVOVVNrVVk0X2FKM29OS256V3JiOHpPZFpiUTJYcmZPNV9zVHM3eUVzX1pUMDVwX1dnQ2UxdEVVanRQNGFmZXVrU3pBZ1U0TWUtV1JYSzNQTHg2Z3BoLVdidHBNR2IzdkVsdXNhX0l0V3pHY09UdHJFYg?oc=5,Unknown,2026-09-09 22:22:11.922195+00:00,2026-09-09T22:22:11.922195,Business,0.0,Neutral,"south, africa, shrank, semafor",,,102.0,,2026-09-09,22,Wednesday,102.0,4,30.200000000000003,2026-09-09 22:30:30.312391+00:00
,Google News: South Africa economy,South Africa’s GDP fell by 0.2% in the second quarter — Daily Maverick - ua.news,South Africa’s GDP fell by 0.2% in the second quarter — Daily Maverick&nbsp;&nbsp;ua.news,,https://news.google.com/rss/articles/CBMijgFBVV95cUxOR1QzdGxYN2NDWTN0b0ZHLVpUMFdMeHdZNlRYREs3X0tTTExsMmdfb2xKclNtN2Q5cHBVM3Z0SXR6V2NWN2lCMnJrckh2SF9OV0dZaVlIWlloSTF0cThpN3RtU3BmSkhPVFpVMGZLNmkwR1J1UEV6VmRLc2VteERiMlRMZnAzRDBWRjFJYkln?oc=5,Unknown,2026-09-09 22:22:11.922943+00:00,2026-09-09T22:22:11.922943,Business,0.0,Neutral,"south, africa, second, quarter, daily, maverick",,,170.0,,2026-09-09,22,Wednesday,170.0,6,47.0,2026-09-09 22:30:30.312391+00:00
,Google News: South Africa economy,South Africa takes a reformed economy and a new trade framework to India ahead of the BRICS Summit - EIN News,South Africa takes a reformed economy and a new trade framework to India ahead of the BRICS Summit&nbsp;&nbsp;EIN News,,https://news.google.com/rss/articles/CBMi1wFBVV95cUxQSGFvNmNCRzdzcUdfa0dueEQ3Nm80dElnWGNyVzRyRFZsY0NPM29CTmZTSjdrZlBFSTVvWnhDMzhzZnpHQlViZmIySC1teU9EaV9EX1dWQmxYeGZtR0xJemVKOHlRU205ZVEydks3TmpLbUNheHA5emVJNFdoeHZWNEgxbjFFZVd6djY1YWYxTGVMRVR3dmZfOTNZeDUwTEpTN2l6MGk0MmxwZ05SQWkzYjJvSFBfRWdRX2VHUmtZZlRSdkh3YlRKNkpDc1VuQ0FRVzdxQjlrWQ?oc=5,Unknown,2026-09-09 22:22:11.923281+00:00,2026-09-09T22:22:11.923281,Business,0.1364,Positive,"south, africa, takes, reformed, economy, trade, framework, india",,,228.0,,2026-09-09,22,Wednesday,228.0,8,65.52799999999999,2026-09-09 22:30:30.312391+00:00
,Google News: South Africa economy,"South Africa Economy Crisis | GDP Contracts 0.2% As Jobs, Investment Take Hit - WION","South Africa Economy Crisis | GDP Contracts 0.2% As Jobs, Investment Take Hit&nbsp;&nbsp;WION",,https://news.google.com/rss/articles/CBMiugFBVV95cUxQQndGQmtvbUd3NmpxejkzR2NCeWdMb2djRm9sTEM4bDdWaUMxZU5PM3NkVFVJcU5ucm84eUk2ZGpJUTdYd21qTjBoQ21JSWlGdXpIdFRDdjYwODk0UXZOVE5yS2I4SjRudGxGQkRONndScVowb2x2dklQUWQ4VHhFZmRrM3hmaU82MTFjUzdocVRqY2NiNmVKM2hYcHNRNFBPUXROelM2MjZyeTYyUmU3ZGpjbVVFSGpiX1E?oc=5,Unknown,2026-09-09 22:22:11.923594+00:00,2026-09-09T22:22:11.923594,Business,0.0,Neutral,"south, africa, economy, crisis, contracts, investment",,,178.0,,2026-09-09,22,Wednesday,178.0,6,47.8,2026-09-09 22:30:30.312391+00:00
,Google News: South Africa economy,"Today in History: September 9, President Reagan sanctions white-ruled government of South Africa - The Mercury News","Today in History: September 9, President Reagan sanctions white-ruled government of South Africa&nbsp;&nbsp;The Mercury News",,https://news.google.com/rss/articles/CBMizwFBVV95cUxNc0I2anRDbE45RjlRTkVfM094emlPS0FRbG1RZmdaU1ZPNzkwMGpNMUswYUllZkc4WG91Y3RYS1pjNFJwSkhaNi1vYjAxRHlYRjR1R3JDWkxMdTlZejB0dzFmOWVIUFNCRlUwTFB3Tjd3ekphS2VzWG94OXo0Tnp4Z09mcF9IeVdCZGVZTjJETXhqQU5zdTlmZF94Z1hscUlieWk0SmdCcGJLM3BWNnZZaVZLbE9sSDhlUzMtMVV3RGRGNUw5NzdLRWdTamE2SmfSAdQBQVVfeXFMTjBOQXMxR2dwVGVNVnNGeUJmTi1pdmwyUHpIWnRRUmlwZU1MY3N0UmJUUXRHcVlaRzlqREQzZ2NrUFVxRlF0WDBWZHFRbXV2X1NPYXVIbVVWR2dpYkdySk5OOGFyRVM5MXZuN0hOTTdjbkhYdWhUQ1h5Y2p1MEI0NlhKTlU5QmtHaDl0VEtvT2VnNTlfX25UU0tEb3NFOEhTVXl0UWhrbUtpTm9DXzJvYVI4X3pTaThHd1ZCTm9lWmxTbEg3UXlza0k1UjZEZVFzX1R2Wl8?oc=5,Unknown,2026-09-09 22:22:11.923928+00:00,2026-09-09T22:22:11.923928,Politics,0.0,Neutral,"today, history, september, president, reagan, sanctions, white, ruled",,,240.0,,2026-09-09,22,Wednesday,240.0,8,64.0,2026-09-09 22:30:30.312391+00:00
,Google News: South Africa economy,South Africa's Second Quarter GDP Contracts 0.2% Q/q - U.S. News - Money,South Africa's Second Quarter GDP Contracts 0.2% Q/q&nbsp;&nbsp;U.S. News - Money,,https://news.google.com/rss/articles/CBMirwFBVV95cUxOdHV1eTNxYmo5LWd6S1ctSnpGNWtrUEdwbnZHSlNvOElzeGotWWVfQVF3UEEyd3V0VmdnT3A1NnV3S1MyT1dTRHAzRGRqa1pEUVZPVE9fMzJVckV3ellWTUNWaUE0NUh3bVlBX3l4VVoxTEIwZjk1YmJIUm9TZXRwaHY5dW9GWWo4dmRfOGFTQ1NYM09aNk9SSVJjUE81THpEOVR6dGs4MEFoa0RfZHBz?oc=5,Unknown,2026-09-09 22:22:11.924277+00:00,2026-09-09T22:22:11.924277,Business,0.0,Neutral,"south, africa, second, quarter, contracts, money",,,154.0,,2026-09-09,22,Wednesday,154.0,6,45.4,2026-09-09 22:30:30.312391+00:00
,Google News: South Africa economy,"South African economy contracts 0.2% in second quarter, ending 6-quarter growth streak - Anadolu Ajansı","South African economy contracts 0.2% in second quarter, ending 6-quarter growth streak&nbsp;&nbsp;Anadolu Ajansı",,https://news.google.com/rss/articles/CBMiuwFBVV95cUxPNXFQYlBUYmQ2SXRvUF9ueU9Za3Y3cGZ1YW43eEowUWdKRW5NSllvY280VTR5akd4NHJKOUdaSEYzZFhpWkhpRHQyLWIxa1lZaDhKdDBhc2lacHNuT2RDQUV1VEtyOENEczhWc1RoSjVLdnJNMnZhNGRmS2dCUmQ2ZW5XenJvaUJuNGdlT1hLc0NKQTBuS2tRY3FXRFVmR3Z2YzhDSm04S2tZZEZqcnprS2hBbVYzQ1pzYUtv?oc=5,Unknown,2026-09-09 22:22:11.924607+00:00,2026-09-09T22:22:11.924607,Business,0.0,Neutral,"quarter, south, african, economy, contracts, second, ending, growth",,,216.0,,2026-09-09,22,Wednesday,216.0,8,61.6,2026-09-09 22:30:30.312391+00:00
,Google News: South Africa economy,South African rand holds steady as traders await domestic news - Reuters,South African rand holds steady as traders await domestic news&nbsp;&nbsp;Reuters,,https://news.google.com/rss/articles/CBMirAFBVV95cUxNZXo1ZG1yVkFVZnF6OVpPYzZRNWJHNlJEZVlTNXJJSExZLUJlUEVLMzl5Mkx5eUpNbW9EV0RuLW41WEktckFwazkyckd3bzM2a3gxcHNGTlZRZUJJYnRBVkg4aGd2NVlUMHlkQUl4M2FaMjctalRqYUctNlgzZFVsVWVoYjJ1YmZrNmpqSndCZXdoRG1xUEd0X2dnTlRydHc1MkI2VHVPcHNBcVRI?oc=5,Unknown,2026-09-09 22:22:11.925528+00:00,2026-09-09T22:22:11.925528,General,0.0556,Positive,"south, african, holds, steady, traders, await, domestic, reuters",,,154.0,,2026-09-09,22,Wednesday,154.0,8,56.512,2026-09-09 22:30:30.312391+00:00
,Google News: South Africa economy,South Africa Set to End Longest Growth Run in Decade on Iran - Bloomberg,South Africa Set to End Longest Growth Run in Decade on Iran&nbsp;&nbsp;Bloomberg,,https://news.google.com/rss/articles/CBMitAFBVV95cUxQNEJEWTNHRGh3WG03STRCekJwOXB3VE82aXE3c2Vza3lIWUFHQ3MteVltcWhvdUx5dzd2dEdQOUtTb2t1eUo0ODlVb1F2RHNfSXNqNDZVNnE1RFYtcVBuM1g5VEo4aGd5RjNZNnA5RHdQYThfYlk3NkdRZ2FXT21vMHRUQ3lOX3ZNSXBwc3pjMHl0aEtHWW1jSUtZTzZLSnVwZHdsMnlVV0hYS0tJaHViRmplTDY?oc=5,Unknown,2026-09-09 22:22:11.925787+00:00,2026-09-09T22:22:11.925787,General,0.0,Neutral,"south, africa, longest, growth, decade, bloomberg",,,154.0,,2026-09-09,22,Wednesday,154.0,6,45.4,2026-09-09 22:30:30.312391+00:00
,Google News: South Africa economy,Kenya’s foreign-trader crackdown exposes an economic fault line - Semafor,Kenya’s foreign-trader crackdown exposes an economic fault line&nbsp;&nbsp;Semafor,,https://news.google.com/rss/articles/CBMiqAFBVV95cUxOaUpraWNsRkJBWDlLZmxJVGhnM25BZlhCbXVTS19tS3U4b1U5TGxfa01UUlh2Vk9nT1VDTDZjY2NqcmdTNDF3cmptNXd3YWRURVJZLWpvMGEtUUlrRlZQSnVXZjVJSGdiZ2hyT3hVLTRKSWs1bDVBbDB4YkUyWUlqdC1BSG5fazBXOXMtMC1PZjZnc0JwVFVCVHFYdWtlem5Sclg3NkN3QUw?oc=5,Unknown,2026-09-09 22:22:11.926452+00:00,2026-09-09T22:22:11.926452,General,0.2,Positive,"kenya, foreign, trader, crackdown, exposes, economic, fault, semafor",,,156.0,,2026-09-09,22,Wednesday,156.0,8,59.6,2026-09-09 22:30:30.312391+00:00
,Google News: South Africa economy,South Africa’s Economy Shrinks As Iran War Hits Demand - Finimize,South Africa’s Economy Shrinks As Iran War Hits Demand&nbsp;&nbsp;Finimize,,https://news.google.com/rss/articles/CBMiigFBVV95cUxNdFA2M0ExQWdUUUotQjlGeHEyOWYxeENmTDRPNWdYQUEyVHkyc1ZtalNObmprYm9XYlpLV2VGNWt4M0V1cGUwWFFSYVpENVlzTU91X1BmYjVSajB4M3hTZGg5bnRFWFdIOVhLLVFOOVJmLVA3aUFsR0ZnSzFzRkVwRUhHTjJmOWRfUkE?oc=5,Unknown,2026-09-09 22:22:11.927334+00:00,2026-09-09T22:22:11.927334,Business,0.0,Neutral,"south, africa, economy, shrinks, demand, finimize",,,140.0,,2026-09-09,22,Wednesday,140.0,6,44.0,2026-09-09 22:30:30.312391+00:00
,Google News: South Africa economy,"South Africa’s economy contracts as manufacturing, mining and trade take a hit - George Herald","South Africa’s economy contracts as manufacturing, mining and trade take a hit&nbsp;&nbsp;George Herald",,https://news.google.com/rss/articles/CBMi2AFBVV95cUxQUGxiNzZfWGt6ajJkV2E2azgzcDdRM1I2Z3pwM3lzNW41WEtza29lVFNvbWgzS1pITWNkdzNYSXhuNW4xOTF1OUFBdUJ6a1hJZ0czeFhYY3o4S05ac0FlbmZZMFFkV3BvcnFGaDl5RlJaV1hWekd6SkZjTFJuNENBYURVdzJvZDJSOFFwSkxIa2RtdzNBbDZJQUlGZGJSNXp6UmlDNjFYMXRSaUJVbFhHQWZPZTlobEk0UFJFTXJXenpvakdBS2VtbHg3eTNRVlloYzNkUmoyZGI?oc=5,Unknown,2026-09-09 22:22:11.928307+00:00,2026-09-09T22:22:11.928307,Business,0.0,Neutral,"south, africa, economy, contracts, manufacturing, mining, trade, george",,,198.0,,2026-09-09,22,Wednesday,198.0,8,59.8,2026-09-09 22:30:30.312391+00:00
,Google News: South Africa economy,The hidden cost of coal-to-liquids in South Africa: Health impacts of air pollution from Sasol Secunda - energyandcleanair.org,The hidden cost of coal-to-liquids in South Africa: Health impacts of air pollution from Sasol Secunda&nbsp;&nbsp;energyandcleanair.org,,https://news.google.com/rss/articles/CBMi3AFBVV95cUxNWW1uUS10eFRPN2RwR0wwdzliZndNZ3lhSzJKWDJBTUVvME05amtfRll3a19rTkd2d0g1NF9ram10Q014eTZvN0ZXX2lTcGduOHZURGxIQ05teTdZUmhucXRFZkVGeVRPSk1EWkdqa3lBbXVWRTRIbXNYWC1XdGpteXVXaG43TVFLWkwtMHNLYmRNMnlxQ3Z1RTdxbVEyS2VJdjEwdzA4U3hHemJJeGRQcXNkYXVZTlBGZU1rdkxILUZnZmFUSHN1MU1HS284ZE53ZXpKSFFNYmdCWEly?oc=5,Unknown,2026-09-09 22:22:11.928643+00:00,2026-09-09T22:22:11.928643,Health,-0.1667,Negative,"hidden, liquids, south, africa, health, impacts, pollution, sasol",sasol,,262.0,,2026-09-09,22,Wednesday,262.0,8,69.534,2026-09-09 22:30:30.312391+00:00
,Google News: South Africa economy,"South Africa: GDP Falls by 0.2%, Ending Six Quarters of Growth - Benin Web TV","South Africa: GDP Falls by 0.2%, Ending Six Quarters of Growth&nbsp;&nbsp;Benin Web TV",,https://news.google.com/rss/articles/CBMijAFBVV95cUxNTUI3Tmtza0ZvSl9qcVRmUlc3Y0tUcldaWHVpTUh1T0xySVptc3RDMlNqbFFBWTBkOVB4ZmRQWUVpMXlnelp6ZDBQTkdOSVNLbFFEMVlQS0d1VGFzWHh0d1JyTUIzYnYtaC1FcnFyVXZsNkpONlVYNHE5ZFk2X0N2WUNtWmNXUGlyOVhKUg?oc=5,Unknown,2026-09-09 22:22:11.929388+00:00,2026-09-09T22:22:11.929388,Business,0.0,Neutral,"south, africa, falls, ending, quarters, growth, benin",,,164.0,,2026-09-09,22,Wednesday,164.0,7,51.400000000000006,2026-09-09 22:30:30.312391+00:00
,Google News: South Africa economy,"OnlyFans in South Africa: what creators say about sex work, personal safety and the gig economy - theconversation.com","OnlyFans in South Africa: what creators say about sex work, personal safety and the gig economy&nbsp;&nbsp;theconversation.com",,https://news.google.com/rss/articles/CBMixwFBVV95cUxQai1yR3RYMlZrQUgtdGU1Uk55SXNpQVlvQm9aSGxWbUdnVE84Nmp2YlJOSjNTR2xDYmpNNDJQYjhwY09Eek0xZC1VdkVGS2JlQnBTckVVLUNlSDZ3Sm5YbkxpUmt1MDdvYUQxT0M3ZTZzX0c1dVBPMnVkM3hBV1hkZm9QcGZLa3pHOW84X3JpMV8zZWg2b3ItYUhZME56T0NaYk5wYnYzWm1HQzNqVkF4V3NtbkwtUEg1R3NXOUdOR2trQS1zeE1r?oc=5,Unknown,2026-09-09 22:22:11.930255+00:00,2026-09-09T22:22:11.930255,Business,0.0,Neutral,"onlyfans, south, africa, creators, personal, safety, economy, theconversation",,,244.0,,2026-09-09,22,Wednesday,244.0,8,64.4,2026-09-09 22:30:30.312391+00:00
,Google News: South Africa economy,"Iran war, mining, trade drag Africa’s biggest economy into first contraction in nearly two years - Business News Nigeria","Iran war, mining, trade drag Africa’s biggest economy into first contraction in nearly two years&nbsp;&nbsp;Business News Nigeria",,https://news.google.com/rss/articles/CBMizAFBVV95cUxNRmd2aFg4d0lTTzRDeC1xT2hhWktnVl9pbThteUZKU0EyRzlWb01MbnBnRnM2M1VMUlRGbVFCcEpQTENKZnR4amltcTlaSnlzNmRRbXEweWNNNHB0Y0VYaDMwb0NYWllqaTV2MDBBRlBTamJIMS00bFBhM3VNZ1ZhUlI2Z0dmS2lhUkdfMjROSnkxVzVmV0VyVnRSZnM1NTdTT3FIM1B3NXFFTWlPNjBlVTlkU0liMXpmcXRjLWN6WlBINkszUWVYR3JZOUc?oc=5,Unknown,2026-09-09 22:22:11.931561+00:00,2026-09-09T22:22:11.931561,Business,0.0833,Positive,"mining, trade, africa, biggest, economy, contraction, nearly, business",,,250.0,,2026-09-09,22,Wednesday,250.0,8,66.666,2026-09-09 22:30:30.312391+00:00
,Google News: South Africa economy,GDP shrinking shows urgent reforms are now unavoidable - Democratic Alliance,GDP shrinking shows urgent reforms are now unavoidable&nbsp;&nbsp;Democratic Alliance,,https://news.google.com/rss/articles/CBMijAFBVV95cUxPUkxOcmplYS1QbldScnJycUlxZlg1TE9PMGNuUFdwaWVGMzBCMGpic1FNRVNmZ2c2NTIyN05nUzg1dUdjY3gwRjZWTDRTNzQzUWFIQndmdmhIb3RmR2NHQnB5SGdpcVVRRk5xeWx5em5qU2JoZnZKWUFYdnJWaUhTWTI5dzNrUmptbDNFWg?oc=5,Unknown,2026-09-09 22:22:11.931862+00:00,2026-09-09T22:22:11.931862,Business,0.0,Neutral,"shrinking, shows, urgent, reforms, unavoidable, democratic, alliance",,,162.0,,2026-09-09,22,Wednesday,162.0,7,51.2,2026-09-09 22:30:30.312391+00:00
,Google News: South Africa economy,South Africa’s economy shrinks ahead of local elections - novanews.co.za,South Africa’s economy shrinks ahead of local elections&nbsp;&nbsp;novanews.co.za,,https://news.google.com/rss/articles/CBMigwFBVV95cUxQOTBNVWFvR2NYRXVGZEVIQUxQQjhGdXJXZzIzN2JNM09DbTBQOUtyU1dORkxqd0ZiTl9HNkhOSjFqUWFhUksteE5mOHVFMVUzNmtERDIzWDNGcEZmbTRuUG5vbS0tdG5neWZfZE1OQ3hjQ3VXRi1fa0hmRmRuWERmeExMYw?oc=5,Unknown,2026-09-09 22:22:11.932497+00:00,2026-09-09T22:22:11.932497,Politics,0.0,Neutral,"south, africa, economy, shrinks, ahead, local, elections, novanews",,,154.0,,2026-09-09,22,Wednesday,154.0,8,55.4,2026-09-09 22:30:30.312391+00:00
,Google News: South Africa economy,Is Canada Strengthening Its ‘Middle Power’ Strategy Against the US? - Mail & Guardian,Is Canada Strengthening Its ‘Middle Power’ Strategy Against the US?&nbsp;&nbsp;Mail & Guardian,,https://news.google.com/rss/articles/CBMirAFBVV95cUxPVHFTeE02MzB6bHlVZTF4eXhhNGFYMm00YTRMbjhBUzJFRGJ3TWRSYkQtNm9yS2dPcVRFWkNabzBtY2JreFctWGJiY2FFVnF2S1dnQVhVVk13RUFUd245QTRZZ2ZtM2tNQUJTTDgxTnJoQ1haUjBrb0toWTd5RDdWd2RNdV9qbGM5R01xNUFrejloTzlmUU5XYUJ6NWFMZTBVazFDR0cyUVFxSHBf?oc=5,Unknown,2026-09-09 22:22:11.933438+00:00,2026-09-09T22:22:11.933438,General,0.0,Neutral,"canada, strengthening, middle, power, strategy, against, guardian",,,180.0,,2026-09-09,22,Wednesday,180.0,7,53.0,2026-09-09 22:30:30.312391+00:00
,Google News: South Africa economy,Agriculture could help save SA from a recession - news24.com,Agriculture could help save SA from a recession&nbsp;&nbsp;news24.com,,https://news.google.com/rss/articles/CBMiowFBVV95cUxOaDFKcV9INnVyTUVGMTBybVk3UTVNRUFwb3FVdEVxSEV6eDRVVVBQUWNNUVFYWXdILUplTm5KV2lnRWhObnBGVThEdElwbnNmMF9Kck4teXF5YlBiWkUzZ3VxVDBSWjZXN25HRU5ERnJBUDBNX2Q3b2U5QjRfcURCX3RJaEFlYzdnTFdLQXNsSGwxNmJ6ck04cUtDbGdlRDd0aHJz?oc=5,Unknown,2026-09-09 22:22:11.934176+00:00,2026-09-09T22:22:11.934176,Agriculture,0.0,Neutral,"agriculture, recession",,,130.0,,2026-09-09,22,Wednesday,130.0,2,23.0,2026-09-09 22:30:30.312391+00:00
,Google News: South Africa economy,RONALD LAMOLA | SA-Brazil: dismissing relations as pure politics is off the mark - Business Day,RONALD LAMOLA | SA-Brazil: dismissing relations as pure politics is off the mark&nbsp;&nbsp;Business Day,,https://news.google.com/rss/articles/CBMixgFBVV95cUxPaDRsX1lxT2QwN2tKYl9rSlZuNW1LLXpCdFhJai1ZWFNkSDVidlJwMHdMMk5QWkJnakhsZWhsTWdsVHdPN2pkOXlQQTRkS0pKb0RjSWxZd3lnSzF1UHdTS2E4VlFQNld5VU0yMVl1aTdrRTNFVlMzVUZ2S0REMmJZbzZxamlqSmV2dzQxZDUxcUV4N0VRckQxMnpWcXNrdmNRTDRBZ3lTS2dSN1RDUTdVWU5WWFZ6bXBfNldGRFFxZXc3T3JMN0E?oc=5,Unknown,2026-09-09 22:22:11.935414+00:00,2026-09-09T22:22:11.935414,Business,0.2143,Positive,"ronald, lamola, brazil, dismissing, relations, politics, business",,,200.0,,2026-09-09,22,Wednesday,200.0,7,59.286,2026-09-09 22:30:30.312391+00:00
,Google News: South Africa economy,South Africa’s economy contracts 0.2% in second quarter as unemployment rises - IOL,South Africa’s economy contracts 0.2% in second quarter as unemployment rises&nbsp;&nbsp;IOL,,https://news.google.com/rss/articles/CBMiXEFVX3lxTE91MkRFUThSSFlULXBvdklySWZsNzhZZ1JXMHBJYlBJTGpoVXkyWmdXbW1qaDgwMUxka21oUy1maUU2R191T2ZENnY0dlNGMTdzWkZQTXVXUDRKZXpJ?oc=5,Unknown,2026-09-09 22:22:11.935747+00:00,2026-09-09T22:22:11.935747,Business,0.0,Neutral,"south, africa, economy, contracts, second, quarter, unemployment, rises",,,176.0,,2026-09-09,22,Wednesday,176.0,8,57.6,2026-09-09 22:30:30.312391+00:00
,Google News: South Africa economy,South Africa’s economy shrinks 0.2% in second quarter - Investing.com India,South Africa’s economy shrinks 0.2% in second quarter&nbsp;&nbsp;Investing.com India,,https://news.google.com/rss/articles/CBMisAFBVV95cUxQXzlHdGRYLUdITHZVZlJUNEl1NFhfOWNiRU1IT2tZLUNYdnBzSTB4Yi1GTnoyYkwxQ1Q3N0NXdkFBOXhSS3F2MzZCUkJtZzZJcjMydjZ1VHR6eXJ0cHR0bC00b1V6R0VSdUJtNjBVd1otWE44WDZkZU5uYlVVakpmMFRHVXZfQkVoX1g1SFJldWdnSDNvUUpJY0tBcGFBSERQSG9VdFdoQnoxNVdxaTgweg?oc=5,Unknown,2026-09-09 22:22:11.936752+00:00,2026-09-09T22:22:11.936752,Business,0.0,Neutral,"south, africa, economy, shrinks, second, quarter, investing, india",,,160.0,,2026-09-09,22,Wednesday,160.0,8,56.0,2026-09-09 22:30:30.312391+00:00
,Google News: South Africa economy,The ANC’s Misplaced Urgency - The Common Sense,The ANC’s Misplaced Urgency&nbsp;&nbsp;The Common Sense,,https://news.google.com/rss/articles/CBMifEFVX3lxTE1yVmZtLVZ1bW9lR3dra3k0em9LLWRyN1A3akRpMmRiX05ib0xxNHQwYk9QSXE5UzFwYVdjZ3ZWaHlPR25sWVRpWEFBWm5xMDREZWJDUmY0czQ0eThGcHdkOHR4d05fMl9xaFlKVXdmMzNLczUxNHdMSTNfNDU?oc=5,Unknown,2026-09-09 22:22:11.937348+00:00,2026-09-09T22:22:11.937348,General,-0.25,Negative,"misplaced, urgency, common, sense",,,102.0,,2026-09-09,22,Wednesday,102.0,4,35.2,2026-09-09 22:30:30.312391+00:00
,Google News: South Africa economy,"Manufacturing, mining weigh on second-quarter economic growth; GDP contracts by 0.2% q/q - engineeringnews.co.za","Manufacturing, mining weigh on second-quarter economic growth; GDP contracts by 0.2% q/q&nbsp;&nbsp;engineeringnews.co.za",,https://news.google.com/rss/articles/CBMizgFBVV95cUxQUk5mOVFHVWsySFpjc2IwTHdlRGFiMm5GMDZwemNEOVU2c2FiZFRwbzN1VnBrQnBSR2tueE1WLU9PVXlhdmRXV09jTENfSXNmZk13N0FmaVplLXFOVFpIeDF0ODNtaWVlb21QNklIZzh1cGNUeHdXZmxpV1dpWXFLUUNBckI3SDBFSjNnSUtKb1hhcXRZZHMzQm4ySDRzcUsyTU4tUG9sV2FBMDlSMDN5TVhkVDFQSG1HZjFtVkROQ0FJWU5ROF9kUzIzTmFmZw?oc=5,Unknown,2026-09-09 22:22:11.938279+00:00,2026-09-09T22:22:11.938279,Business,0.2,Positive,"manufacturing, mining, weigh, second, quarter, economic, growth, contracts",,,234.0,,2026-09-09,22,Wednesday,234.0,8,67.4,2026-09-09 22:30:30.312391+00:00
,Google News: South Africa economy,SARS coming after a new target in South Africa - businesstech.co.za,SARS coming after a new target in South Africa&nbsp;&nbsp;businesstech.co.za,,https://news.google.com/rss/articles/CBMingFBVV95cUxNdG1OcFkzeUJRUWZ5R0xxX3NPWTBLSWpzZThKVnZORnhrOS1KYU5BaWRMVENKc3A2RmYwMDc4US01Y0EzQkk2aVJWT0V0WjRBNkVHMFRFTE9kTUFXYVA5NnpUbVBqZ19pMjMtZkxraVdaR3luaHlOYllhSWZPV1otTnphelFRN0lkRUYyQ3JoZjdjVW1OdFJfcXdMOC1hdw?oc=5,Unknown,2026-09-09 22:22:11.938541+00:00,2026-09-09T22:22:11.938541,Business,0.1364,Positive,"coming, target, south, africa, businesstech",,,144.0,,2026-09-09,22,Wednesday,144.0,5,42.128,2026-09-09 22:30:30.312391+00:00
,Google News: South Africa economy,GDP takes a hit as economy shrinks 0.2% - eNCA,GDP takes a hit as economy shrinks 0.2%&nbsp;&nbsp;eNCA,,https://news.google.com/rss/articles/CBMif0FVX3lxTE5JeTRYeUF4MUczZ2tLS2t4MlRwZktqSnh6QlFUUWNwYUJ6a2NJd1VhemZNczRja0lwdVRfcWxoMGNxbkZIdFkzanJkZzRQNzVqOXNzOFA1a0JMbHkxNW9JQTc3Y2hEN1htbHMyTGtaTGZvcUd2bFA0RnVPd3AtbVk?oc=5,Unknown,2026-09-09 22:22:11.938777+00:00,2026-09-09T22:22:11.938777,Business,0.0,Neutral,"takes, economy, shrinks",,,102.0,,2026-09-09,22,Wednesday,102.0,3,25.200000000000003,2026-09-09 22:30:30.312391+00:00
,Google News: South Africa economy,South African rand slips ahead of GDP data expected to show a decline - engineeringnews.co.za,South African rand slips ahead of GDP data expected to show a decline&nbsp;&nbsp;engineeringnews.co.za,,https://news.google.com/rss/articles/CBMivwFBVV95cUxOZE5KWHdpY1djYmh0MVAyb3VMdkxYQzJCNkVoOVJSWFVkT0VVc0hLUVB1eU1zQ0ZXZkxUYTEtVUhkUnJxalFsOU00MG9nMUlmYXkwMkpsRU02UFFEV0JBNkhZXzl5OWJ1bnE2RzRxWFljZ1pISGZZYWtPLVM2VzZ6M1ktSlNubnhUdU1EWkVsejVvTGJ5WldIMUM5b2FGZ3BhU3lSNzhpOUt5QUNodUllTDRETTRqemdVQUNvVHBjRQ?oc=5,Unknown,2026-09-09 22:22:11.939948+00:00,2026-09-09T22:22:11.939948,Business,-0.05,Neutral,"south, african, slips, ahead, expected, decline, engineeringnews",,,196.0,,2026-09-09,22,Wednesday,196.0,7,55.6,2026-09-09 22:30:30.312391+00:00
,Google News: South Africa economy,Standard Bank sees property ‘purple patch’ as it joins forces with Java Capital - Mail & Guardian,Standard Bank sees property ‘purple patch’ as it joins forces with Java Capital&nbsp;&nbsp;Mail & Guardian,,https://news.google.com/rss/articles/CBMiwgFBVV95cUxNQWYxTFpEUHdaTzljUzREVTBOQ0dCZG1vR0dabDhGbHoxUFpJTFdSbUJMRWNzU1lfenA4Wmc0UXlFaWljWTZiSk9Odk5MbjFscHV0V3I3Q3FwRU16N3liVGFNLVUyZTZGdXBPZHdHbmdfRmszckFibjJMamxlRU1GZ0FEZEQ0cmZYdGdrZks5Yi16bkJmR0JCSXhpd0JDTjQ4UXB3UW1FNktETEQxd3RZZy1pcHdkdXRhU1BXUExKWWRhdw?oc=5,Unknown,2026-09-09 22:22:11.940313+00:00,2026-09-09T22:22:11.940313,General,0.0,Neutral,"standard, property, purple, patch, joins, forces, capital, guardian",standard bank,,204.0,,2026-09-09,22,Wednesday,204.0,8,60.400000000000006,2026-09-09 22:30:30.312391+00:00
,Google News: South Africa economy,"SA’s 3% inflation goal is robust, Sarb study shows - Moneyweb","SA’s 3% inflation goal is robust, Sarb study shows&nbsp;&nbsp;Moneyweb",,https://news.google.com/rss/articles/CBMiqgFBVV95cUxOTm1ZRThocEJvbzVYMlVnSUZhSG11V0R3YnR0eXh3YUgzUm9yS0pHVGk3Q180WWpxV3BjT3J5LThtSEJ0RGpQX1VScXM0dF9XNndZYjZKblZMZkxVRHVoSG82UXFYU1o1QW5ub3Q5VWgxeG8wcFdBZkNtaGlRVTlIZUd5dUhmOHdzRDNwLXpRWDd2NWt1NVdqM1FQOF9vQWZtUTh4ZllUYkE4dw?oc=5,Unknown,2026-09-09 22:22:11.941796+00:00,2026-09-09T22:22:11.941796,Business,0.0,Neutral,"inflation, robust, study, shows, moneyweb",,,132.0,,2026-09-09,22,Wednesday,132.0,5,38.2,2026-09-09 22:30:30.312391+00:00
,Google News: South Africa economy,SA economy shrinks in Q2 after six quarters of growth - ewn.co.za,SA economy shrinks in Q2 after six quarters of growth&nbsp;&nbsp;ewn.co.za,,https://news.google.com/rss/articles/CBMiggFBVV95cUxQUUxVX0FPT3BuNlRmNUwtZHBYcTlPeWFqM2hSWkxvLVluM2h1d3MxMU1yRmRLTUpXMTU2TGhDSEhOZGRfaFFPb2pieHl2aW4wSmxzMF95SjJadnVjbTVxRnl6NEFYX2x1bmFlNGpaV25rel9ERG42QV9uNXlZeDFIcERB?oc=5,Unknown,2026-09-09 22:22:11.942372+00:00,2026-09-09T22:22:11.942372,Business,0.0,Neutral,"economy, shrinks, quarters, growth",,,140.0,,2026-09-09,22,Wednesday,140.0,4,34.0,2026-09-09 22:30:30.312391+00:00
,Google News: South Africa economy,SA economy contracts after six quarters of growth - Algoa FM,SA economy contracts after six quarters of growth&nbsp;&nbsp;Algoa FM,,https://news.google.com/rss/articles/CBMijAFBVV95cUxQMTN1RTRkUUJfN0N2LWZRQUVCZ2tFYnkzcFhzZldsX0tyRGprUk1lcE1TZmNLajdMX2FWZnBUeW52WWdyeXdfakZUQ2F6S3NlTnZCcWVtUng4dkYzMnVJU3FDQmRYdUwyUE1qVmhyVVpURU53SXdid2ptTkZkeVIxXzFwVHZZWGI3ZzBQaQ?oc=5,Unknown,2026-09-09 22:22:11.943960+00:00,2026-09-09T22:22:11.943960,Business,0.0,Neutral,"economy, contracts, quarters, growth, algoa",,,130.0,,2026-09-09,22,Wednesday,130.0,5,38.0,2026-09-09 22:30:30.312391+00:00
,Google News: South Africa economy,"Takealot changing its name, and a South African taken hostage by terrorists right next door - businesstech.co.za","Takealot changing its name, and a South African taken hostage by terrorists right next door&nbsp;&nbsp;businesstech.co.za",,https://news.google.com/rss/articles/CBMi1gFBVV95cUxNeG1GTlpkZG9WLW9hUUNHZDlvamJ3bzNQd05MU0E5OXUtVTNiRGMtakR4UHQ2UVNYa1BUSmV2Q0E2RDhYaWhaSTJzb0pMOG1JT2I3MUM2dHY5VUJRalh3SGtPTXNKcUUwbFBiTV96UmtTNzIwREhXY29Rc2FuRlYtMTlrZGlLNjViMGItVTZtbi02Zl9QWEg2bmNSUzRUNFE4MjBlM2lVWkt3c0diREw5eE5sb3Q0aVpOZ2lBN0NvM3NBaGNMV21wQkl5VWI5aS1ITXVxSFBB?oc=5,Unknown,2026-09-09 22:22:11.944261+00:00,2026-09-09T22:22:11.944261,Business,0.0952,Positive,"takealot, changing, south, african, taken, hostage, terrorists, businesstech",,,234.0,,2026-09-09,22,Wednesday,234.0,8,65.304,2026-09-09 22:30:30.312391+00:00
,Google News: South Africa economy,SA exploring more opportunities in its creative economy - Channel Africa,SA exploring more opportunities in its creative economy&nbsp;&nbsp;Channel Africa,,https://news.google.com/rss/articles/CBMiqwFBVV95cUxPd1EteWZtWmVZV2RHZnpubWwxSWgxZ0Nhd21qWUQ0eE9pZ05qOWUyM1RKS0NIaU1jUHY0VFJQYzU5ZUFZNGpSZmJfNEFGZlU5R2ZIcmJQMV9IVWtrZnpXOUM3d3NDTXRwTW5RdnN3ZkxuVnRRazdTd0taWGpTOVR2aEtvdjlFamZveW1jWF9maUlVclpjQWswRVh4Tmt4UXlTT3R6aXNoNUttWDA?oc=5,Unknown,2026-09-09 22:22:11.945117+00:00,2026-09-09T22:22:11.945117,Business,0.5,Positive,"exploring, opportunities, creative, economy, channel, africa",,,154.0,,2026-09-09,22,Wednesday,154.0,6,55.4,2026-09-09 22:30:30.312391+00:00
,Google News: South Africa economy,SA economy under pressure as Q2 GDP figures set for release - eNCA,SA economy under pressure as Q2 GDP figures set for release&nbsp;&nbsp;eNCA,,https://news.google.com/rss/articles/CBMimgFBVV95cUxNLXRHdmMzM3BzWlVLY0xNOWZnSXRwZGlvTkdLUk5qREhaandKemdYckRja2lpWnhQTWVTZ2tLbEVIbzNKU0FVNUhxdGFGMWlMTkJuQ1FDbmw5UWxJWklXcHJZalN4emppZXUxRzdEME91NllYRWlUNEpwNUdqMHNBbEluZjladmw5LTJWb0VKVzlKN09pNzRpTXRn?oc=5,Unknown,2026-09-09 22:22:11.945772+00:00,2026-09-09T22:22:11.945772,Business,0.0,Neutral,"economy, pressure, figures, release",,,142.0,,2026-09-09,22,Wednesday,142.0,4,34.2,2026-09-09 22:30:30.312391+00:00
,Google News: South Africa economy,"Sasol’s Secunda pollution costs South Africa R19bn a year, study finds - IOL","Sasol’s Secunda pollution costs South Africa R19bn a year, study finds&nbsp;&nbsp;IOL",,https://news.google.com/rss/articles/CBMiqwFBVV95cUxPWkY1YllCWFp2MHVLcU8zSklybHFGTzA3ZDZVVDJFbHhWWWZGMnQwNElmd3FvRVFoT0d5M1pvdUx6eFlaX1FINzhwNDlqVC04WnB0cWgwdk5veWo5Wl9pWW8xcmVJTXNUSnd0NGcwS0hpNHVSR3c2V0M5SnVEbk91QUZHOVZfMnhya1U5WFZKblZJeHJKSk9hZDhETGpPUHdIVkxVY1l2QUFUX1E?oc=5,Unknown,2026-09-09 22:22:11.946646+00:00,2026-09-09T22:22:11.946646,General,0.0,Neutral,"sasol, secunda, pollution, costs, south, africa, study, finds",sasol,,162.0,,2026-09-09,22,Wednesday,162.0,8,56.2,2026-09-09 22:30:30.312391+00:00
,Google News: South Africa economy,The private company costing South Africa R20 billion a year - businesstech.co.za,The private company costing South Africa R20 billion a year&nbsp;&nbsp;businesstech.co.za,,https://news.google.com/rss/articles/CBMiqgFBVV95cUxOY0RUNm9Od3JNdlBVUzRPZDM1elNNcGJ0czludEx0WUJFSWxqWWIxS21zM0ZBNmJNZHhaclFWTEt3WXhUOWJSQnVTaV8yaXZPZS1XdkViendlaUp0SC1OV20xV2lUSXA3SUZBSTNXWVJ0eGRWUUdXTzZnWFBCcGdxci1Yc05NQzNaZFRCZnFDXzdxSlI1NVdVNThMZUd6MkRnUTJwd1NSd2pEUQ?oc=5,Unknown,2026-09-09 22:22:11.947255+00:00,2026-09-09T22:22:11.947255,Business,0.0,Neutral,"private, company, costing, south, africa, billion, businesstech",,,170.0,,2026-09-09,22,Wednesday,170.0,7,52.0,2026-09-09 22:30:30.312391+00:00
,Google News: South Africa economy,Call for inclusive approach to AI revolution - sanews.gov.za,Call for inclusive approach to AI revolution&nbsp;&nbsp;sanews.gov.za,,https://news.google.com/rss/articles/CBMiggFBVV95cUxPMDhGOFp4Y244ZDlleDJMTExkeFNMdU5kWEJCSzNuVG9jbWdNNFlMeVNqaV9kWFFOZEdrWmhkbFExbjdPUUxoLVBsT01XZWJCZFB4a29UMkp2dWRDWG1iTzJNTS1aSk1jbXFHckJNUFMxaFpnV2VyVkhsZzM1ZVhudnVB?oc=5,Unknown,2026-09-09 22:22:11.947492+00:00,2026-09-09T22:22:11.947492,AI & Tech,0.0,Neutral,"inclusive, approach, revolution, sanews",,,130.0,,2026-09-09,22,Wednesday,130.0,4,33.0,2026-09-09 22:30:30.312391+00:00
,Google News: South Africa economy,"South Africa’s economic recovery might be delayed, but not derailed - Deloitte","South Africa’s economic recovery might be delayed, but not derailed&nbsp;&nbsp;Deloitte",,https://news.google.com/rss/articles/CBMilwFBVV95cUxNZTJjQk9BbjRja2o0MVlVNV90RjZfckdwNTM2cHJXY3R1cVJraWN2MGJ0bWd5RjJ1UzFKV09udG5weVFtSmpfaVBNZUUtMDMwOHV5UEFNVDl2Wkk0d0Q5T0J4SHcwVVRwRjI3dVpwZ3N5emVZSEoyQ1pzTVlybU5TOUU2SmRzelhORVJCak1oZHluM3BuZEdR?oc=5,Unknown,2026-09-09 22:22:11.948549+00:00,2026-09-09T22:22:11.948549,General,0.2,Positive,"south, africa, economic, recovery, delayed, derailed, deloitte",,,166.0,,2026-09-09,22,Wednesday,166.0,7,55.6,2026-09-09 22:30:30.312391+00:00
,Google News: South Africa economy,DARYL SWANEPOEL | We are measuring SA’s economic problems incorrectly - Business Day,DARYL SWANEPOEL | We are measuring SA’s economic problems incorrectly&nbsp;&nbsp;Business Day,,https://news.google.com/rss/articles/CBMitwFBVV95cUxNLW54UWxGSEZDdmF0eUl6Rm0tMWRYczNNa1F6Y2VnTExFdTNjTkl1ajdneEl3N2pPWnRBQWR4a1kzRkdRSElmZXJqdW90NktFTUVMb3hIaFJSMS1RU1h6ejN3Mk10X080d1lPLUhPakNpbFB6d21vUWRja25tamNkQVgzcmJYazZQa0c4Mmo1TzEzSU5vSzE5Y3dnTEpjb3VUVmNmTzVnT2tDZG5QcXZGOWt0ZnhUbU0?oc=5,Unknown,2026-09-09 22:22:11.948895+00:00,2026-09-09T22:22:11.948895,Business,0.2,Positive,"daryl, swanepoel, measuring, economic, problems, incorrectly, business",,,178.0,,2026-09-09,22,Wednesday,178.0,7,56.8,2026-09-09 22:30:30.312391+00:00
,Google News: South Africa economy,SARS is coming after taxis in South Africa - TopAuto.co.za,SARS is coming after taxis in South Africa&nbsp;&nbsp;TopAuto.co.za,,https://news.google.com/rss/articles/CBMigwFBVV95cUxOa1IzdmV5djAxNFZQektmZlFmVmo3VkdfWmVvdnJSdjZyenpIVmtWSzYxNGxaWWNQa3VPT0RHZzAybTFDdjJRUmpGNjdwUGhKeklOTE9xbDlxd2Q3WVpEYW1ndXdjZnkyWG9wWVgtTExvZjVabGVBc0VqaTNpZ2FDbFNfRQ?oc=5,Unknown,2026-09-09 22:22:11.949728+00:00,2026-09-09T22:22:11.949728,General,0.0,Neutral,"coming, taxis, south, africa, topauto",,,126.0,,2026-09-09,22,Wednesday,126.0,5,37.6,2026-09-09 22:30:30.312391+00:00
,Google News: South Africa economy,Data centres play a key role in driving economic growth – Equinix - engineeringnews.co.za,Data centres play a key role in driving economic growth – Equinix&nbsp;&nbsp;engineeringnews.co.za,,https://news.google.com/rss/articles/CBMirwFBVV95cUxOLTRXWTZ3OWlsNFY4NDBYdlRqNGJZeXJCZEk0RU9uMm5Dc2djSVVkUWE0WHVfWlVkeEY1MzQtdE9acHZfNTNOdERuUmwtRy1tY3ViQUcxeWhtRmZybjIzMWpZRUZrcldLbmJ1XzZGVTZ0aEZtdTluVi1NRUNSMHNTT1R5My1oaGc2NmltQmhfeTY4RWV0TlJLVEplYjYyaDlpUWR0S2lsMUFHQ2E1eXlJ?oc=5,Unknown,2026-09-09 22:22:11.951637+00:00,2026-09-09T22:22:11.951637,General,0.1,Positive,"centres, driving, economic, growth, equinix, engineeringnews",,,188.0,,2026-09-09,22,Wednesday,188.0,6,50.8,2026-09-09 22:30:30.312391+00:00
,Google News: Africa climate,Europe’s heatwave warning for Africa: fast-track a climate leapfrog - ISS Africa,Europe’s heatwave warning for Africa: fast-track a climate leapfrog&nbsp;&nbsp;ISS Africa,,https://news.google.com/rss/articles/CBMinwFBVV95cUxOS0FRa3dfQmJYU0o2cXdCVnU5VnNtYTd3UzRzdkM2eWtUSjdUem83T01ZcEN6b0wtMzZnOUdzVzhmeDZGTmdNX0ktSUhZZlhsblNyQkxHaTVzY3dlbHpYd2NISVVDR1FXQ2l5aFZFelFrdm1IWWR0eDlQdzFzZjZmd3YxSV9hMjJvdHh6Nnlya2FRUF9NM0lRQ0t4QTE3a0U?oc=5,Unknown,2026-09-09 22:22:12.724834+00:00,2026-09-09T22:22:12.724834,Climate & Environment,0.0,Neutral,"africa, europe, heatwave, warning, track, climate, leapfrog",,,170.0,,2026-09-09,22,Wednesday,170.0,7,52.0,2026-09-09 22:30:30.312391+00:00
,Google News: Africa climate,Africa gets only 23% of the climate finance it needs – and pays too much for it - theconversation.com,Africa gets only 23% of the climate finance it needs – and pays too much for it&nbsp;&nbsp;theconversation.com,,https://news.google.com/rss/articles/CBMisAFBVV95cUxNZlV3dFU5c0M1SDN0bjdFbDVBRG1vb3RLSUhtbDRjbW5NS3RDYlpTTVgxd2EzdjBzbEN4LUQ0V3hybnkxY1FjSFBGQ3hXWjJueTVESzRnVGNIRTFhT3JlUkZkcmxJUUdIcG45NlFaZEhoMWo5TkhpaklGOGw2d01nVUs4bzZGYnZlZDZ2OFdZU0JsUGZ0TEhvSkx5RlR1bTUxRjI4SE9DdXdnMGctcFVnbA?oc=5,Unknown,2026-09-09 22:22:12.725290+00:00,2026-09-09T22:22:12.725290,Business,0.1,Positive,"africa, climate, finance, needs, theconversation",,,212.0,,2026-09-09,22,Wednesday,212.0,5,48.2,2026-09-09 22:30:30.312391+00:00
,Google News: Africa climate,"Sparklabs launches $75,000 global prize for climate startups ahead of cop31 as African innovation gains investor attention - Africa Sustainability Matters","Sparklabs launches $75,000 global prize for climate startups ahead of cop31 as African innovation gains investor attention&nbsp;&nbsp;Africa Sustainability Matters",,https://news.google.com/rss/articles/CBMi8wFBVV95cUxOYWtvei1YQkxFVXlvMmtxblJ4U2s1ZGw0ODJFVzBUMFBMTzZZcmZXT1dUZnFUN1BoWDZMaXZ2Q1Y0VWU0RVlhSzBKLS1lMlhzWGNtbWNtQUxnUWtjOE9YWWdzdFVoOXNMYllpYmdScDM3OVJlODhibUx1RnZ0ci1hLVRsSnphejFWdWxrQ0dIQS02RXBHSV95SUxXMVlpdkJ2T2N3QzYxREc5OVlZaXExUG96aFd2ZUlCTE8taldzemp0Y25wX1h2dWw4V3B2bS1IVUc2SmJ2Nkl2VXh6RHRaRkRGb01qM3hjZGl5NnE5VEI1UWs?oc=5,Unknown,2026-09-09 22:22:12.725696+00:00,2026-09-09T22:22:12.725696,Business,0.0,Neutral,"sparklabs, launches, global, prize, climate, startups, ahead, african",,,318.0,,2026-09-09,22,Wednesday,318.0,8,71.8,2026-09-09 22:30:30.312391+00:00
,Google News: Africa climate,14th CCDA: Onuigbo urges African leaders to take charge of climate action - The Nation Newspaper,14th CCDA: Onuigbo urges African leaders to take charge of climate action&nbsp;&nbsp;The Nation Newspaper,,https://news.google.com/rss/articles/CBMipgFBVV95cUxQVnFuYVJxU1FHazFKNzEwUnBCdTFxc0gtclBHcmtJa0FBdkpRa3dKQnhCLVI1Qnk2SlpqWGlJS1JNT0wtZk8wZHdDREtMdS1RMHl6Yk9WblRvTkpXWTRWWm5zOUtacXZaeF94RGRxcC10Q3loNXdFWVZDUzRsNDFOcnBzaDNDRXBCX2p5allnRFczbUdELXlNY0MyU1YybE8wUFpGMzV30gGrAUFVX3lxTE5RMVJLeTJCV190TkFtcUJsMEtFT2duaGVCRm0wYTRkUUJpUnVNb3ZBSlhlX1NNcFdSLUxyaGhXVFJCa1dQZndBMmZLMkt5OGZnTFV0bXNFdGtwVmRPcDNHWkR1bjFJMzgwd0Z4NldtMWQxZGU0eTEyQW9nb2hTa3NVVXc3MHUwODVsMW1Jb2Q5YmpMcW9kNUlsXzA2aFRHamRfZGJkd1pvV1o0Yw?oc=5,Unknown,2026-09-09 22:22:12.727759+00:00,2026-09-09T22:22:12.727759,Climate & Environment,0.0333,Neutral,"onuigbo, urges, african, leaders, charge, climate, action, nation",,,202.0,,2026-09-09,22,Wednesday,202.0,8,60.866,2026-09-09 22:30:30.312391+00:00
,Google News: Africa climate,AGN chair calls for stronger climate adaptation in Africa - ua.news,AGN chair calls for stronger climate adaptation in Africa&nbsp;&nbsp;ua.news,,https://news.google.com/rss/articles/CBMikwFBVV95cUxNcFZHZGJCeUxnNWNvY1A1Ums0WklwUkR2am1Remtid2pnNVdtbklYWW93ZHpRYnhwRHR6RjdMZlIyZmtzcm9jdE13SEtBbFYyWWhTR0g2blktLTh2SnhCS0RUb2dBdlZ6Y2xkOHVvQlZ3aDBPUGRoY2ZrcEg1eklINnhydko0dUN0UVBLODF5OTk2Skk?oc=5,Unknown,2026-09-09 22:22:12.728917+00:00,2026-09-09T22:22:12.728917,Climate & Environment,0.0,Neutral,"chair, calls, stronger, climate, adaptation, africa",,,144.0,,2026-09-09,22,Wednesday,144.0,6,44.4,2026-09-09 22:30:30.312391+00:00
,Google News: Africa climate,"At 14th CCDA, Onuigbo tasks African leaders on climate change initiatives - Blueprint Newspapers","At 14th CCDA, Onuigbo tasks African leaders on climate change initiatives&nbsp;&nbsp;Blueprint Newspapers",,https://news.google.com/rss/articles/CBMimgFBVV95cUxQT1BEa0dfLTRpVUhablFVZGFPV3Z5b0VxcGYzMjAwQlpSZVBUTHNSaWVVcDh5Q18tYnhFMUtQdzEwOXoxLWpBbmF0c2ZGV2taSGtYY0hUQWs1NW9LcmdUVmlHRlRja1RUOUl6ZGZSOEhUem9HOVIwT2RrdGw2Y1BSYjNwSTFQSHFBZDdSaFgxVFF1ZERVbTNhZENn?oc=5,Unknown,2026-09-09 22:22:12.729455+00:00,2026-09-09T22:22:12.729455,Climate & Environment,0.0,Neutral,"onuigbo, tasks, african, leaders, climate, change, initiatives, blueprint",,,202.0,,2026-09-09,22,Wednesday,202.0,8,60.2,2026-09-09 22:30:30.312391+00:00
,Google News: Africa climate,"Africa Faces US$365 Billion Climate Finance Gap, Officials Warn - NewsGhana","Africa Faces US$365 Billion Climate Finance Gap, Officials Warn&nbsp;&nbsp;NewsGhana",,https://news.google.com/rss/articles/CBMikAFBVV95cUxQUG5KVktpWTYydmNZTEFFZkRkOVZjcVMzSS1vMzdpUV82OFVLTkkyWGZzU09hZEZQWEI3RUhDMFh1Mnd2VFlfMENuTW9rTzJUdm9NM0ktT3V4ODVYbUc1SnoweV9GZWRWT3VKOTJSZlllem9DdXNoelVxMDlJU3JvYk5XQW9ySGdWMDdncHZwZU8?oc=5,Unknown,2026-09-09 22:22:12.731694+00:00,2026-09-09T22:22:12.731694,Business,0.0,Neutral,"africa, faces, billion, climate, finance, officials, newsghana",,,160.0,,2026-09-09,22,Wednesday,160.0,7,51.0,2026-09-09 22:30:30.312391+00:00
,Google News: Africa climate,"Equity and IFAD launch $200 million climate adaptation finance mechanism for 260,000 East African farmers - Africa Sustainability Matters","Equity and IFAD launch $200 million climate adaptation finance mechanism for 260,000 East African farmers&nbsp;&nbsp;Africa Sustainability Matters",,https://news.google.com/rss/articles/CBMi3AFBVV95cUxOUnY1ZlFFUTk4YmJaTGE2Z004X291Q01ya1JIZHBLSi1DWG5ubnNCaFNZZk8zNnVMQTMzSGlMVG9SQmM4ZzB3amRxQ2JsR1FTWjhuaGdaQjlJZ243eGZacE9oenJya1ByVjBucFZtY2JGeklwWm9LWHZOZmRzRjMtX0FJVzNJZi10NXZVZ2l2STViUE0tbUZvbTEtX2YybnZnNk5ZMXRHRF9Ddk8wN1RFV3RkYndsMkJvUlp0elg5bTVkdnlCYWR4SGNzSk9yZWtrRlp1a2hTRW9LRThi?oc=5,Unknown,2026-09-09 22:22:12.732036+00:00,2026-09-09T22:22:12.732036,Business,0.0,Neutral,"equity, launch, million, climate, adaptation, finance, mechanism, african",,,284.0,,2026-09-09,22,Wednesday,284.0,8,68.4,2026-09-09 22:30:30.312391+00:00
,Google News: Africa climate,Energy shocks threaten Africa’s climate plans — Daily Maverick - ua.news,Energy shocks threaten Africa’s climate plans — Daily Maverick&nbsp;&nbsp;ua.news,,https://news.google.com/rss/articles/CBMipwFBVV95cUxPR1hrYzRJLTRlOW1XdGMyN1VKMGN1N3hJT1gwVW43OXVMeE9uRHVyOFBNX2pHTFVMVmNuOHNmVE9zNnEwS2pWbGZFY291dzM1WDFCQm1HYzJQY3FOa3IwWHgyUHU3c3RIcmE1N2NsaDdCVjZ5Z2cxaGl2M05XdW9KZFN3eGtGNk1YM1NMTjdPZDNEcy1DSmllcnhsbGNEbTUzMGp6NFJNSQ?oc=5,Unknown,2026-09-09 22:22:12.734460+00:00,2026-09-09T22:22:12.734460,Climate & Environment,0.0,Neutral,"energy, shocks, threaten, africa, climate, plans, daily, maverick",,,154.0,,2026-09-09,22,Wednesday,154.0,8,55.4,2026-09-09 22:30:30.312391+00:00
,Google News: Africa climate,MTN South Africa opens 2026 PachiPanda Challenge as youth climate innovation gains ground in Africa - Africa Sustainability Matters,MTN South Africa opens 2026 PachiPanda Challenge as youth climate innovation gains ground in Africa&nbsp;&nbsp;Africa Sustainability Matters,,https://news.google.com/rss/articles/CBMi1wFBVV95cUxNbl9rOVdYUHpFd29nOEpvMnNHYTAtNW1qY2txeFA1RkFZa2p4NFdpblBUS3V2Tk40MExUOXZ6LXpaQVlKb29jMEc4dmhvc09NbnRhUm54bUl1T0FoU05Jc2NnTWVJeC05amdoa1NBS08zR01kQ1pBZGVLS29XbGF4c3laWkZVU2ZJTmdkYl9RSFJIZFh6QU1OWi1vYWEwTlN6SXQ3VjVONFlVaXRwVElVRnh4c2Q2MHRsa1FNNHVUcjVJWURwZ3lWa05XUEptN2hZN1dnaHVEMA?oc=5,Unknown,2026-09-09 22:22:12.735791+00:00,2026-09-09T22:22:12.735791,Climate & Environment,0.0,Neutral,"africa, south, opens, pachipanda, challenge, youth, climate, innovation",mtn,,272.0,,2026-09-09,22,Wednesday,272.0,8,67.2,2026-09-09 22:30:30.312391+00:00
,Google News: Africa climate,"Africa must secure climate finance, food systems action at COP31 – AGN Chair - Ghana Business News","Africa must secure climate finance, food systems action at COP31 – AGN Chair&nbsp;&nbsp;Ghana Business News",,https://news.google.com/rss/articles/CBMiuwFBVV95cUxQRlhmckt0UUpxY2pLUmg2X0d3cWN4VDlIYnBVSVVuTDY4Vm9GdWFNZ0Z2WWg5SWdHZXFLSGRyMVN4dHZUYnFadWs2LTVlcFZiWGpsRUlvYnRxOVh2NkRHZFNlcHRVWEFHVDdiNjZJUHJ3bVhaN2lnci1XNGRzdE1QREZSQ1k4NDdCTjJ0MlM5THNEXzNHUHVZWWdoNzItZVZtRXN3X2k4bUFaNm9fRk84ZzE4Y1JDUlpUR01n?oc=5,Unknown,2026-09-09 22:22:12.736201+00:00,2026-09-09T22:22:12.736201,Business,0.25,Positive,"africa, secure, climate, finance, systems, action, chair, ghana",,,206.0,,2026-09-09,22,Wednesday,206.0,8,65.6,2026-09-09 22:30:30.312391+00:00
,Google News: Africa climate,How climate change is reshaping Africa's malaria risk - dw.com,How climate change is reshaping Africa's malaria risk&nbsp;&nbsp;dw.com,,https://news.google.com/rss/articles/CBMijgFBVV95cUxQQllyQ0RYTFl5Y0laQkx5RzJtUVIydTFYVHlZci1LM1R1aDlfRlh5TXdkaldNX3FOb3dTR3N6c1NXbHFSTWJBYldHNFNfUHMzbHVzZjdhWTlwWW01TFZ3Ykd2cjRibTRLOFBCTzFaSUZGeWswS3B2Y3ozTTlWcVpWYjRLekNpb1BXeHpnaTJB0gGOAUFVX3lxTE44SE1hWVpUYlM3MUxLVWdEa2VQUk5XUnpfazE4aW01MkpjZFQwSjRMY29rM0w5aGhPbzJ2MU9hTEpJUDI1SHhsMnZic1RINUV5SHpFSEZWUWZKV3ZvNXoxSmcyUmRCWkVoSjNYbFZpVG5aakFkeHJjV2QwNkdQZzc1SnNVWlI1VUNCS0RMYlE?oc=5,Unknown,2026-09-09 22:22:12.736771+00:00,2026-09-09T22:22:12.736771,Health,0.0,Neutral,"climate, change, reshaping, africa, malaria",,,134.0,,2026-09-09,22,Wednesday,134.0,5,38.4,2026-09-09 22:30:30.312391+00:00
,Google News: Africa climate,"CLIMATE CHANGE: How Nigerian, African women bear heavier security burden — Shekoni - Vanguard News","CLIMATE CHANGE: How Nigerian, African women bear heavier security burden — Shekoni&nbsp;&nbsp;Vanguard News",,https://news.google.com/rss/articles/CBMitgFBVV95cUxQN0xDaW5JcXpzVUNucHdnTHB1TlRrVTNNbnNSNVRaZXZzcUxqMFVoVTl1b2k4dDhnTDZ0YWpZS3JWcHlJNnUtOF9GWTNqN2ZsdGRzc25Hb1pqRjdzWU5XNDJEWnh6dmMyU2JzQXRaSXBYS0tvNG8tUXZIRC1zblNzdFRZZEJmb0NndDRmTnhYTmJDSlR0Vl9JQXpkT05BWmNFZGNwY0dXcTVGbmdETWdFOWxfR2tVZ9IBuwFBVV95cUxORExtNTBzRWtwWi1YNmNPM005WlFCS2hNSDZBYmZiRXpoNEJfZTEzNHNYUUgwV0ZMMnMySy1VZndPdF9Ib21zU0t5Q0VabUpfRUV4UkRsX284WnFRekVyZVR5dEIzNmhVaEp0c1Y1cDlmamJURFNWYjMzWktsNkRjcWJSWktmeFVUUGxraDVieHRmY0d4bU5TaG9iVlNIX0k1bXZmX0NaWDI5cVhkNFpJaXJrdWJhVHBvcHJF?oc=5,Unknown,2026-09-09 22:22:12.739017+00:00,2026-09-09T22:22:12.739017,Climate & Environment,0.0,Neutral,"climate, change, nigerian, african, women, heavier, security, burden",,,206.0,,2026-09-09,22,Wednesday,206.0,8,60.6,2026-09-09 22:30:30.312391+00:00
,Google News: Africa climate,Africa’s climate crisis is a legal crisis too: what are states’ duties under human rights law? - theconversation.com,Africa’s climate crisis is a legal crisis too: what are states’ duties under human rights law?&nbsp;&nbsp;theconversation.com,,https://news.google.com/rss/articles/CBMiwwFBVV95cUxOeWltdC1jbXl5QjBaOGlNNjdjajRwX1JTbTFOZHc3dzB2SEFmWlE2SV9uN1hodkNIVWZUTk1SRm13WjctNDY3OG13RmR1amZ6RjV3X2VBaWFEbDN3a2xVWmJkNk9YTGRGNmdyQmVhZVRUUkduZEl2SjRuRGNHNHdTSWp0V1hYR25lYjI3OVl0aXhQWEFTUFlNY1BxbWRaSVAyT3NyMlV6S0RNYndoTnRsNWdDc2dncVFadXJXc1hjckNjLUk?oc=5,Unknown,2026-09-09 22:22:12.740606+00:00,2026-09-09T22:22:12.740606,Climate & Environment,0.1,Positive,"crisis, africa, climate, legal, states, duties, human, rights",,,242.0,,2026-09-09,22,Wednesday,242.0,8,66.2,2026-09-09 22:30:30.312391+00:00
,Google News: Africa climate,"US$200M RURAL FINANCE BOOST! IFAD, Equity Group Launch Climate Fund for East Africa Farmers - redpepper.co.ug","US$200M RURAL FINANCE BOOST! IFAD, Equity Group Launch Climate Fund for East Africa Farmers&nbsp;&nbsp;redpepper.co.ug",,https://news.google.com/rss/articles/CBMivAFBVV95cUxQamI3OXhvT0E5dlBlTVR6RVZvNG1fd19nbVJ0VVhmMGRuc2pjVHV1enE5UDYtUGM3UUFBZWhMQXFQSUNLb1ItTlVMZXVLSnVQN1Y1VENXd1Njd3BKaGQyN3cwS3VMV2ZTT2JEeV9jbjdGODFZanFUS25LLUc0WnVUMDJ4eHc0WXVCejBkbld3T1B5djI4RUdQdUtyUXZqSXZkd1ZoNG5jS2tZaGdzU05feEtEeG9yVlFMM3VYWA?oc=5,Unknown,2026-09-09 22:22:12.742346+00:00,2026-09-09T22:22:12.742346,Business,0.0,Neutral,"rural, finance, boost, equity, launch, climate, africa, farmers",equity group,Equity Group,228.0,,2026-09-09,22,Wednesday,228.0,8,62.8,2026-09-09 22:30:30.312391+00:00
,Google News: Africa climate,Agric. & Environment: Youth-led climate solutions to win cas - NewVision.co.ug,Agric. & Environment: Youth-led climate solutions to win cas&nbsp;&nbsp;NewVision.co.ug,,https://news.google.com/rss/articles/CBMisAFBVV95cUxQVUp6U04xWmpFS3RfRXgxLWQ3c3VKSzlyNDVocGdMeUVJYlJid0ppZkdHVHo2QzYyRTBUYzNkNzktYVJyT2dERnNmbkpGd2NCNDlpMGlkUTc5RFNGWUgycHFuWVpkZktkajVDMVUyVjhkYlNwd3c1T0RBY3B6YmJ1VW8zV21VZXFUTm0zT3UxZGNxVUc0SXRNZ3R0YUlqRjM4S1hkdzBhbVlvekZiRFM0dQ?oc=5,Unknown,2026-09-09 22:22:12.754992+00:00,2026-09-09T22:22:12.754992,Climate & Environment,0.8,Positive,"agric, environment, youth, climate, solutions, newvision",,,166.0,,2026-09-09,22,Wednesday,166.0,6,62.6,2026-09-09 22:30:30.312391+00:00
,Google News: Africa startup,Kenyan Electric Mobility Startup ARC Ride Secures $33.3 Million to Scale Battery-Swapping Infrastructure Across Africa - Tech In Africa,Kenyan Electric Mobility Startup ARC Ride Secures $33.3 Million to Scale Battery-Swapping Infrastructure Across Africa&nbsp;&nbsp;Tech In Africa,,https://news.google.com/rss/articles/CBMi4AFBVV95cUxQV0I0X2pQT09mdmlzUlAzTDBQUEI2YTk4WDRCcm12WFpuUEpoZDNNc3lpSjJwaDNibEtjSDlxTnM3U1pmWG5sd1hfdDVsdkh1czRyOGVSdzdIRDE2MHc4Y1JfTDhrX0w1eWMxYzgzYzk0djgtSUFsV3hHZXFySnlyN194X05LTmdDSEx2WnljTVlBMHNOV1BwT082UTRVenZ0UVpDSDdPVDE3WFZBdEdYandpbkl2b2dKcnFlY2JFSkRzWTRYdW9XOHNRdklKSXFVNlZNaVNLLU5DSW4xaWxPXw?oc=5,Unknown,2026-09-09 22:22:13.523114+00:00,2026-09-09T22:22:13.523114,Business,0.0,Neutral,"africa, kenyan, electric, mobility, startup, secures, million, scale",,,280.0,,2026-09-09,22,Wednesday,280.0,8,68.0,2026-09-09 22:30:30.312391+00:00
,Google News: Africa startup,Egyptian AI startup Velents expands into Bahrain - - Disrupt Africa,Egyptian AI startup Velents expands into Bahrain&nbsp;&nbsp;- Disrupt Africa,,https://news.google.com/rss/articles/CBMijwFBVV95cUxQYTE3dm5mZGFvMjFfdFJGamNDOXN2dGtzMmp0Rmo0MDZFZ1htbUVldXN6SlNlc0xTclI4NkpteV9lOGsxN0d1WkxGRmgzOXVRUHhIRjlnU2ZxVkU0LXBTRlh2aXFoX0Q0RUlBbEFlOGt3OUZPMGxTRjdRZXVlTUVNWmt5NW5wbkFHXzdkNjRfWQ?oc=5,Unknown,2026-09-09 22:22:13.523439+00:00,2026-09-09T22:22:13.523439,AI & Tech,0.0,Neutral,"egyptian, startup, velents, expands, bahrain, disrupt, africa",,,144.0,,2026-09-09,22,Wednesday,144.0,7,49.4,2026-09-09 22:30:30.312391+00:00
,Google News: Africa startup,US-based Pigee to acquire 55% stake in Nigerian logistics startup ShipAfrica - TechCabal,US-based Pigee to acquire 55% stake in Nigerian logistics startup ShipAfrica&nbsp;&nbsp;TechCabal,,https://news.google.com/rss/articles/CBMikgFBVV95cUxNQ3A2TENJS1lOLUs3TkczNlpSTmlkZFRHazhreG5DdThkWUZEdU8zVmx0RFBkV0diTUZMUmp4MVhZamEtdlBxZEVtTlEwdFl0T0tXYl9zUmRMNThBQ1A3bm1IakdaM1d4UllZQ3M2RDB5SzBITUhfRlRCMm1Gd3JVY1NzSUk2WVFZcmZWeWs1TDZJZw?oc=5,Unknown,2026-09-09 22:22:13.525246+00:00,2026-09-09T22:22:13.525246,Business,0.0,Neutral,"based, pigee, acquire, stake, nigerian, logistics, startup, shipafrica",,,186.0,,2026-09-09,22,Wednesday,186.0,8,58.6,2026-09-09 22:30:30.312391+00:00
,Google News: Africa startup,Africa Startup Funding Holds Steady as Early-Stage Deals Dip - dabafinance.com,Africa Startup Funding Holds Steady as Early-Stage Deals Dip&nbsp;&nbsp;dabafinance.com,,https://news.google.com/rss/articles/CBMidkFVX3lxTE44Vl8xVFdTNjZ5amUtc2tRNlVWQWRFR2Y1Q2NlYWhKeU5RQUxFRFRtOUxEcU5qb1A3OHlrNE1BeUpGRVdodkpoQjdoMkZQLUxGVmJHcXB4VEVxdGd2RFY5MnJSSXh6cUczVUtmZmxwN1lVZjdKT0E?oc=5,Unknown,2026-09-09 22:22:13.526839+00:00,2026-09-09T22:22:13.526839,Business,0.1667,Positive,"africa, startup, funding, holds, steady, early, stage, deals",,,166.0,,2026-09-09,22,Wednesday,166.0,8,59.934,2026-09-09 22:30:30.312391+00:00
,Google News: Africa startup,Africa Startups Turn Inward as US AI Boom Drains Venture Capital - Bloomberg,Africa Startups Turn Inward as US AI Boom Drains Venture Capital&nbsp;&nbsp;Bloomberg,,https://news.google.com/rss/articles/CBMitgFBVV95cUxPLUdodndDbDRmRGRVNHBqcmpqOUhYMUNNQW1CWFEtWVRTQ0I4QmJ6SXBNcllxemh4RHhWRllJOXZFLXA5bzdWOXJyd0FSVElIZk9raktnTTgwUjFjd2VQUmU3Sm51MTJSU1NJWkhMYUotVHIyQjhGREFINE5teVpINWtFNnNkVGNIaWdqOVlBSEQxbnlHak85cHpIeDhVV2Q5OTR2emRjUFpSSnhBb0o1aXdtRWtZUQ?oc=5,Unknown,2026-09-09 22:22:13.528316+00:00,2026-09-09T22:22:13.528316,AI & Tech,0.0,Neutral,"africa, startups, inward, drains, venture, capital, bloomberg",,,162.0,,2026-09-09,22,Wednesday,162.0,7,51.2,2026-09-09 22:30:30.312391+00:00
,Google News: Africa startup,"South Africa Startup Cracks Athleisure With NBA, Man City Deals - Bloomberg","South Africa Startup Cracks Athleisure With NBA, Man City Deals&nbsp;&nbsp;Bloomberg",,https://news.google.com/rss/articles/CBMiswFBVV95cUxOMmVHeXFyb2ZYRGpnNThsR0dtVnpCRm9UUVE4OHpicFR5cC12LXhDQWc3UGt3Tl91NnNNTDNMODVyQXEtSDd1S2ZLMXcxbHNuNk9SVEN0Z2pxN3dpUFBaMmp2NXJmM3MyZlVPMWYyUWoxcjNLbWxURkpXbnVpVFJGeHRoaVBNUFNmbm5Ua0FYdlhTMTNCQWFGc0Z5cC1nWHJDd2FZOThJV1NuV09pbmt0Q0hqbw?oc=5,Unknown,2026-09-09 22:22:13.530141+00:00,2026-09-09T22:22:13.530141,Business,0.0,Neutral,"south, africa, startup, cracks, athleisure, deals, bloomberg",,,160.0,,2026-09-09,22,Wednesday,160.0,7,51.0,2026-09-09 22:30:30.312391+00:00
,Google News: Africa startup,"African Startup Funding Rebounds to $455 Million in August, Driven by Mega-Deals - tekedia.com","African Startup Funding Rebounds to $455 Million in August, Driven by Mega-Deals&nbsp;&nbsp;tekedia.com",,https://news.google.com/rss/articles/CBMipgFBVV95cUxPMldtejJSR1oxd0lkRXdSYS01cnhtcUFIN2E4SVlPUm5jaDJhV2tKOUd6dEJWQVZqWHF5Y2toNTJmT0phdmdIWV9xODZRaFhCcDhhSi1ReHRTZ1oySk9Tb2h1WUVkSXVLNExZUE1QNTJPbG1HdHpfdXk2RnNjZXpOai1rXzNIeVQxdmZwWElXSTItOGRQS09mSGZDNC1YOE5Md0FZZU9n?oc=5,Unknown,2026-09-09 22:22:13.532671+00:00,2026-09-09T22:22:13.532671,Business,0.0,Neutral,"african, startup, funding, rebounds, million, august, driven, deals",,,198.0,,2026-09-09,22,Wednesday,198.0,8,59.8,2026-09-09 22:30:30.312391+00:00
,Google News: Africa startup,"Africa’s Startup Funding Rebounds to $455m in August 2026, Driven by Mega Deals - Tech In Africa","Africa’s Startup Funding Rebounds to $455m in August 2026, Driven by Mega Deals&nbsp;&nbsp;Tech In Africa",,https://news.google.com/rss/articles/CBMiqgFBVV95cUxQd2QxNkVmRmxoWE9JOXotWV8tODNURGxEeDUxQl9sNGNickpKTUM5a3JKellfYTBxamZQLUI1ZnBlNm5KZm5BakRQUWlXVmVYTzZOQ3pHcEE1MTJJc09JbzR6Z2Y0V1VvV3RfOUUzaWxIbV85V1IybnRmZllIc1N2eXdoenlBMTFEWXJZdUMtUlNxQ004Zml0MGNENzFXU2JqYlVaRHp0OUIzdw?oc=5,Unknown,2026-09-09 22:22:13.537376+00:00,2026-09-09T22:22:13.537376,Business,0.0,Neutral,"africa, startup, funding, rebounds, august, driven, deals",,,202.0,,2026-09-09,22,Wednesday,202.0,7,55.2,2026-09-09 22:30:30.312391+00:00
,Google News: Africa startup,Africa Startup Funding Holds Steady as Early-Stage Deals Dip - dabafinance.com,Africa Startup Funding Holds Steady as Early-Stage Deals Dip&nbsp;&nbsp;dabafinance.com,,https://news.google.com/rss/articles/CBMib0FVX3lxTE5jQzhJZmpmWlR4MDU5X212eDhnUXJ0VG9NNHhiY2JObmQ5cVpkV0hXRnpvNnZzNEJOVHdla3NGWkVuNVpZbE1pWTV6ZFhtZW9HZjB5eGwtazk1OWdDRDF5Z2JoVHNkTExUZFJSY3FiUQ?oc=5,Unknown,2026-09-09 22:22:13.539547+00:00,2026-09-09T22:22:13.539547,Business,0.1667,Positive,"africa, startup, funding, holds, steady, early, stage, deals",,,166.0,,2026-09-09,22,Wednesday,166.0,8,59.934,2026-09-09 22:30:30.312391+00:00
,Google News: Africa startup,"Stablecoin Infra Startup Checker Raises $8M for Africa, Asia Expansion - dabafinance.com","Stablecoin Infra Startup Checker Raises $8M for Africa, Asia Expansion&nbsp;&nbsp;dabafinance.com",,https://news.google.com/rss/articles/CBMiiAFBVV95cUxNY0h4OUhmZkJaenhHWTgxcXRNTGFMbVRObGFvckQ4S1dDYUhZVzMwZ2Y5ckoyUmI4bkFPVzlHWWNaRktYR3J1MDBsWEpYQmExVGxqZTIyUHlxbHdHOWwteXJ6NHVncUdMbm9kTnhoQkNhSHlRYXNHclRmNXZ6TVZ6SXFIWGtueEwt?oc=5,Unknown,2026-09-09 22:22:13.544313+00:00,2026-09-09T22:22:13.544313,Business,0.0,Neutral,"stablecoin, infra, startup, checker, raises, africa, expansion, dabafinance",,,186.0,,2026-09-09,22,Wednesday,186.0,8,58.6,2026-09-09 22:30:30.312391+00:00
,Google News: Africa startup,"𝐊𝐞𝐧𝐲𝐚 𝐭𝐨𝐩𝐬 𝐀𝐟𝐫𝐢𝐜𝐚’𝐬 𝐬𝐭𝐚𝐫𝐭𝐮𝐩 𝐟𝐮𝐧𝐝𝐢𝐧𝐠 𝐢𝐧 𝟐𝟎𝟐𝟓 𝐚𝐬 𝐝𝐞𝐛𝐭-𝐡𝐞𝐚𝐯𝐲 𝐜𝐥𝐞𝐚𝐧 𝐞𝐧𝐞𝐫𝐠𝐲 𝐝𝐞𝐚𝐥𝐬 𝐩𝐨𝐰𝐞𝐫 𝐚 $𝟗𝟖𝟒 𝐦𝐢𝐥𝐥𝐢𝐨𝐧 𝐡𝐚𝐮𝐥. Kenyan startups raised Sh126 billion, or $984 million, in 2025, placing Kenya ahead of major African market - linkedin.com","𝐊𝐞𝐧𝐲𝐚 𝐭𝐨𝐩𝐬 𝐀𝐟𝐫𝐢𝐜𝐚’𝐬 𝐬𝐭𝐚𝐫𝐭𝐮𝐩 𝐟𝐮𝐧𝐝𝐢𝐧𝐠 𝐢𝐧 𝟐𝟎𝟐𝟓 𝐚𝐬 𝐝𝐞𝐛𝐭-𝐡𝐞𝐚𝐯𝐲 𝐜𝐥𝐞𝐚𝐧 𝐞𝐧𝐞𝐫𝐠𝐲 𝐝𝐞𝐚𝐥𝐬 𝐩𝐨𝐰𝐞𝐫 𝐚 $𝟗𝟖𝟒 𝐦𝐢𝐥𝐥𝐢𝐨𝐧 𝐡𝐚𝐮𝐥. Kenyan startups raised Sh126 billion, or $984 million, in 2025, placing Kenya ahead of major African market&nbsp;&nbsp;linkedin.com",,https://news.google.com/rss/articles/CBMijgRBVV95cUxNMFBWeHp1ZnZtaVRJVHpuU0RlbmtGWWlHUXdPWEN2UmJYVzVWUkp1U1RBZWFfUFdfVk9qUjdsU29FcUllWTNiRHNiT1hnM3pvUTRUNHpqRk1saDdMZjJBZHFJb2ZUaFg4UHNmWVp1d0hYZmFVVzVaMUZGLTY2R3lsMTg4bThPZE4tZkpmbzJtRUpNTHNuOFdqY3o2WnhBNm14UnZzZ0VZeDU0RkwzNVBvRzdpbjFWRjU3SUppaUxvR21FYzRSVGFJOVlHMkp5RkFScC1BUmJOZ1VXXzViZW45aE1aSTcwN2dRNGxsTUNYYVFzOWwxbFBsRm5RakI3cmt6OVJubE9YTWpPYVRQUEpSSDB3bHRYWkd6enRnNUJ0VHN0MFZmUFQ0bFpZcndmWUVjR3U5S2wwLTZnZUk4aElTZUhUMFdwbW1rZmM3QXhRUVUtdXBoekRfX2JmMGRtOWJhNEpPczBNbl9WYmxEUkdiQkFKVXBTT1d4S1dJNjEzdlVKalR2M0gyQThXUzhiVDJHSU80MTFuaEFLNHVXNmlpQ05LcGdWZC1VZ0s5SFl4WS1sZEJsdUdBSmVuMlFxODJVbWdwV0xDbGJDNjhXMHgtZjI2SGdGeEtkUjQwUGFONVVBdGszZFpGcXE4dS16S3pPRGxoOFlGcC1JUXVITDI5N3NHS1E0d2JON3VQaXZn?oc=5,Unknown,2026-09-09 22:22:13.547318+00:00,2026-09-09T22:22:13.547318,Business,0.0312,Neutral,"kenyan, startups, raised, billion, million, placing, kenya, ahead",,,462.0,,2026-09-09,22,Wednesday,462.0,8,86.824,2026-09-09 22:30:30.312391+00:00
,Google News: Africa startup,African startups raise $435m in August as Nigeria takes 84% - The Guardian Nigeria News,African startups raise $435m in August as Nigeria takes 84%&nbsp;&nbsp;The Guardian Nigeria News,,https://news.google.com/rss/articles/CBMirgFBVV95cUxOQ2VwNi1Hel9mSDNUSF96ekpkeTBFRml0X3hKZTZlcnZTeFNaY3NycGtEYXpSMlVtcnF2d2lJY0FtM1VqZFhwMGFRS3NqWDhzQzJkcEpnM1REX3FkV1dyM0xvMm9xSzVUbXZrdHJ1bFBKSmpXeDB5bHlEVEM5a3E1MHg3WDBJSk4ybmhHY09GMzF1YzRZZ1NQY0dhV24tMDl2eF9DQ0d5YlktaVlvWlE?oc=5,Unknown,2026-09-09 22:22:13.549462+00:00,2026-09-09T22:22:13.549462,Business,0.0,Neutral,"nigeria, african, startups, raise, august, takes, guardian",,,184.0,,2026-09-09,22,Wednesday,184.0,7,53.400000000000006,2026-09-09 22:30:30.312391+00:00
,Google News: Africa startup,Nigerian EV startup MAX secures $8m to accelerate expansion across Africa - africabusinesscommunities.com,Nigerian EV startup MAX secures $8m to accelerate expansion across Africa&nbsp;&nbsp;africabusinesscommunities.com,,https://news.google.com/rss/articles/CBMiygFBVV95cUxPam5tb2ZScXJ4RzdtbTlOdllPeDVweFVyS1I1OG0zOEM2SG8wdW1RQlpLZDIya0t6eHR6b2g3SlY1TUk3emJKVF9DVnFXbE9TVjVBNzhYSG1rWV94RTRtWURBWV9YRm5ibFpMc3EtcUtkcUZFMkZGdjI5NnREX2pRelFWWmVUSGI0aTEwQThDNFRwUkVuRFpDTGFpSzBGR3ExbGRWVXdTUGVNX3FRakgwWUQ5TFZORHRSZS0wLXo4MmlpNzlsd0lfZDJR?oc=5,Unknown,2026-09-09 22:22:13.556391+00:00,2026-09-09T22:22:13.556391,Business,0.0,Neutral,"nigerian, startup, secures, accelerate, expansion, across, africa, africabusinesscommunities",,,220.0,,2026-09-09,22,Wednesday,220.0,8,62.0,2026-09-09 22:30:30.312391+00:00
,Google News: Africa development,African Development Bank Group and African Forum of Deposit Funds Enter into New Alliance to Mobilize More Long-Term Financing - African Development Bank Group,African Development Bank Group and African Forum of Deposit Funds Enter into New Alliance to Mobilize More Long-Term Financing&nbsp;&nbsp;African Development Bank Group,,https://news.google.com/rss/articles/CBMihwJBVV95cUxNR1dzVGcxQ3ktY19rOEo4a1FRSTVYbHZ1eHd3cTc3aEJqV2xobTRtQVNPRGRMd0Z0Z25yenlIcE1SNVZjOVJXRlhKcTgtSUN3enJwbV9GTnpFM0ktSFlrU3NRSmlOZC03dFZHRm83c0pIUFloOHVCOVBnQ0I2S1IydFpvcnl2dUhIN3hfa0EtWWFnbkZSMUNSQkNxNE1mczVMTkhRdUgyTWxTYklyWEFHMjZ0RjdsX2pvVTFEUDJLanpCQmRxS1NIU1dSUjhIYThyRlNKRVhlNVotNzhnd1hvUGNzWC1tQ1M2UTZwODFXaHFUeDcwZExHbkpYVkNxanREcUJKVWFIdw?oc=5,Unknown,2026-09-09 22:22:14.378608+00:00,2026-09-09T22:22:14.378608,General,0.1414,Positive,"african, development, forum, deposit, funds, enter, alliance, mobilize",african development bank,Africa Development Finance,328.0,,2026-09-09,22,Wednesday,328.0,8,75.62800000000001,2026-09-09 22:30:30.312391+00:00
,Google News: Africa development,Hyundai Motor Group and African Development Bank Partner to Accelerate Sustainable Development Across Africa - Hyundai Motor Group,Hyundai Motor Group and African Development Bank Partner to Accelerate Sustainable Development Across Africa&nbsp;&nbsp;Hyundai Motor Group,,https://news.google.com/rss/articles/CBMinwFBVV95cUxQdW5Bek9IWlVHODc1RmtzUFAtTldCUVg4Uy1KOVRVd0dfYmx3dXc2YkxwckhrTXpsdnpPLWF0c2dOQXhwMnVMVTBoVVdGamhGYVdJMi1tVjloV1VkMGxSM081ZC1vZXFlckRncFN2YmU3eTBLa2h1UUkyNmRfajVvN1FPc1RuYUlKNFByc0xmeUlNZmt1VDR1WlNQVEFGRnc?oc=5,Unknown,2026-09-09 22:22:14.379018+00:00,2026-09-09T22:22:14.379018,General,0.0,Neutral,"hyundai, motor, development, african, partner, accelerate, sustainable, across",african development bank,Africa Development Finance,270.0,,2026-09-09,22,Wednesday,270.0,8,67.0,2026-09-09 22:30:30.312391+00:00
,Google News: Africa development,5 trends shifting Africa's development job market - Devex,5 trends shifting Africa's development job market&nbsp;&nbsp;Devex,,https://news.google.com/rss/articles/CBMiiwFBVV95cUxQTUd5d21aNGo3eWZpODB2RG1JZVFlekxYM0hsME0tOEkzNFJyaC0zbGRGRmlTQ3NRbmlwcnlzeDR3S0dhT3NBSV9YMl9ISExFTHRiZnc3SENidGRfTGszUEwzRmlFWXNwbEdOTEJWdEx0MThIcU5QXy1BTHFkeVBuSXFqREE3VjFlUnZN?oc=5,Unknown,2026-09-09 22:22:14.379344+00:00,2026-09-09T22:22:14.379344,Business,0.0,Neutral,"trends, shifting, africa, development, market, devex",,,124.0,,2026-09-09,22,Wednesday,124.0,6,42.4,2026-09-09 22:30:30.312391+00:00
,Google News: Africa development,US moves to beat China to Africa’s critical minerals with plans to develop a major processing industry within East Africa’s largest economy - Business Insider Africa,US moves to beat China to Africa’s critical minerals with plans to develop a major processing industry within East Africa’s largest economy&nbsp;&nbsp;Business Insider Africa,,https://news.google.com/rss/articles/CBMi1AFBVV95cUxQSHNkSU4zQ241OTl2b3FBSF9ZVFdDNWtwd2pNMGUtMW15dS1xNnRqUVpld0R5OHlLNXd6c3NZeVhqS2RMcnIxRERuQXQ4czRaWUV3bGVzMlpMQldjaWhCWlVzMk5udG51QWc5OE0xVGZZcVVMYXQwaXlqTlFGSFB4a0JqUHhqemFQUUNvSFYyY1ZON2cwQnduUDlWTTAtMnJIam9FUHFtRjdVUDNzY2FlRWIzMnZaQ2Z3ZGU1NEQ1LVVYSlBqRk9XaVFOQzA5WWtQcEEyeg?oc=5,Unknown,2026-09-09 22:22:14.379792+00:00,2026-09-09T22:22:14.379792,Business,0.0312,Neutral,"africa, moves, china, critical, minerals, plans, develop, major",,,340.0,,2026-09-09,22,Wednesday,340.0,8,74.624,2026-09-09 22:30:30.312391+00:00
,Google News: Africa development,Russia-Africa Policy Debates – OpEd - Eurasia Review,Russia-Africa Policy Debates – OpEd&nbsp;&nbsp;Eurasia Review,,https://news.google.com/rss/articles/CBMifkFVX3lxTE05b3FLYVM5WUF4U3RpdE5TU0N6SF9sWFcyV05RSjdYQ1gzbmctNnZKaFdPUEtZMFpEYzE5dWM1QUtCQmw1RTBsVW9tRG9MaDFFUzV4bjRfS2lWRHdiVkFmeFBQLTNFZm1GNzFRc3BPTjhucndFZ2FPeHByQWxxZw?oc=5,Unknown,2026-09-09 22:22:14.380143+00:00,2026-09-09T22:22:14.380143,Politics,0.0,Neutral,"russia, africa, policy, debates, eurasia, review",,,114.0,,2026-09-09,22,Wednesday,114.0,6,41.4,2026-09-09 22:30:30.312391+00:00
,Google News: Africa development,Why trust will determine Africa's AI future - news.microsoft.com,Why trust will determine Africa's AI future&nbsp;&nbsp;news.microsoft.com,,https://news.google.com/rss/articles/CBMijAFBVV95cUxOQnJzNFlIODJUNGpyUWM0NDRPWm9OZ3hvc1hfOHQySjNNVy1IREZmenY0SnRkQnBtMHp4X0ptLXhqYTlqSnEtdG5KQ0NKOVVUTVNBelhxdFdxQW9OeFJmelExSVNmVHFWbVg4MkJYcjB4MEZoempzdzlYaVRMYmFhcXU0UlZoU1BGTm5YNQ?oc=5,Unknown,2026-09-09 22:22:14.380739+00:00,2026-09-09T22:22:14.380739,AI & Tech,0.0,Neutral,"trust, determine, africa, future, microsoft",,,138.0,,2026-09-09,22,Wednesday,138.0,5,38.8,2026-09-09 22:30:30.312391+00:00
,Google News: Africa development,Reclaiming Africa's right to development - China Daily,Reclaiming Africa's right to development&nbsp;&nbsp;China Daily,,https://news.google.com/rss/articles/CBMifkFVX3lxTFA5QzkwUkNVazM3Y0RHQlJGZ21zOXhaRzNLU05fam96VW9XS3E2dUJBb0JVSFJPVm5WYTRYcGpuU2pfWGpTcXkwLTRFU09XT0JfUE5RaEJXQTNoV3p6YlBZM045UWo1aUR6OTZkN0NrenI5cFhPRk1FYzVKSzkzQQ?oc=5,Unknown,2026-09-09 22:22:14.381002+00:00,2026-09-09T22:22:14.381002,General,0.1429,Positive,"reclaiming, africa, development, china, daily",,,118.0,,2026-09-09,22,Wednesday,118.0,5,39.657999999999994,2026-09-09 22:30:30.312391+00:00
,Google News: Africa development,HMG and AfDB sign letter of intent to develop Africa - Automotive World,HMG and AfDB sign letter of intent to develop Africa&nbsp;&nbsp;Automotive World,,https://news.google.com/rss/articles/CBMilAFBVV95cUxPUF9mRTA1eW1XTmFzMmdMS1BwZWxyY3VQRkR2SURKejNIc1JfdFg3d1AzUUxCVUprdlRuY1ZHaDMyeUN4Qkd4VllGUm5fczVCdUEteU5BTk9MYVFTTGV5WVEzMERna1VjT29RTmllUEFsSTFlZzNaaGlnbE85SDFNRHI5SU82ZnFxQnJQVmdmYzF4SW45?oc=5,Unknown,2026-09-09 22:22:14.381250+00:00,2026-09-09T22:22:14.381250,General,0.0,Neutral,"letter, intent, develop, africa, automotive",afdb,Africa Development Finance,152.0,,2026-09-09,22,Wednesday,152.0,5,40.2,2026-09-09 22:30:30.312391+00:00
,Google News: Africa development,"Nigeria: TGI targets West Africa growth as Reliance, Wilmar deals take shape - The Africa Report","Nigeria: TGI targets West Africa growth as Reliance, Wilmar deals take shape&nbsp;&nbsp;The Africa Report",,https://news.google.com/rss/articles/CBMitAFBVV95cUxNVUU5N1NEQ3NVZVc0OUZfWDAwOUhRZVRYNklKeGQ4WXRHVEtZR25OQU5JcUg0dkZYWmlfSFF3TERTdklMR1daR0pmS0hGUE1yMkVGa3VBbl9FTGk3MXI5TFNRODlSYk5FZTU5VlotUFRaelZHSUVjdkJhOU1WSVRWOHZXdWxFTktnMWNDcEdRNnM5VF9nVy1TQ3h6TUV3cFNnRDhxcFMtOXRpejA0N3dHQUVnMUY?oc=5,Unknown,2026-09-09 22:22:14.381529+00:00,2026-09-09T22:22:14.381529,General,0.0,Neutral,"africa, nigeria, targets, growth, reliance, wilmar, deals, shape",,,202.0,,2026-09-09,22,Wednesday,202.0,8,60.2,2026-09-09 22:30:30.312391+00:00
,Google News: Africa development,Hyundai Motor Group Partners with African Development Bank to Target Green Hydrogen and EV Value Chain - finance.biggo.com,Hyundai Motor Group Partners with African Development Bank to Target Green Hydrogen and EV Value Chain&nbsp;&nbsp;finance.biggo.com,,https://news.google.com/rss/articles/CBMidkFVX3lxTE5samZ6Y1hCS2NVeVJOYk5rd3FaS3pTQS1LUnI0RU1ISGxBaFNRdy16ZVNGZDVObFVVMnh2aHFfRFZoMWhua2VnZFo2cGE4Z2pla2xxU2FVTGQ3ZFA1djctemkxTXNQY19zLUtWYTROS1J2RE1KUWc?oc=5,Unknown,2026-09-09 22:22:14.381861+00:00,2026-09-09T22:22:14.381861,Business,-0.1,Negative,"hyundai, motor, partners, african, development, target, green, hydrogen",african development bank,Africa Development Finance,254.0,,2026-09-09,22,Wednesday,254.0,8,67.4,2026-09-09 22:30:30.312391+00:00
,Google News: Africa development,Minerals diplomacy is Australia’s opening in Africa - Lowy Institute,Minerals diplomacy is Australia’s opening in Africa&nbsp;&nbsp;Lowy Institute,,https://news.google.com/rss/articles/CBMingFBVV95cUxNNzE3NVpyRUxGVG5xVG5KeHZiX3lMWGxLVWVubXVfS2hZV2VqQ09zNl9nalBtSkJUbWxLTlpYTUV6elAwMTF5UzFpLVdzUGtZMEJaMnQ3cjl6RlJRR1Q2VFJna3VRSXJwRkEwNEsyd1dYY0UyemR4N1hzWnA2R054NEZYTXRIMUlkZThxLTBFWmk1Zmo0LWJZNkRQSVBEdw?oc=5,Unknown,2026-09-09 22:22:14.382170+00:00,2026-09-09T22:22:14.382170,General,0.0,Neutral,"minerals, diplomacy, australia, opening, africa, institute",,,146.0,,2026-09-09,22,Wednesday,146.0,6,44.6,2026-09-09 22:30:30.312391+00:00
,Google News: Africa development,Southern African Development Community (SADC) and Food and Agriculture Organization of the United Nations (FAO) reinforce collaboration for resilient agrifood systems - Africa24 TV,Southern African Development Community (SADC) and Food and Agriculture Organization of the United Nations (FAO) reinforce collaboration for resilient agrifood systems&nbsp;&nbsp;Africa24 TV,,https://news.google.com/rss/articles/CBMilAJBVV95cUxQeDdZb2hvSkE0bWlabmExVXJrZFdobW9tRGJUeHRRWG92SldZTEtLMjNDUFVDT3RtNXBIMUhTZmJHREllVktPeUVvWk1wWWxwUzNxdlBNOWZuSkVNSTE0ZGVCZjg4dE4taHBZbW5ZWlRrNWtmYUo1NEVPS0V2VlRIbEVUTVk3bjh3bHdzcXVmeGYzVkJFVDd4WEdhNEhvTktNbENzNnVJVDJSc3U3ZFRhWEhHNzA5aXQ4N3VBQkpLblNNeWJyLUxtTWZXc25EbHZfYzFkZVhhM1ByZVFHMXdfWGFmWlZKVGphaEE0OElHSlZaQVI0ajktZEY4b3FGdk5wb09aX3k0REozVWNfT3N4X1lMM3Y?oc=5,Unknown,2026-09-09 22:22:14.383125+00:00,2026-09-09T22:22:14.383125,Agriculture,0.0,Neutral,"southern, african, development, community, agriculture, organization, united, nations",,,370.0,,2026-09-09,22,Wednesday,370.0,8,77.0,2026-09-09 22:30:30.312391+00:00
,Google News: Africa development,Farming can help drive southern Africa’s growth if countries in the region make trade easier - wandile.substack.com,Farming can help drive southern Africa’s growth if countries in the region make trade easier&nbsp;&nbsp;wandile.substack.com,,https://news.google.com/rss/articles/CBMiekFVX3lxTE5IM2tfMDhSdldISTJOamJCVUs2UXZDTXVBbnpyUzJ5VUE4NHcwN3lPVVRvT2xRSmZkaGN1SS1Jd0d6NWk5Z01sdWMtbWsxNTRjbW9GaE44c2lyUjRQUnQtV0hzRl9VS3FCNnpHcTBXeUV3X0stQ1ZzcURB?oc=5,Unknown,2026-09-09 22:22:14.383516+00:00,2026-09-09T22:22:14.383516,Agriculture,0.0,Neutral,"farming, drive, southern, africa, growth, countries, region, trade",,,240.0,,2026-09-09,22,Wednesday,240.0,8,64.0,2026-09-09 22:30:30.312391+00:00
,Google News: Africa development,Africa’s Universities Urged to Redefine Excellence to Lead the Continent’s Transformation - ednews.africa,Africa’s Universities Urged to Redefine Excellence to Lead the Continent’s Transformation&nbsp;&nbsp;ednews.africa,,https://news.google.com/rss/articles/CBMidEFVX3lxTFBBZndISWJmX3hidWpESENGT2RUN0gxQXRMSld4QWZ2YWZuQnlBSDNUMHlXdkhPQlh3dHB6cDlfNE5UeG5WV3ZwUXJFT1N6NUhFV0JJdFMxVXVWXzhKSHlhdXgyQ0FfWTVpMHp1eTBjajdQLWc3?oc=5,Unknown,2026-09-09 22:22:14.383909+00:00,2026-09-09T22:22:14.383909,General,0.0,Neutral,"africa, universities, urged, redefine, excellence, continent, transformation, ednews",,,220.0,,2026-09-09,22,Wednesday,220.0,8,62.0,2026-09-09 22:30:30.312391+00:00
,Google News: Africa development,Powering Progress: KOAFEC’s ICT programs transfer knowledge across Africa - African Development Bank Group,Powering Progress: KOAFEC’s ICT programs transfer knowledge across Africa&nbsp;&nbsp;African Development Bank Group,,https://news.google.com/rss/articles/CBMizwFBVV95cUxOU09QYVZ2OEo1bWViSzBMcFpQaHBod0FPSk5nNWFYQzZFa2ZTYm80ZzhmVFgzcTU5MU9hZmhmVUx0UG1zTDhUUks3M18tSXRhcmxKclE2WTI0eEtJTVJ4bTZwWEYyLWUza3ZsaGRoRjdJZGsyY2gxSV8taFpKc3lIMHlLS3cyRkhXT01UVDdpM1NPWHhFakJ3eEd1VUZaeXdKdXZjZWw1d0RmaFh4MVF6RXFmblFESVNMaFNjcGJHRDRNWmtTUUxHemhpeHR1ZW8?oc=5,Unknown,2026-09-09 22:22:14.384277+00:00,2026-09-09T22:22:14.384277,General,0.0,Neutral,"powering, progress, koafec, programs, transfer, knowledge, across, africa",african development bank,Africa Development Finance,222.0,,2026-09-09,22,Wednesday,222.0,8,62.2,2026-09-09 22:30:30.312391+00:00
,Google News: Africa development,ADEL Africa-Wide Call for Expert Consultants 2026 | Join the Remote Development Consulting Roster - Global South Opportunities,ADEL Africa-Wide Call for Expert Consultants 2026 | Join the Remote Development Consulting Roster&nbsp;&nbsp;Global South Opportunities,,https://news.google.com/rss/articles/CBMia0FVX3lxTFBDTlI5SUhJUUJNQUNRU1JxUW8zelM5YlFPNlE3NHVqd1FMWjZKaExrRi1Cd09La3kyWjUxeEh1OEtZR1hBbnNMdmZ4Y3I1V201MU9FOUFjd09ZQm1HUXZ3ZFlUZFFVa1RHZXhV?oc=5,Unknown,2026-09-09 22:22:14.385582+00:00,2026-09-09T22:22:14.385582,General,-0.0667,Negative,"africa, expert, consultants, remote, development, consulting, roster, global",,,262.0,,2026-09-09,22,Wednesday,262.0,8,67.534,2026-09-09 22:30:30.312391+00:00
,Google News: Africa development,"XCMG, SANY report strong Africa growth - African Review","XCMG, SANY report strong Africa growth&nbsp;&nbsp;African Review",,https://news.google.com/rss/articles/CBMiggFBVV95cUxNdUJ6MXNBMW1TQ2tOeU1jMGxYVDhOVFpYSXdqdjFHUll4cTZmRnJ1SllMRnhaSTZWZ2dkczgxWTN6MVhYYlNYdFN1REhKYXhiNFZyMnZSYkN2b1ZYV1JZeW8tcDZZaTBrN2dEWFhQYWFrQXJWTTktRTB5WVlZa3dNOUdR?oc=5,Unknown,2026-09-09 22:22:14.385875+00:00,2026-09-09T22:22:14.385875,General,0.2889,Positive,"report, strong, africa, growth, african, review",,,120.0,,2026-09-09,22,Wednesday,120.0,6,47.778,2026-09-09 22:30:30.312391+00:00
,Google News: Africa development,AfDB sets up $5 billion energy and fertilizer crisis response - africabusinesscommunities.com,AfDB sets up $5 billion energy and fertilizer crisis response&nbsp;&nbsp;africabusinesscommunities.com,,https://news.google.com/rss/articles/CBMiqwFBVV95cUxOYlUxMWJUWGlKT3paaFQ0MDdKRkRialpGdUtvVC0tb2NfY0ROTHFVa2k5MDdMbk5PNFNfX09yVTdLYmtCZG9icVlFV19iZ2d6ekNJbGtKT2ZVeWFldVE1ZkF4WVAxSG1LV0NpRk5ueXZIOUtuS0MzTU11VkJyTlducHd4cWZ2Qzd3Q05nNHYtQTRuMzI3bkZyT3FjVWhjZkROU1cyczJld1dmLUU?oc=5,Unknown,2026-09-09 22:22:14.386500+00:00,2026-09-09T22:22:14.386500,Business,0.0,Neutral,"billion, energy, fertilizer, crisis, response, africabusinesscommunities",afdb,Africa Development Finance,196.0,,2026-09-09,22,Wednesday,196.0,6,49.6,2026-09-09 22:30:30.312391+00:00
,Google News: Africa development,"S. Korea, Africa hold complementary strengths in AI era: AfDB president - Yonhap News Agency","S. Korea, Africa hold complementary strengths in AI era: AfDB president&nbsp;&nbsp;Yonhap News Agency",,https://news.google.com/rss/articles/CBMiWkFVX3lxTE9wbk9WOFljZ24wRjJmYWJXNFVGTmdPdkZyQ2FQMWpfc1pVNE9kS0NlLThxLWhpVHNfUTFQMTJ3NzkySTBSVjJoZ3EzN3B1clV3d2c3LUhvQWprQQ?oc=5,Unknown,2026-09-09 22:22:14.386806+00:00,2026-09-09T22:22:14.386806,AI & Tech,0.0,Neutral,"korea, africa, complementary, strengths, president, yonhap, agency",afdb,Africa Development Finance,194.0,,2026-09-09,22,Wednesday,194.0,7,54.400000000000006,2026-09-09 22:30:30.312391+00:00
,Google News: Africa development,The government has decided to cooperate with 45 African countries in the artificial intelligence (AI.. - mk.co.kr,The government has decided to cooperate with 45 African countries in the artificial intelligence (AI..&nbsp;&nbsp;mk.co.kr,,https://news.google.com/rss/articles/CBMiUkFVX3lxTE1sQlFQTFFMX2ljem5NV2sybXpaZndxNDl4TWh1Y3RVTWppV0JWSlB1Z1FkbUhzSEU3QUl6UUhyQ2JMMnpEWUt5UHR6ZXlFbFd4clE?oc=5,Unknown,2026-09-09 22:22:14.387304+00:00,2026-09-09T22:22:14.387304,AI & Tech,-0.3,Negative,"government, decided, cooperate, african, countries, artificial, intelligence",,,236.0,,2026-09-09,22,Wednesday,236.0,7,64.6,2026-09-09 22:30:30.312391+00:00
,Google News: Africa development,Hyundai Motor Group and African Development Bank Join Hands for Sustainable Development - mk.co.kr,Hyundai Motor Group and African Development Bank Join Hands for Sustainable Development&nbsp;&nbsp;mk.co.kr,,https://news.google.com/rss/articles/CBMiU0FVX3lxTFBBYXRYbUU2OHhSSTREOUVET3plWTh2X0lua0VWV09NM3NsbVRVMHhpLU5KbDhhTGhuU3lXVWswczB3ZEFKdWZzbEp6ODhRM21aTW5v?oc=5,Unknown,2026-09-09 22:22:14.387582+00:00,2026-09-09T22:22:14.387582,General,0.0,Neutral,"development, hyundai, motor, african, hands, sustainable",african development bank,Africa Development Finance,206.0,,2026-09-09,22,Wednesday,206.0,6,50.6,2026-09-09 22:30:30.312391+00:00
,Google News: Africa development,Hyundai Motor Group Deepens Africa Push With Development Bank Pact - Koreabizwire,Hyundai Motor Group Deepens Africa Push With Development Bank Pact&nbsp;&nbsp;Koreabizwire,,https://news.google.com/rss/articles/CBMingFBVV95cUxQZmdnQU1KaHV2d1oyb3ZtdV9WU21JTGtYYjZUamFSRnFEVmZVQ0NDNGZsZ3NaTndRUXladm1YS3pIaXlzSFJiTkszeE41akt2R2lfaXhJVmF1SmZRbW1fajNJR1pSSjlTak93Z0tPSXYwVGZwVHNzQ0doU0R3amN1RGt4MGhGeG9ibk50TGY5MjNjVVRrTWtIdWRnOEpTUQ?oc=5,Unknown,2026-09-09 22:22:14.388212+00:00,2026-09-09T22:22:14.388212,General,0.0,Neutral,"hyundai, motor, deepens, africa, development, koreabizwire",,,172.0,,2026-09-09,22,Wednesday,172.0,6,47.2,2026-09-09 22:30:30.312391+00:00
,Google News: Africa development,Tanzania leads delegation at KOAFEC as Africa explores AI-driven development - thecitizen.co.tz,Tanzania leads delegation at KOAFEC as Africa explores AI-driven development&nbsp;&nbsp;thecitizen.co.tz,,https://news.google.com/rss/articles/CBMi0gFBVV95cUxNU250VGF1WUlEaEQ1dHlVcXY0U3JQM3ZSS1U2ZnNvelRPU092OEduRWpmMjEyTGZ0UktsQm13eWhVVUU5cENqRG9hRnF1MWVfX01JVk5fZHdkeVFvMnRoMWxUdjF1ZURNVVFFTm5LXzZaWnNJUmVRNl8zYWUtUkM0Wm9iR0hJblJJTjd2b3hCTW1IbHRRNE8yQ2pHd3hrWlN6UVN3b3NVbGdiVFlHN1RxMWs1QlY4Y2M4RlJ5Q3Vuek85bE13NFhod1l2aklta2dPLXc?oc=5,Unknown,2026-09-09 22:22:14.388459+00:00,2026-09-09T22:22:14.388459,General,0.0,Neutral,"tanzania, leads, delegation, koafec, africa, explores, driven, development",,,200.0,,2026-09-09,22,Wednesday,200.0,8,60.0,2026-09-09 22:30:30.312391+00:00
,Google News: Africa development,How AI Is Reshaping Employment and Skills Development Across Africa - iAfrica.com,How AI Is Reshaping Employment and Skills Development Across Africa&nbsp;&nbsp;iAfrica.com,,https://news.google.com/rss/articles/CBMikgFBVV95cUxPbGRqRlNWOFdFalNLZFQ5RXQzSVdqY09YRkNMLWNSSE1xWFJ1Z0VFZjFxM1BtMWU3aHNkellJajZ4b2sxUUtLVi1vanlINElJdnhDcTVZRkhLcElybHM5UmN1Mld6UHdhRldrWjJLWXpvTWpIME92QzFQR1VaUEtqVE43M1dkbmZFczBxNUxmeE45Zw?oc=5,Unknown,2026-09-09 22:22:14.389097+00:00,2026-09-09T22:22:14.389097,AI & Tech,0.0,Neutral,"reshaping, employment, skills, development, across, africa, iafrica",,,172.0,,2026-09-09,22,Wednesday,172.0,7,52.2,2026-09-09 22:30:30.312391+00:00
,Google News: Africa development,Hyundai Motor Group Moves to Support Clean Infrastructure in Africa - mk.co.kr,Hyundai Motor Group Moves to Support Clean Infrastructure in Africa&nbsp;&nbsp;mk.co.kr,,https://news.google.com/rss/articles/CBMiU0FVX3lxTE1zSnJfUnVBbjZ1RExycDhxVVJ2QjA2MHNQdFMzTkxOOWFJWUg3bURpNGtLTUVzYldxSGN1WFNQdjVzbDlMckhKNmVwR01YZlZQTzdZ?oc=5,Unknown,2026-09-09 22:22:14.389342+00:00,2026-09-09T22:22:14.389342,General,0.3667,Positive,"hyundai, motor, moves, support, clean, infrastructure, africa",,,166.0,,2026-09-09,22,Wednesday,166.0,7,58.934000000000005,2026-09-09 22:30:30.312391+00:00
,Google News: Africa development,S. Korea-Africa economic ministerial meeting - Yonhap News Agency,S. Korea-Africa economic ministerial meeting&nbsp;&nbsp;Yonhap News Agency,,https://news.google.com/rss/articles/CBMid0FVX3lxTE9GNnA3X2FrTVA5M1A0SUJDeEJ1aUI0RVdkTlQ0eUU0NU1EVnd1Y21RUW1tRldtTmVadnEzdXhWMkdkVHVOVEU1NVl0T3ZWd0J5OElQbGQ3TDl6TVNxTndfcVhBVk14dHhMUXJUNWpXU2pYalFhSTB3?oc=5,Unknown,2026-09-09 22:22:14.390272+00:00,2026-09-09T22:22:14.390272,Politics,0.2,Positive,"korea, africa, economic, ministerial, meeting, yonhap, agency",,,140.0,,2026-09-09,22,Wednesday,140.0,7,53.0,2026-09-09 22:30:30.312391+00:00
,Google News: Africa development,"SADC, FAO step up regional action to build resilient agrifood systems - africabusinesscommunities.com","SADC, FAO step up regional action to build resilient agrifood systems&nbsp;&nbsp;africabusinesscommunities.com",,https://news.google.com/rss/articles/CBMivAFBVV95cUxPM1BuejdUUzhmX011LU5KSm1yQmZ2YjJMdWhMZElsRURNUUd2NldoQTlEMy1GcXNCOGNEV3poVnBheGZqcVFpQVc1dzNlazcyckx2Zkd6M2ptNG8xZkNVV183UGE0RThaR0V5SU41UmNDSGFtRjlFSmlral9uTHNXbEtkZnFxaDE4Vl9IMU1Ia1ZIS0NGWEpBY2xtWFFuTFZzZlBFTmUxZU40SUszMzZqNXZLdDdWVE1Ib3EzbA?oc=5,Unknown,2026-09-09 22:22:14.390538+00:00,2026-09-09T22:22:14.390538,Business,0.1,Positive,"regional, action, build, resilient, agrifood, systems, africabusinesscommunities",,,212.0,,2026-09-09,22,Wednesday,212.0,7,58.2,2026-09-09 22:30:30.312391+00:00
,Google News: Africa development,"Hyundai Motor Group partners with African Development Bank on green hydrogen, EV value chain - 헤럴드경제","Hyundai Motor Group partners with African Development Bank on green hydrogen, EV value chain&nbsp;&nbsp;헤럴드경제",,https://news.google.com/rss/articles/CBMiV0FVX3lxTE1KampicHlsMDhzaERHd1QtMW1Uc0V3STg2VGMxQzAteUo3R1NSSWxaV2tpcnBmN1g3eDJNU2tFaThQN2M1dk5rQVVfWTl5VkZMLTFTNUE1VQ?oc=5,Unknown,2026-09-09 22:22:14.390870+00:00,2026-09-09T22:22:14.390870,General,-0.1,Negative,"hyundai, motor, partners, african, development, green, hydrogen, value",african development bank,Africa Development Finance,210.0,,2026-09-09,22,Wednesday,210.0,8,63.0,2026-09-09 22:30:30.312391+00:00
,Google News: Africa development,African analysts call for deepened ties with China - Xinhua,African analysts call for deepened ties with China&nbsp;&nbsp;Xinhua,,https://news.google.com/rss/articles/CBMihgFBVV95cUxPZnRja0t4MEF3bUF5OVZ6aFZ0YWI4ckJPX2s4d0FJNFA3czBYR3JwbUNLdi03ZEM3OVV2bUdtZ2tKb1hENTJOOGwyaGRxa01lemRiQnFzZU9iODBLOU5DMUdSRzV1NDBneEJjcUV1OTJUR1JUY2plQ1pmeXVkcjloVzRWVmE2dw?oc=5,Unknown,2026-09-09 22:22:14.391147+00:00,2026-09-09T22:22:14.391147,General,0.0,Neutral,"african, analysts, deepened, china, xinhua",,,128.0,,2026-09-09,22,Wednesday,128.0,5,37.8,2026-09-09 22:30:30.312391+00:00
,Google News: Africa development,South Africa to help BRICS strengthen economic development agenda - TV BRICS,South Africa to help BRICS strengthen economic development agenda&nbsp;&nbsp;TV BRICS,,https://news.google.com/rss/articles/CBMimgFBVV95cUxOY1VtMy1JSXpRQlhKN2ItekNsck5uY2ZnZjUyT1dvZ1VfYW1SUDVMRWNGQnZjVUtUZmxCX1JnWGtDSmRCdjFlWjlSRllZaDNTY3FMRmVZaV9XQWE5bHlOV2RjOThjbGV0V3hDbC1vWGs4d2ZpT29ENEhJanpCdTF1Vkxud19tM29TSDIxRUZGaDhqZWtRR3haRDdn?oc=5,Unknown,2026-09-09 22:22:14.391647+00:00,2026-09-09T22:22:14.391647,General,0.2,Positive,"brics, south, africa, strengthen, economic, development, agenda",,,162.0,,2026-09-09,22,Wednesday,162.0,7,55.2,2026-09-09 22:30:30.312391+00:00
,Google News: Africa development,"African Energy Chamber, WPC Energy Rally Behind Stronger African Voice in Global Energy Debate - pan african visions","African Energy Chamber, WPC Energy Rally Behind Stronger African Voice in Global Energy Debate&nbsp;&nbsp;pan african visions",,https://news.google.com/rss/articles/CBMizAFBVV95cUxPYXJxbjVMWGwzbW1SYmpOTzF0Y1VNYUpkODg3VXdVOXMtS0RraEdyNWhmNmlyOUxFOFRpeEN1dlMyWlMzX0NfTG8xTXMxRzBPMHIxZnZ6MzZLanljbmZEcnJTMEFUOEh4QVpQT0dGbTNmdlJKbXdpTG5uMHJ3TFpZbUc1UEdYTGt2Rzd6WTg5enVkYm9CclhJMGxGSngtdDNSVkdpRkY5T3ZrWVhIWmpaNzlMWUEwTWFGT2Y3S3ZXTlhpZ2ZzOTFwX3VsajY?oc=5,Unknown,2026-09-09 22:22:14.391988+00:00,2026-09-09T22:22:14.391988,General,-0.08,Negative,"african, energy, chamber, rally, behind, stronger, voice, global",,,242.0,,2026-09-09,22,Wednesday,242.0,8,65.8,2026-09-09 22:30:30.312391+00:00
,Google News: Africa development,"CAR recovery gains pace, financing gap looms - Channel Africa","CAR recovery gains pace, financing gap looms&nbsp;&nbsp;Channel Africa",,https://news.google.com/rss/articles/CBMimwFBVV95cUxQMnl5eXZvQmZOTFJoVFh0akoxcVRQQS1fWW9WVEptWFAxdGR0VDNITUJsYkd4MUVZbnVLRklCei1RTmdUUjRDRXRMU29fbjctMmtGaWQ0RTVZT1RIMkVudEpwNDhyWEtFVm9EUXZDY1ZkLW9Fa1oxQ3lMOE1WUTJ4eTkwbXI2cWpiVGJLNjJMX0hhMGhHanlnUnBqMA?oc=5,Unknown,2026-09-09 22:22:14.394390+00:00,2026-09-09T22:22:14.394390,General,0.0,Neutral,"recovery, gains, financing, looms, channel, africa",,,132.0,,2026-09-09,22,Wednesday,132.0,6,43.2,2026-09-09 22:30:30.312391+00:00
,Google News: Africa development,Africa must take charge of its climate future – Onuigbo - The Guardian Nigeria News,Africa must take charge of its climate future – Onuigbo&nbsp;&nbsp;The Guardian Nigeria News,,https://news.google.com/rss/articles/CBMihgFBVV95cUxQRF9EeVo2UHAwa0hDa09IdTdVV0pFTGdITWdfbjVoZUFvek42UzZscDlvdTkxbXo2aXZhTGtmY0htM0FtU1pqVk1uRElxWDlmaEFhU3ZHaTJwbjV2M2hXNmNjQjc4T09SUnJBU2RCSjdSSzhPTTU4OXRsTlU1OTJPT0xOXzgwZw?oc=5,Unknown,2026-09-09 22:22:14.395088+00:00,2026-09-09T22:22:14.395088,Climate & Environment,0.0,Neutral,"africa, charge, climate, future, onuigbo, guardian, nigeria",,,176.0,,2026-09-09,22,Wednesday,176.0,7,52.6,2026-09-09 22:30:30.312391+00:00
,Google News: Africa development,SportsBiz Africa looks to advance continent’s sports policy agenda| The New Times - The New Times,SportsBiz Africa looks to advance continent’s sports policy agenda| The New Times&nbsp;&nbsp;The New Times,,https://news.google.com/rss/articles/CBMiswFBVV95cUxPdFNDYkVOY0RHazFSbTF6NmNlZUFHblFVTTFRRDZ5cV9sT0VjNWdkSTk0ZnhzaWQyNGw3c1lnWFlfNE5NRjVpcEJld25mYnhqTHFkcm0xSmsyMVlPaGFqUFJXUDhONTA1LXg5dlBKVHdETDFMNmQ3dDU3VktxWGd3dlo1Tml6SC01UWhIVTdqZnphWTJlSE9uUFU0VkFrUHIteE9wdEUyaG84ZEZ0RU9nNDgzSdIBuAFBVV95cUxPR1hJNy13X2JGU3Nma2hwdjdaa1h5T0UtSFVwaEJRTWdwbjdiZDdmLTd4Y1BzQnFJbS1EV2VFcVhNd2VMR2dGNGtLNml3Wi1lVzFmUFlkVklkbW50aHpmSVc5ZVdqS05taGJsd3B2STVBOGl4S0hoLWp4TE44T3ZsODB0VEh4YUdFaXg1cTJjSDhOdkZSMk15NjY2UHAxanpvMGJ5eWdsN1BzSWliR0dQVlp2WThuZ3BS?oc=5,Unknown,2026-09-09 22:22:14.397141+00:00,2026-09-09T22:22:14.397141,Politics,0.1364,Positive,"times, sportsbiz, africa, looks, advance, continent, sports, policy",,,204.0,,2026-09-09,22,Wednesday,204.0,8,63.12800000000001,2026-09-09 22:30:30.312391+00:00
,Google News: Africa development,Why Africa Must Own The New Architecture Of Global Trade - The Kenya Times,Why Africa Must Own The New Architecture Of Global Trade&nbsp;&nbsp;The Kenya Times,,https://news.google.com/rss/articles/CBMid0FVX3lxTFAtdjBvZkdabnExS09mb0owNkhBeTduNWhlZUV2cm5SeE04N240UlBlWnZrNDdjYWRJUGR1ZkNsc1d3bVRnQUZIQ2Y5eXpobENZdTB3S1V2a0dzTm1hd2pBLXdzaTNiOWV0MnVQNmtQZm4yVFl3bGlv?oc=5,Unknown,2026-09-09 22:22:14.400068+00:00,2026-09-09T22:22:14.400068,General,0.2455,Positive,"africa, architecture, global, trade, kenya, times",,,158.0,,2026-09-09,22,Wednesday,158.0,6,50.709999999999994,2026-09-09 22:30:30.312391+00:00
,Google News: Africa development,ASR Africa International Professional Development Program 2026: Apply for Internships and Volunteer Opportunities - Global South Opportunities,ASR Africa International Professional Development Program 2026: Apply for Internships and Volunteer Opportunities&nbsp;&nbsp;Global South Opportunities,,https://news.google.com/rss/articles/CBMiakFVX3lxTE5XUHJzYmpnSE43dU9YaHBRX0dMX0kzMnprNTBOdlRtc25URC1yeGxwZU9hc2p3dEw2a1l4NHFPbEU2U3oxSzRsRnFaNnB1eXlaUnBaeEc1MF9FRU03a2JCb2xYbTdzYkdfWkE?oc=5,Unknown,2026-09-09 22:22:14.400415+00:00,2026-09-09T22:22:14.400415,General,0.04,Neutral,"opportunities, africa, international, professional, development, program, apply, internships",,,294.0,,2026-09-09,22,Wednesday,294.0,8,70.2,2026-09-09 22:30:30.312391+00:00
,Google News: Africa development,"How EU’s €100m fund creates 50,000 jobs, expands business in Nigeria, Africa - The Guardian Nigeria News","How EU’s €100m fund creates 50,000 jobs, expands business in Nigeria, Africa&nbsp;&nbsp;The Guardian Nigeria News",,https://news.google.com/rss/articles/CBMisAFBVV95cUxQdXNlTTJaeFJrMkpWX2pxMGhtUHpXbnVTUnVBVU1GSXZMQ0hkLTcyVzhmSGlZMTN0QW5mV1JUeE1tRGRydVZGT3FRTFVvN1Z0cDJ1enliNk5IazhfQlZNeGtIbG45ck91UTJPb0RneVBQeFZTX2hBVGhBV0RzRkpkenFyT2xmQlMyV3lBczBJOWtBZ3ZyQU1ZM1M2djRmNF9KRjFGNUpSN0hURXNKMHI2ZA?oc=5,Unknown,2026-09-09 22:22:14.401156+00:00,2026-09-09T22:22:14.401156,Business,0.0,Neutral,"nigeria, creates, expands, business, africa, guardian",,,218.0,,2026-09-09,22,Wednesday,218.0,6,51.8,2026-09-09 22:30:30.312391+00:00
,Google News: Africa development,Leading Africa’s agricultural growth through accountable standards - KBC Digital,Leading Africa’s agricultural growth through accountable standards&nbsp;&nbsp;KBC Digital,,https://news.google.com/rss/articles/CBMikgFBVV95cUxQQWJnVWJNc0Rxb3F3cEJyaHVLZm01MTlobjU4WWNGNzBRVUdnbVFXUDdrcWg3UmwyXzl3SEx3M3Jkd3ctT0xOeFpVeGVIcDlHbU56VmRVVEJ0WXc2M2h3dGhGRWVrRjI0VXB2REFrN2pRNlo2Ym4tWDRaRXFhTmRscVc3cWY1SXpwSWFsZTk5NlR2Zw?oc=5,Unknown,2026-09-09 22:22:14.405889+00:00,2026-09-09T22:22:14.405889,General,0.0,Neutral,"leading, africa, agricultural, growth, through, accountable, standards, digital",,,170.0,,2026-09-09,22,Wednesday,170.0,8,57.0,2026-09-09 22:30:30.312391+00:00
,Google News: Africa development,"Hyundai Motor Group, AfDB Sign Pact on African Industrialization - Seoul Economic Daily","Hyundai Motor Group, AfDB Sign Pact on African Industrialization&nbsp;&nbsp;Seoul Economic Daily",,https://news.google.com/rss/articles/CBMikAFBVV95cUxQM0JqTU9XR0k1cEdLbURRUVpxQjJXck1tTzQyTkVNR0RSNmw1eGtGOFplakRjUXJ6bkltRlljOFphQjZ1QlZLNFdJVlZkOTlRcjRiamQ3SUdHQWFqQUhnU1pmYUNSaXJnVERaOVFNYVNoT1J3YnBEOE5JbWpRY2hKdy1lQlZ2LXlISFpjMVFHNmo?oc=5,Unknown,2026-09-09 22:22:14.406201+00:00,2026-09-09T22:22:14.406201,General,0.0667,Positive,"hyundai, motor, african, industrialization, seoul, economic, daily",afdb,Africa Development Finance,184.0,,2026-09-09,22,Wednesday,184.0,7,54.73400000000001,2026-09-09 22:30:30.312391+00:00
,Google News: Africa development,"AfDB unveils $5.1bn fund to shield Africa from energy, fertilizer shocks - Business News Nigeria","AfDB unveils $5.1bn fund to shield Africa from energy, fertilizer shocks&nbsp;&nbsp;Business News Nigeria",,https://news.google.com/rss/articles/CBMiuwFBVV95cUxPQXBFS2pnaXRpN3M3Tkp3S2JNMndsbDgwU2lmWU02MUVySXF5YWp6UzVucGpRY1BpVXlqVVRjLTRmSjVJcW05bkF1YWpJRzVXYlFPbFpMYzJQV1UyRjNCcFlYLWJiZ0JkOXNHSExoZ1dtMW9JSkZ3YjZ6NHBVT1FEbkotajI0NHNwdm1RWm0tZUJEMUdOdWdmdHpCYWc2Mk1IVUVmQW5CeFdXMkNhLXdsa2VDZDdGNTVGLXVN?oc=5,Unknown,2026-09-09 22:22:14.406510+00:00,2026-09-09T22:22:14.406510,Business,0.0,Neutral,"unveils, shield, africa, energy, fertilizer, shocks, business, nigeria",afdb,Africa Development Finance,202.0,,2026-09-09,22,Wednesday,202.0,8,60.2,2026-09-09 22:30:30.312391+00:00
,Google News: Africa development,EU Seeks Broader Support for African Entrepreneurs - Voice of Nigeria,EU Seeks Broader Support for African Entrepreneurs&nbsp;&nbsp;Voice of Nigeria,,https://news.google.com/rss/articles/CBMiekFVX3lxTE55dWE5TzRTTTN5UFVlUlhEakphVU9lSjg0TGxSdW9aSWQxUElrQXZTNUdkV2NybVZuX3p5M2VYbVJldjlMOG1ER2sxZXhKTWwtSEp0UjdTX01pRG8yOVFlbWVTNnNManZjdEtLYjJiRnIzZWZpZkhxNTBB?oc=5,Unknown,2026-09-09 22:22:14.407129+00:00,2026-09-09T22:22:14.407129,General,0.0,Neutral,"seeks, broader, support, african, entrepreneurs, voice, nigeria",,,148.0,,2026-09-09,22,Wednesday,148.0,7,49.8,2026-09-09 22:30:30.312391+00:00
,Google News: Africa development,"Boost Africa Targets Entrepreneurship, Innovation, Job Creation Across Africa – EU Envoy - News Agency of Nigeria","Boost Africa Targets Entrepreneurship, Innovation, Job Creation Across Africa – EU Envoy&nbsp;&nbsp;News Agency of Nigeria",,https://news.google.com/rss/articles/CBMipwFBVV95cUxNWkdkRUhuNjQwQUVfYTEzdU14Ry00RkpWY2RDYTdhNm5YTnB6Q3lCLWFMbS1fNnE5T1ZNaWJrNWhOTnN2eXkyd2RVeXFXVjhDbmVuNXJqMlRhRF9SdjAzSDhFRGRnUGs1UHZjWUpHWGFmN0ZfVWZld2t6Z3BaQmgyMFBYcHRXNDBrYUhZLTQwaHFSRC03VXdEbzBRZGE5LUtaeEhkako4Yw?oc=5,Unknown,2026-09-09 22:22:14.411177+00:00,2026-09-09T22:22:14.411177,General,0.0,Neutral,"africa, boost, targets, entrepreneurship, innovation, creation, across, envoy",,,236.0,,2026-09-09,22,Wednesday,236.0,8,63.6,2026-09-09 22:30:30.312391+00:00
,GDELT — Kenya,"Fear grips foreign traders as Ruto directive triggers closures , threats",Summary unavailable,,https://www.standardmedia.co.ke/national/article/2001557231/fear-grips-foreign-traders-as-ruto-directive-triggers-closures-threats,GDELT,2026-09-09 22:23:10.705885+00:00,2026-09-09T22:23:10.705885,General,-0.125,Negative,"grips, foreign, traders, directive, triggers, closures, threats",,,72.0,,2026-09-09,22,Wednesday,72.0,7,44.7,2026-09-09 22:30:30.312391+00:00
,GDELT — Kenya,"Fear grips foreign traders as Ruto directive triggers closures , threats",Summary unavailable,,https://www.standardmedia.co.ke/article/2001557231/fear-grips-foreign-traders-as-ruto-directive-triggers-closures-threats,GDELT,2026-09-09 22:23:10.706088+00:00,2026-09-09T22:23:10.706088,General,-0.125,Negative,"grips, foreign, traders, directive, triggers, closures, threats",,,72.0,,2026-09-09,22,Wednesday,72.0,7,44.7,2026-09-09 22:30:30.312391+00:00
,GDELT — Kenya,Fear and flight : Foreign traders face uncertainty as Ruto directive triggers closures,Summary unavailable,,https://www.standardmedia.co.ke/national/article/2001557231/fear-and-flight-foreign-traders-face-uncertainty-as-ruto-directive-triggers-closures,GDELT,2026-09-09 22:23:10.706329+00:00,2026-09-09T22:23:10.706329,General,-0.125,Negative,"flight, foreign, traders, uncertainty, directive, triggers, closures",,,86.0,,2026-09-09,22,Wednesday,86.0,7,46.1,2026-09-09 22:30:30.312391+00:00
,GDELT — South Africa,Nairobi Seeks to Calm Tensions Over Foreign Businesses,Summary unavailable,,https://www.africa.com/top-10-news/nairobi-seeks-to-calm-tensions-over-foreign-businesses,GDELT,2026-09-09 22:23:10.706936+00:00,2026-09-09T22:23:10.706936,Business,0.0875,Positive,"nairobi, seeks, tensions, foreign, businesses",,,54.0,,2026-09-09,22,Wednesday,54.0,5,32.15,2026-09-09 22:30:30.312391+00:00
,GDELT — India,Kenya withdraws Tata Group soda ash mining concession - The HinduBusinessLine,Summary unavailable,,https://www.thehindubusinessline.com/markets/commodities/kenya-withdraws-tata-groups-century-old-soda-ash-mining-concession/article71445461.ece,GDELT,2026-09-09 22:23:10.712202+00:00,2026-09-09T22:23:10.712202,Business,0.0,Neutral,"kenya, withdraws, mining, concession, hindubusinessline",,,77.0,,2026-09-09,22,Wednesday,77.0,5,32.7,2026-09-09 22:30:30.312391+00:00
,GDELT — Kenya,Ruto at 4 : Informal settlements : Is the housing programme changing lives ?,Summary unavailable,,https://www.the-star.co.ke/news/2026-09-09-ruto-at-4-is-the-housing-plan-changing-lives,GDELT,2026-09-09 22:23:10.719508+00:00,2026-09-09T22:23:10.719508,General,0.0,Neutral,"informal, settlements, housing, programme, changing, lives",,,76.0,,2026-09-09,22,Wednesday,76.0,6,37.6,2026-09-09 22:30:30.312391+00:00
,GDELT — United States,The Life You Can Save 2026 Education Sector Report Finds 9 in 10 Children in Low - Income Countries Reach Age 10 Unable to Read,Summary unavailable,,https://www.prnewswire.com/news-releases/the-life-you-can-saves-2026-education-sector-report-finds-9-in-10-children-in-low-income-countries-reach-age-10-unable-to-read-302874027.html,GDELT,2026-09-09 22:23:10.724089+00:00,2026-09-09T22:23:10.724089,Education,-0.25,Negative,"education, sector, report, finds, children, income, countries, reach",,,127.0,,2026-09-09,22,Wednesday,127.0,8,57.7,2026-09-09 22:30:30.312391+00:00
,GDELT — Kenya,"KHRC , Amnesty demand arrests after Alex Kiprotich abduction",Summary unavailable,,https://www.standardmedia.co.ke/national/article/2001556775/khrc-amnesty-demand-arrests-after-alex-kiprotichs-abduction,GDELT,2026-09-09 22:23:26.836080+00:00,2026-09-09T22:23:26.836080,General,0.0,Neutral,"amnesty, demand, arrests, kiprotich, abduction",,,60.0,,2026-09-09,22,Wednesday,60.0,5,31.0,2026-09-09 22:30:30.312391+00:00
,GDELT — South Africa,African nations move to bring stablecoins into the financial mainstream,Summary unavailable,,https://www.dailymaverick.co.za/article/2026-09-07-african-nations-move-to-bring-stablecoins-into-the-financial-mainstream/,GDELT,2026-09-09 22:23:35.364437+00:00,2026-09-09T22:23:35.364437,General,0.0,Neutral,"african, nations, bring, stablecoins, financial, mainstream",,,71.0,,2026-09-09,22,Wednesday,71.0,6,37.1,2026-09-09 22:30:30.312391+00:00
,GDELT — United Arab Emirates,Network International launches UAE first in - store DDSC payment pilot for AED backed stablecoin transactions,Summary unavailable,,https://www.zawya.com/en/press-release/companies-news/network-international-launches-uaes-first-in-store-ddsc-payment-pilot-for-aed-backed-stablecoin-transactions-483411,GDELT,2026-09-09 22:23:35.366379+00:00,2026-09-09T22:23:35.366379,General,0.125,Positive,"network, international, launches, store, payment, pilot, backed, stablecoin",,,109.0,,2026-09-09,22,Wednesday,109.0,8,53.4,2026-09-09 22:30:30.312391+00:00
,GDELT — Ghana,Emotional intelligence emerges as key business capability in AI - driven workplace,Summary unavailable,,https://thebftonline.com/article/emotional-intelligence-emerges-as-key-business-capability-in-ai-driven-workplace,GDELT,2026-09-09 22:24:57.630257+00:00,2026-09-09T22:24:57.630257,AI & Tech,0.0,Neutral,"emotional, intelligence, emerges, business, capability, driven, workplace",,,82.0,,2026-09-09,22,Wednesday,82.0,7,43.2,2026-09-09 22:30:30.312391+00:00
,GDELT — Ghana,"Olam Agri , IDH join forces to expand opportunities for women , youth and farmers",Summary unavailable,,https://thebftonline.com/article/opportunities-for-women-youth-and-farmers,GDELT,2026-09-09 22:24:57.630435+00:00,2026-09-09T22:24:57.630435,General,0.0,Neutral,"forces, expand, opportunities, women, youth, farmers",,,81.0,,2026-09-09,22,Wednesday,81.0,6,38.1,2026-09-09 22:30:30.312391+00:00
,GDELT — Ghana,"Dr Amoako receives GH¢10k , home appliances after winning Channel One Community Legends",Summary unavailable,,https://thebftonline.com/article/dr-amoako-receives-gh-10k-home-appliances-after-winning-channel-one-community-legends,GDELT,2026-09-09 22:24:57.630631+00:00,2026-09-09T22:24:57.630631,General,0.5,Positive,"amoako, receives, appliances, winning, channel, community, legends",,,87.0,,2026-09-09,22,Wednesday,87.0,7,53.7,2026-09-09 22:30:30.312391+00:00
,GDELT — Ghana,Alex Asmah Foundation launched to empower youth,Summary unavailable,,https://thebftonline.com/article/alex-asmah-foundation-launched-to-empower-youth,GDELT,2026-09-09 22:24:57.630799+00:00,2026-09-09T22:24:57.630799,General,0.0,Neutral,"asmah, foundation, launched, empower, youth",,,47.0,,2026-09-09,22,Wednesday,47.0,5,29.7,2026-09-09 22:30:30.312391+00:00
,GDELT — Ghana,EWN marks 10 years of advancing women leadership with Conference & Expo,Summary unavailable,,https://thebftonline.com/article/ewn-marks-10-years-of-advancing-women-s-leadership-with-conference-expo,GDELT,2026-09-09 22:24:57.631581+00:00,2026-09-09T22:24:57.631581,General,0.0,Neutral,"marks, advancing, women, leadership, conference",,,71.0,,2026-09-09,22,Wednesday,71.0,5,32.1,2026-09-09 22:30:30.312391+00:00
,GDELT — Ghana,Indo - Ghana locally made liquid oxygen enters hospitals,Summary unavailable,,https://thebftonline.com/article/indo-ghana-s-locally-made-liquid-oxygen-enters-hospitals,GDELT,2026-09-09 22:24:57.631757+00:00,2026-09-09T22:24:57.631757,Health,0.0,Neutral,"ghana, locally, liquid, oxygen, enters, hospitals",,,56.0,,2026-09-09,22,Wednesday,56.0,6,35.6,2026-09-09 22:30:30.312391+00:00
,GDELT — South Africa,Africa AI strategy should focus on what matters most,Summary unavailable,,https://www.bizcommunity.com/article/africas-ai-strategy-should-focus-on-what-matters-most-308898a,GDELT,2026-09-09 22:24:57.633076+00:00,2026-09-09T22:24:57.633076,AI & Tech,0.5,Positive,"africa, strategy, focus, matters",,Africa Tech & AI,52.0,,2026-09-09,22,Wednesday,52.0,4,35.2,2026-09-09 22:30:30.312391+00:00
,GDELT — Saudi Arabia,Arab News | Egypt moves to build $1bn AI data centre with Nvidia tech,Summary unavailable,,https://www.arabnews.com/business/egypt-moves-to-build-1bn-ai-data-centre-with-nvidia-tech-3001048,GDELT,2026-09-09 22:24:57.634338+00:00,2026-09-09T22:24:57.634338,AI & Tech,0.0,Neutral,"egypt, moves, build, centre, nvidia",,,69.0,,2026-09-09,22,Wednesday,69.0,5,31.9,2026-09-09 22:30:30.312391+00:00
,GDELT — Ghana,"Republic Bank , UPSA sign MoU to strengthen staff skills",Summary unavailable,,https://thebftonline.com/article/republic-bank-upsa-sign-mou-to-strengthen-staff-skills,GDELT,2026-09-09 22:24:57.637700+00:00,2026-09-09T22:24:57.637700,General,0.0,Neutral,"republic, strengthen, staff, skills",,,56.0,,2026-09-09,22,Wednesday,56.0,4,25.6,2026-09-09 22:30:30.312391+00:00
,GDELT — Ghana,Performance of Ghanaian players abroad,Summary unavailable,,https://thebftonline.com/article/performance-of-ghanaian-players-abroad,GDELT,2026-09-09 22:24:57.637859+00:00,2026-09-09T22:24:57.637859,General,0.0,Neutral,"performance, ghanaian, players, abroad",,,38.0,,2026-09-09,22,Wednesday,38.0,4,23.8,2026-09-09 22:30:30.312391+00:00
,GDELT — Ghana,BRT Extended 2026 calls for Ghana to convert economic stabilisation into long - term resilience,Summary unavailable,,https://thebftonline.com/article/brt-extended-2026-calls-for-ghana-to-convert-economic-stabilisation-into-long-term-resilience,GDELT,2026-09-09 22:24:57.638755+00:00,2026-09-09T22:24:57.638755,General,0.075,Positive,"extended, calls, ghana, convert, economic, stabilisation, resilience",,,95.0,,2026-09-09,22,Wednesday,95.0,7,46.0,2026-09-09 22:30:30.312391+00:00
,GDELT — South Africa,South Africa Must Build Its Own Sovereign AI Capability,Summary unavailable,,https://africabusiness.com/2026/09/08/south-africa-sovereign-ai-capability/,GDELT,2026-09-09 22:24:57.643946+00:00,2026-09-09T22:24:57.643946,AI & Tech,0.6,Positive,"south, africa, build, sovereign, capability",,,55.0,,2026-09-09,22,Wednesday,55.0,5,42.5,2026-09-09 22:30:30.312391+00:00
,GDELT — United States,"Arab Social Media Influencers Summit to explore future of digital influence , content creation",Summary unavailable,,http://www.bignewsnetwork.com/news/279289972/arab-social-media-influencers-summit-to-explore-future-of-digital-influence-content-creation,GDELT,2026-09-09 22:24:57.645542+00:00,2026-09-09T22:24:57.645542,General,0.0111,Neutral,"social, media, influencers, summit, explore, future, digital, influence",,,94.0,,2026-09-09,22,Wednesday,94.0,8,49.622,2026-09-09 22:30:30.312391+00:00
,GDELT — United Arab Emirates,Arab Social Media Influencers Summit To Explore Future Of Digital Influence And Content Creation # Dubai,Summary unavailable,,https://www.dubaicityguide.com/site/news/news-details/Local-News/80039/arab-social-media-influencers-summit-to-explore-future-of-digital-influence-and-content-creation,GDELT,2026-09-09 22:24:57.645754+00:00,2026-09-09T22:24:57.645754,General,0.0111,Neutral,"social, media, influencers, summit, explore, future, digital, influence",uba,,104.0,,2026-09-09,22,Wednesday,104.0,8,50.622,2026-09-09 22:30:30.312391+00:00
,GDELT — South Africa,Atlantica Ventures Has Backed Four African AI Infrastructure Startups in 18 Months . None of Them Build Models,Summary unavailable,,https://iafrica.com/atlantica-ventures-has-backed-four-african-ai-infrastructure-startups-in-18-months-none-of-them-build-models/,GDELT,2026-09-09 22:24:57.651294+00:00,2026-09-09T22:24:57.651294,AI & Tech,0.0,Neutral,"atlantica, ventures, backed, african, infrastructure, startups, months, build",,,110.0,,2026-09-09,22,Wednesday,110.0,8,51.0,2026-09-09 22:30:30.312391+00:00
,GDELT — United States,African School on Internet Governance ( AfriSIG ) 2026,Summary unavailable,,https://www.apc.org/en/event/african-school-internet-governance-afrisig-2026,GDELT,2026-09-09 22:24:57.651885+00:00,2026-09-09T22:24:57.651885,Education,0.0,Neutral,"african, school, internet, governance, afrisig",,,54.0,,2026-09-09,22,Wednesday,54.0,5,30.4,2026-09-09 22:30:30.312391+00:00
,GDELT — South Africa,AI is strengthening African health supply chains,Summary unavailable,,https://it-online.co.za/2026/09/09/ai-is-strengthening-african-health-supply-chains/,GDELT,2026-09-09 22:24:57.654050+00:00,2026-09-09T22:24:57.654050,Health,0.0,Neutral,"strengthening, african, health, supply, chains",,,48.0,,2026-09-09,22,Wednesday,48.0,5,29.8,2026-09-09 22:30:30.312391+00:00
,GDELT — Kenya,[ PHOTOS ] Ruto leads talks on SHA and healthcare reforms in Nairobi,Summary unavailable,,https://www.the-star.co.ke/news/2026-08-18-photos-ruto-leads-talks-on-sha-and-healthcare-reforms-in-nairobi,GDELT,2026-09-09 22:25:29.219586+00:00,2026-09-09T22:25:29.219586,Health,0.0,Neutral,"photos, leads, talks, healthcare, reforms, nairobi",,,68.0,,2026-09-09,22,Wednesday,68.0,6,36.8,2026-09-09 22:30:30.312391+00:00
,GDELT — Kenya,[ PHOTOS ] Ruto launches Sh62m Olposimoru power project,Summary unavailable,,https://www.the-star.co.ke/news/2026-08-25-photos-ruto-launches-sh62m-olposimoru-power-project,GDELT,2026-09-09 22:25:29.220630+00:00,2026-09-09T22:25:29.220630,General,0.0,Neutral,"photos, launches, olposimoru, power, project",,,55.0,,2026-09-09,22,Wednesday,55.0,5,30.5,2026-09-09 22:30:30.312391+00:00
,GDELT — Nigeria,Kenya : Sifuna - Ruto Should Be Jailed Over 2022 Election Broken Promises,Summary unavailable,,https://allafrica.com/stories/202608260022.html,GDELT,2026-09-09 22:25:29.221218+00:00,2026-09-09T22:25:29.221218,Politics,-0.4,Negative,"kenya, sifuna, jailed, election, broken, promises",,,73.0,,2026-09-09,22,Wednesday,73.0,6,45.3,2026-09-09 22:30:30.312391+00:00
,GDELT — Kenya,Ruto : State did not pay Sh104b for SHA system,Summary unavailable,,https://www.standardmedia.co.ke/health/health-science/article/2001555827/ruto-state-did-not-pay-sh104b-for-sha-system,GDELT,2026-09-09 22:25:29.221590+00:00,2026-09-09T22:25:29.221590,General,0.0,Neutral,"state, system",,,46.0,,2026-09-09,22,Wednesday,46.0,2,14.600000000000001,2026-09-09 22:30:30.312391+00:00
,GDELT — Kenya,Ruto to critics : Show us what you have done for Kenyans,Summary unavailable,,https://www.standardmedia.co.ke/politics/article/2001556003/ruto-to-critics-show-us-what-you-have-done-for-kenyans,GDELT,2026-09-09 22:25:29.224547+00:00,2026-09-09T22:25:29.224547,General,0.0,Neutral,"critics, kenyans",,,56.0,,2026-09-09,22,Wednesday,56.0,2,15.600000000000001,2026-09-09 22:30:30.312391+00:00
,GDELT — Kenya,Katiba 16 : Ruto scorecard : from katiba critic to custodian,Summary unavailable,,https://www.standardmedia.co.ke/politics/article/2001556270/katiba-16-ruto-scorecard-from-katiba-critic-to-custodian,GDELT,2026-09-09 22:25:29.226620+00:00,2026-09-09T22:25:29.226620,General,0.0,Neutral,"katiba, scorecard, critic, custodian",,,60.0,,2026-09-09,22,Wednesday,60.0,4,26.0,2026-09-09 22:30:30.312391+00:00
,GDELT — Kenya,William Ruto : From Katiba critic to its custodian,Summary unavailable,,https://www.standardmedia.co.ke/politics/article/2001556270/william-ruto-from-katiba-critic-to-its-custodian,GDELT,2026-09-09 22:25:29.228602+00:00,2026-09-09T22:25:29.228602,General,0.0,Neutral,"william, katiba, critic, custodian",,Kenya Politics,50.0,,2026-09-09,22,Wednesday,50.0,4,25.0,2026-09-09 22:30:30.312391+00:00
,GDELT — Kenya,Ruto says Kenyans need to relook the 2010 Constitution,Summary unavailable,,https://www.standardmedia.co.ke/national/article/2001556386/ruto-says-kenyans-need-to-relook-the-2010-constitution,GDELT,2026-09-09 22:25:29.229748+00:00,2026-09-09T22:25:29.229748,General,0.0,Neutral,"kenyans, relook, constitution",,,54.0,,2026-09-09,22,Wednesday,54.0,3,20.4,2026-09-09 22:30:30.312391+00:00
,GDELT — Kenya,Ruto appetite for debt shows no signs of slowing,Summary unavailable,,https://www.standardmedia.co.ke/business/business/article/2001555750/rutos-appetite-for-debt-shows-no-signs-of-slowing,GDELT,2026-09-09 22:25:29.230864+00:00,2026-09-09T22:25:29.230864,General,0.0,Neutral,"appetite, shows, signs, slowing",,,48.0,,2026-09-09,22,Wednesday,48.0,4,24.8,2026-09-09 22:30:30.312391+00:00
,GDELT — Kenya,Ruto moves to mend ties with the church a year to elections,Summary unavailable,,https://www.standardmedia.co.ke/politics/article/2001555842/ruto-moves-to-mend-ties-with-the-church-a-year-to-elections,GDELT,2026-09-09 22:25:29.231036+00:00,2026-09-09T22:25:29.231036,Politics,0.0,Neutral,"moves, church, elections",,,59.0,,2026-09-09,22,Wednesday,59.0,3,20.9,2026-09-09 22:30:30.312391+00:00
,GDELT — Kenya,Kenya Kwanza allies unsettled by ODM power - sharing demands,Summary unavailable,,https://www.standardmedia.co.ke/politics/article/2001555823/kenya-kwanza-allies-unsettled-by-odm-s-power-sharing-demands,GDELT,2026-09-09 22:25:29.231193+00:00,2026-09-09T22:25:29.231193,General,0.0,Neutral,"kenya, kwanza, allies, unsettled, power, sharing, demands",,,60.0,,2026-09-09,22,Wednesday,60.0,7,41.0,2026-09-09 22:30:30.312391+00:00
,GDELT — Kenya,Kenya Kwanza allies unsettled by ODM power - sharing demands,Summary unavailable,,https://www.standardmedia.co.ke/politics/article/2001555823/kenya-kwanza-allies-unsettled-by-odms-power-sharing-demands,GDELT,2026-09-09 22:25:29.231361+00:00,2026-09-09T22:25:29.231361,General,0.0,Neutral,"kenya, kwanza, allies, unsettled, power, sharing, demands",,,60.0,,2026-09-09,22,Wednesday,60.0,7,41.0,2026-09-09 22:30:30.312391+00:00
,GDELT — Kenya,Ruto acknowledges gaps in healthcare as Kenya pursues UHC agenda,Summary unavailable,,https://www.standardmedia.co.ke/national/article/2001555658/ruto-acknowledges-gaps-in-healthcare-as-kenya-pursues-uhc-agenda,GDELT,2026-09-09 22:25:29.231923+00:00,2026-09-09T22:25:29.231923,Health,0.0,Neutral,"acknowledges, healthcare, kenya, pursues, agenda",,,64.0,,2026-09-09,22,Wednesday,64.0,5,31.4,2026-09-09 22:30:30.312391+00:00
,GDELT — Kenya,"This man , Alusala , the richest teacher in the country and supply police uniform",Summary unavailable,,https://www.standardmedia.co.ke/national/article/2001556519/this-man-alusala-the-richest-teacher-in-the-country-and-supply-police-uniform,GDELT,2026-09-09 22:25:29.232098+00:00,2026-09-09T22:25:29.232098,Education,0.0,Neutral,"alusala, richest, teacher, country, supply, police, uniform",,,81.0,,2026-09-09,22,Wednesday,81.0,7,43.1,2026-09-09 22:30:30.312391+00:00
,GDELT — Kenya,"This man , Alusala , the richest teacher in the country and supply police uniform",Summary unavailable,,https://www.standardmedia.co.ke/article/2001556519/this-man-alusala-the-richest-teacher-in-the-country-and-supply-police-uniform,GDELT,2026-09-09 22:25:29.232278+00:00,2026-09-09T22:25:29.232278,Education,0.0,Neutral,"alusala, richest, teacher, country, supply, police, uniform",,,81.0,,2026-09-09,22,Wednesday,81.0,7,43.1,2026-09-09 22:30:30.312391+00:00
,GDELT — Kenya,"Ruto defends news police uniforms say Kenyans , police gave view on change",Summary unavailable,,https://www.standardmedia.co.ke/national/article/2001557018/ruto-defends-news-police-uniforms-say-kenyans-police-gave-view-on-change,GDELT,2026-09-09 22:25:29.235075+00:00,2026-09-09T22:25:29.235075,General,0.0,Neutral,"police, defends, uniforms, kenyans, change",,,74.0,,2026-09-09,22,Wednesday,74.0,5,32.4,2026-09-09 22:30:30.312391+00:00
,GDELT — Kenya,And tender goes to ...: Ruto family linked to Sh2 . 8 billion police uniform deal,Summary unavailable,,https://www.standardmedia.co.ke/article/2001556462/and-tender-goes-to-ruto-s-family-linked-to-sh2-8-billion-police-uniform-deal,GDELT,2026-09-09 22:25:29.235749+00:00,2026-09-09T22:25:29.235749,General,0.0,Neutral,"tender, family, linked, billion, police, uniform",,,81.0,,2026-09-09,22,Wednesday,81.0,6,38.1,2026-09-09 22:30:30.312391+00:00
,GDELT — Kenya,And tender goes to ...: Ruto family linked to Sh2 . 8 billion police uniform deal,Summary unavailable,,https://www.standardmedia.co.ke/national/article/2001556462/and-tender-goes-to-rutos-family-linked-to-sh28-billion-police-uniform-deal,GDELT,2026-09-09 22:25:29.236008+00:00,2026-09-09T22:25:29.236008,General,0.0,Neutral,"tender, family, linked, billion, police, uniform",,,81.0,,2026-09-09,22,Wednesday,81.0,6,38.1,2026-09-09 22:30:30.312391+00:00
,GDELT — Kenya,"Scramble for Maa region : Ruto , opposition lock horns in bid to succeed Raila",Summary unavailable,,https://www.standardmedia.co.ke/politics/article/2001557084/scramble-for-maa-region-ruto-opposition-lock-horns-in-bid-to-succeed-raila,GDELT,2026-09-09 22:25:29.236962+00:00,2026-09-09T22:25:29.236962,General,0.0,Neutral,"scramble, region, opposition, horns, succeed, raila",,,78.0,,2026-09-09,22,Wednesday,78.0,6,37.8,2026-09-09 22:30:30.312391+00:00
,GDELT — Kenya,Slippery blocs : How Ruto tutam bid is facing test across key regions,Summary unavailable,,https://www.standardmedia.co.ke/politics/article/2001555943/slippery-blocs-how-rutos-tutam-bid-is-facing-test-across-key-regions,GDELT,2026-09-09 22:25:29.237149+00:00,2026-09-09T22:25:29.237149,General,0.0,Neutral,"slippery, blocs, tutam, facing, across, regions",,,69.0,,2026-09-09,22,Wednesday,69.0,6,36.9,2026-09-09 22:30:30.312391+00:00
,GDELT — Nigeria,Kenya : Gachagua Tells Ruto to Stop Blaming Uhuru Kenyatta for Kenya Problems,Summary unavailable,,https://allafrica.com/stories/202608240072.html,GDELT,2026-09-09 22:25:29.237325+00:00,2026-09-09T22:25:29.237325,General,0.0,Neutral,"kenya, gachagua, tells, blaming, uhuru, kenyatta, problems",,,77.0,,2026-09-09,22,Wednesday,77.0,7,42.7,2026-09-09 22:30:30.312391+00:00
,GDELT — Kenya,Debt default risks resurface as Kenya public debt crosses Sh13 trillion,Summary unavailable,,https://www.standardmedia.co.ke/national/article/2001555552/debt-default-risks-resurface-as-kenyas-public-debt-crosses-sh13-trillion,GDELT,2026-09-09 22:25:29.237905+00:00,2026-09-09T22:25:29.237905,General,0.0,Neutral,"default, risks, resurface, kenya, public, crosses, trillion",,,71.0,,2026-09-09,22,Wednesday,71.0,7,42.1,2026-09-09 22:30:30.312391+00:00
,GDELT — Kenya,"Soda ash war : Ruto exploitation claims , Gachagua business allegations",Summary unavailable,,https://www.standardmedia.co.ke/politics/article/2001557081/soda-ash-war-rutos-exploitation-claims-gachaguas-business-allegations,GDELT,2026-09-09 22:25:29.238093+00:00,2026-09-09T22:25:29.238093,Business,0.0,Neutral,"exploitation, claims, gachagua, business, allegations",,,71.0,,2026-09-09,22,Wednesday,71.0,5,32.1,2026-09-09 22:30:30.312391+00:00
,GDELT — Kenya,Desperate William Ruto all out in battle for Western Kenya,Summary unavailable,,https://www.standardmedia.co.ke/national/article/2001556507/desperate-william-ruto-all-out-in-battle-for-western-kenya,GDELT,2026-09-09 22:25:29.239060+00:00,2026-09-09T22:25:29.239060,General,-0.3,Negative,"desperate, william, battle, western, kenya",,Kenya Politics,58.0,,2026-09-09,22,Wednesday,58.0,5,36.8,2026-09-09 22:30:30.312391+00:00
,GDELT — Kenya,Desperate Ruto all out in battle for Western as Sifuna gains ground,Summary unavailable,,https://www.standardmedia.co.ke/national/article/2001556507/desperate-ruto-all-out-in-battle-for-western-as-sifuna-gains-ground,GDELT,2026-09-09 22:25:29.240404+00:00,2026-09-09T22:25:29.240404,General,-0.3,Negative,"desperate, battle, western, sifuna, gains, ground",,,67.0,,2026-09-09,22,Wednesday,67.0,6,42.7,2026-09-09 22:30:30.312391+00:00
,GDELT — Kenya,Ruto to confront discontent and his failed promises in South Rift,Summary unavailable,,https://www.standardmedia.co.ke/rift-valley/article/2001557228/ruto-to-confront-discontent-and-his-failed-promises-in-south-rift,GDELT,2026-09-09 22:25:29.240580+00:00,2026-09-09T22:25:29.240580,General,-0.5,Negative,"confront, discontent, failed, promises, south",,,65.0,,2026-09-09,22,Wednesday,65.0,5,41.5,2026-09-09 22:30:30.312391+00:00
,GDELT — Kenya,[ PHOTOS ] Ruto inspects Sh9 . 4bn road project linking Kajiado to Taveta,Summary unavailable,,https://www.the-star.co.ke/news/2026-09-03-photos-ruto-inspects-sh94bn-road-project-linking-kajiado-to-taveta,GDELT,2026-09-09 22:25:29.241454+00:00,2026-09-09T22:25:29.241454,General,0.0,Neutral,"photos, inspects, project, linking, kajiado, taveta",,,73.0,,2026-09-09,22,Wednesday,73.0,6,37.3,2026-09-09 22:30:30.312391+00:00
,GDELT — Kenya,Housing levy : What KRA can do to recover unpaid cash,Summary unavailable,,https://www.businessdailyafrica.com/bd/economy/housing-levy-what-kra-can-do-to-recover-unpaid-cash-5562618,GDELT,2026-09-09 22:25:29.242431+00:00,2026-09-09T22:25:29.242431,General,0.2,Positive,"housing, recover, unpaid",,,53.0,,2026-09-09,22,Wednesday,53.0,3,24.3,2026-09-09 22:30:30.312391+00:00
,GDELT — Kenya,"UDA , ODM bag lion share of Sh1 . 4bn political parties fund",Summary unavailable,,https://www.standardmedia.co.ke/politics/article/2001557435/uda-odm-bag-lions-share-of-sh14bn-political-parties-fund,GDELT,2026-09-09 22:25:29.242636+00:00,2026-09-09T22:25:29.242636,General,0.0,Neutral,"share, political, parties",,,60.0,,2026-09-09,22,Wednesday,60.0,3,21.0,2026-09-09 22:30:30.312391+00:00
,GDELT — Kenya,Nairobi Wire,Summary unavailable,,https://nairobiwire.com/page/1290,GDELT,2026-09-09 22:25:29.243535+00:00,2026-09-09T22:25:29.243535,General,0.0,Neutral,nairobi,,,12.0,,2026-09-09,22,Wednesday,12.0,1,6.2,2026-09-09 22:30:30.312391+00:00
,GDELT — Kenya,From Ruto exploitation claims to Gachagua business allegations ; The Soda ash war,Summary unavailable,,https://www.standardmedia.co.ke/politics/article/2001557081/from-ruto-s-exploitation-claims-to-gachagua-s-business-allegations-the-soda-ash-war,GDELT,2026-09-09 22:25:29.243944+00:00,2026-09-09T22:25:29.243944,Business,0.0,Neutral,"exploitation, claims, gachagua, business, allegations",,,81.0,,2026-09-09,22,Wednesday,81.0,5,33.1,2026-09-09 22:30:30.312391+00:00
,GDELT — Kenya,Health summit 2026 : The talk Kenya needed,Summary unavailable,,https://www.businessdailyafrica.com/bd/opinion-analysis/letters/health-summit-2026-the-talk-kenya-needed-5573294,GDELT,2026-09-09 22:25:29.246420+00:00,2026-09-09T22:25:29.246420,Health,0.0,Neutral,"health, summit, kenya, needed",,,42.0,,2026-09-09,22,Wednesday,42.0,4,24.2,2026-09-09 22:30:30.312391+00:00
,GDELT — Kenya,Jitters among investors as Ruto rattles businesses,Summary unavailable,,https://www.standardmedia.co.ke/business/article/2001557244/jitters-as-ruto-clampdown-rattles-businesses,GDELT,2026-09-09 22:25:29.246615+00:00,2026-09-09T22:25:29.246615,Business,0.0,Neutral,"jitters, among, investors, rattles, businesses",,,50.0,,2026-09-09,22,Wednesday,50.0,5,30.0,2026-09-09 22:30:30.312391+00:00
,GDELT — Kenya,Nairobi Wire,Summary unavailable,,https://nairobiwire.com/page/1295,GDELT,2026-09-09 22:25:29.248018+00:00,2026-09-09T22:25:29.248018,General,0.0,Neutral,nairobi,,,12.0,,2026-09-09,22,Wednesday,12.0,1,6.2,2026-09-09 22:30:30.312391+00:00
,GDELT — Kenya,Nairobi Wire,Summary unavailable,,https://nairobiwire.com/page/1296,GDELT,2026-09-09 22:25:29.248145+00:00,2026-09-09T22:25:29.248145,General,0.0,Neutral,nairobi,,,12.0,,2026-09-09,22,Wednesday,12.0,1,6.2,2026-09-09 22:30:30.312391+00:00
,GDELT — Kenya,"Kaluma dismisses Orengo presidential bid , says Nyanza backs Ruto",Summary unavailable,,https://www.standardmedia.co.ke/politics/article/2001556541/kaluma-dismisses-orengos-presidential-bid-says-nyanza-backs-ruto,GDELT,2026-09-09 22:25:29.248936+00:00,2026-09-09T22:25:29.248936,Politics,0.0,Neutral,"kaluma, dismisses, orengo, presidential, nyanza, backs",,,65.0,,2026-09-09,22,Wednesday,65.0,6,36.5,2026-09-09 22:30:30.312391+00:00
,GDELT — India,Pack And Go : Why Kenya President Is Taking On Tata Chemicals,Summary unavailable,,https://www.outlookindia.com/international/kenya-suspends-tata-chemicals-magadi-operations-president-ruto-says-pack-and-go,GDELT,2026-09-09 22:25:29.249581+00:00,2026-09-09T22:25:29.249581,Politics,0.0,Neutral,"kenya, president, taking, chemicals",,,61.0,,2026-09-09,22,Wednesday,61.0,4,26.1,2026-09-09 22:30:30.312391+00:00
,GDELT — ,Sifuna : Ruto should be jailed over 2022 election broken promises,Summary unavailable,,https://capitalfm.africa/sifuna-ruto-should-be-jailed-over-2022-election-broken-promises/,GDELT,2026-09-09 22:25:29.249944+00:00,2026-09-09T22:25:29.249944,Politics,-0.4,Negative,"sifuna, jailed, election, broken, promises",,,65.0,,2026-09-09,22,Wednesday,65.0,5,39.5,2026-09-09 22:30:30.312391+00:00
,GDELT — Kenya,Kamukunji MP Yusuf Hassan quits Jubilee for Gachagua DCP,Summary unavailable,,https://www.standardmedia.co.ke/politics/article/2001556142/kamukunji-mp-yusuf-hassan-quits-jubilee-for-gachaguas-dcp,GDELT,2026-09-09 22:25:29.250098+00:00,2026-09-09T22:25:29.250098,General,0.0,Neutral,"kamukunji, yusuf, hassan, quits, jubilee, gachagua",,,56.0,,2026-09-09,22,Wednesday,56.0,6,35.6,2026-09-09 22:30:30.312391+00:00
,GDELT — Kenya,"Tutamalizana nayo : Ruto vows to crush goonism , political violence",Summary unavailable,,https://www.the-star.co.ke/news/2026-08-26-tutamalizana-nayo-ruto-vows-to-crush-goonism,GDELT,2026-09-09 22:25:29.250946+00:00,2026-09-09T22:25:29.250946,General,0.0,Neutral,"tutamalizana, crush, goonism, political, violence",,,67.0,,2026-09-09,22,Wednesday,67.0,5,31.7,2026-09-09 22:30:30.312391+00:00
,GDELT — Ghana,Kenya 2027 : Ruto broad - based government faces major test – Ghanamma . com,Summary unavailable,,https://www.ghanamma.com/2026/08/19/kenya-2027-rutos-broad-based-government-faces-major-test/,GDELT,2026-09-09 22:25:29.251543+00:00,2026-09-09T22:25:29.251543,Politics,0.0625,Positive,"kenya, broad, based, government, faces, major, ghanamma",,,76.0,,2026-09-09,22,Wednesday,76.0,7,43.85,2026-09-09 22:30:30.312391+00:00
,GDELT — Kenya,How Ruto roadside directives risks Kenya becoming a Pariah state,Summary unavailable,,https://www.standardmedia.co.ke/article/2001557349/how-ruto-s-roadside-directives-risks-kenya-becoming-a-pariah-state,GDELT,2026-09-09 22:25:29.251732+00:00,2026-09-09T22:25:29.251732,General,0.45,Positive,"roadside, directives, risks, kenya, becoming, pariah, state",,,64.0,,2026-09-09,22,Wednesday,64.0,7,50.4,2026-09-09 22:30:30.312391+00:00
,GDELT — Kenya,Foreigners choke : How Ruto roadside directives risks Kenya becoming a Pariah state,Summary unavailable,,https://www.standardmedia.co.ke/article/2001557349/foreigners-choke-how-ruto-s-roadside-directives-risks-kenya-becoming-a-pariah-state,GDELT,2026-09-09 22:25:29.251964+00:00,2026-09-09T22:25:29.251964,General,0.45,Positive,"foreigners, choke, roadside, directives, risks, kenya, becoming, pariah",,,83.0,,2026-09-09,22,Wednesday,83.0,8,57.3,2026-09-09 22:30:30.312391+00:00
,GDELT — Kenya,Foreigners choke : How Ruto roadside directives risks Kenya becoming a Pariah state,Summary unavailable,,https://www.standardmedia.co.ke/politics/article/2001557349/foreigners-choke-how-rutos-roadside-directives-risks-kenya-becoming-a-pariah-state,GDELT,2026-09-09 22:25:29.252164+00:00,2026-09-09T22:25:29.252164,General,0.45,Positive,"foreigners, choke, roadside, directives, risks, kenya, becoming, pariah",,,83.0,,2026-09-09,22,Wednesday,83.0,8,57.3,2026-09-09 22:30:30.312391+00:00
,GDELT — Kenya,Foreigners choke : How Ruto roadside directives risks Kenya becoming a Pariah state,Summary unavailable,,https://www.standardmedia.co.ke/politics/article/2001557349/foreigners-choke-how-ruto-s-roadside-directives-risks-kenya-becoming-a-pariah-state,GDELT,2026-09-09 22:25:29.252353+00:00,2026-09-09T22:25:29.252353,General,0.45,Positive,"foreigners, choke, roadside, directives, risks, kenya, becoming, pariah",,,83.0,,2026-09-09,22,Wednesday,83.0,8,57.3,2026-09-09 22:30:30.312391+00:00
,GDELT — Nigeria,Kenya : Oparanya Caucus Demands DP Post in Ruto Next Term,Summary unavailable,,https://allafrica.com/stories/202609080027.html,GDELT,2026-09-09 22:25:29.254195+00:00,2026-09-09T22:25:29.254195,General,0.0,Neutral,"kenya, oparanya, caucus, demands",,,57.0,,2026-09-09,22,Wednesday,57.0,4,25.7,2026-09-09 22:30:30.312391+00:00
,GDELT — Kenya,WATCH LIVE : National Health Summit : Presidential Townhall,Summary unavailable,,https://www.the-star.co.ke/news/2026-08-18-watch-live-national-health-summit-presidential-townhall,GDELT,2026-09-09 22:25:29.255343+00:00,2026-09-09T22:25:29.255343,Health,0.1364,Positive,"watch, national, health, summit, presidential, townhall",,,59.0,,2026-09-09,22,Wednesday,59.0,6,38.628,2026-09-09 22:30:30.312391+00:00
,GDELT — Tanzania,Burundians try to leave Kenya ahead of crackdown on traders,Summary unavailable,,https://www.thecitizen.co.tz/tanzania/news/africa/burundians-try-to-leave-kenya-ahead-of-crackdown-on-traders-5586914,GDELT,2026-09-09 22:25:29.256651+00:00,2026-09-09T22:25:29.256651,General,0.0,Neutral,"burundians, leave, kenya, ahead, crackdown, traders",,,59.0,,2026-09-09,22,Wednesday,59.0,6,35.9,2026-09-09 22:30:30.312391+00:00
,GDELT — Kenya,"Wamuchomba Warns Ruto : Arrest Duale , Wainaina or Lose Support",Summary unavailable,,https://nairobiwire.com/2026/09/wamuchomba-ultimatum-duale-wainaina-hate-speech.html,GDELT,2026-09-09 22:25:29.256862+00:00,2026-09-09T22:25:29.256862,General,-0.05,Neutral,"wamuchomba, warns, arrest, duale, wainaina, support",,,63.0,,2026-09-09,22,Wednesday,63.0,6,37.3,2026-09-09 22:30:30.312391+00:00
,GDELT — India,"Kenya Tata Chemicals Shutdown : Resource nationalism , political stakes & a high - risk economic gamble",Summary unavailable,,https://www.moneycontrol.com/world/kenya-s-tata-chemicals-shutdown-resource-nationalism-political-stakes-a-high-risk-economic-gamble-exclusive-article-14023016.html,GDELT,2026-09-09 22:25:29.257692+00:00,2026-09-09T22:25:29.257692,General,0.12,Positive,"kenya, chemicals, shutdown, resource, nationalism, political, stakes, economic",,,103.0,,2026-09-09,22,Wednesday,103.0,8,52.699999999999996,2026-09-09 22:30:30.312391+00:00
,GDELT — Nigeria,"Kenya : Ruto Lucky to Face Clueless Opposition , Murkomen Says",Summary unavailable,,https://allafrica.com/stories/202608310058.html,GDELT,2026-09-09 22:25:29.257922+00:00,2026-09-09T22:25:29.257922,General,0.3333,Positive,"kenya, lucky, clueless, opposition, murkomen",,,62.0,,2026-09-09,22,Wednesday,62.0,5,37.866,2026-09-09 22:30:30.312391+00:00
,GDELT — Nigeria,Kenya : Wamalwa Snubs Khalwale Call to Back Sifuna for President,Summary unavailable,,https://allafrica.com/stories/202608210569.html,GDELT,2026-09-09 22:25:29.261302+00:00,2026-09-09T22:25:29.261302,Politics,0.0,Neutral,"kenya, wamalwa, snubs, khalwale, sifuna, president",,,64.0,,2026-09-09,22,Wednesday,64.0,6,36.4,2026-09-09 22:30:30.312391+00:00
,GDELT — Kenya,Health Summit : The sector sick reality buried in lofty speeches,Summary unavailable,,https://www.standardmedia.co.ke/health/health-science/article/2001555723/health-summit-the-sectors-sick-reality-buried-in-lofty-speeches,GDELT,2026-09-09 22:25:29.261634+00:00,2026-09-09T22:25:29.261634,Health,-0.7143,Negative,"health, summit, sector, reality, buried, lofty, speeches",,,64.0,,2026-09-09,22,Wednesday,64.0,7,55.686,2026-09-09 22:30:30.312391+00:00
,GDELT — Kenya,Wamuchomba gives Ruto 3 days to act or lose support over allie hate speech remarks,Summary unavailable,,https://www.standardmedia.co.ke/politics/article/2001556761/wamuchomba-gives-ruto-3-days-to-act-or-lose-support-over-allies-hate-speech-remarks,GDELT,2026-09-09 22:25:29.262098+00:00,2026-09-09T22:25:29.262098,General,-0.8,Negative,"wamuchomba, gives, support, allie, speech, remarks",,,82.0,,2026-09-09,22,Wednesday,82.0,6,54.2,2026-09-09 22:30:30.312391+00:00
,GDELT — Kenya,"From BBI , Nadco to Vision 2060 : Politicians appetite for self - serving reforms",Summary unavailable,,https://www.standardmedia.co.ke/politics/article/2001556292/from-bbi-nadco-to-vision-2060-politicians-appetite-for-self-serving-reforms,GDELT,2026-09-09 22:25:29.263438+00:00,2026-09-09T22:25:29.263438,General,0.0,Neutral,"nadco, vision, politicians, appetite, serving, reforms",,,81.0,,2026-09-09,22,Wednesday,81.0,6,38.1,2026-09-09 22:30:30.312391+00:00
,GDELT — Kenya,CHARLENE RUTO appears drunk with love as she goofs around with newlywed husband ISAYA YUNGE in China ! Mapenzi Ni Tamu ( VIDEO ),Summary unavailable,,https://www.kenyan-post.com/2026/08/charlene-ruto-appears-drunk-with-love.html,GDELT,2026-09-09 22:25:29.264165+00:00,2026-09-09T22:25:29.264165,General,0.0625,Positive,"charlene, appears, drunk, goofs, around, newlywed, husband, isaya",,,128.0,,2026-09-09,22,Wednesday,128.0,8,54.05,2026-09-09 22:30:30.312391+00:00
,GDELT — South Africa,South Africa is Powering Up its Green Economy . But Who Gets to Plug in ? - The Home Of Great South African News,Summary unavailable,,https://www.sagoodnews.co.za/south-africa-is-powering-up-its-green-economy-but-who-gets-to-plug-in/,GDELT,2026-09-09 22:25:48.807503+00:00,2026-09-09T22:25:48.807503,Business,0.2,Positive,"south, africa, powering, green, economy, african",,,112.0,,2026-09-09,22,Wednesday,112.0,6,45.2,2026-09-09 22:30:30.312391+00:00
,GDELT — Nigeria,Kenya first locally domiciled ETF get securities exchange approval,Summary unavailable,,https://techcabal.com/2026/09/09/kenyas-first-locally-domiciled-etf-get-securities-exchange-approval/,GDELT,2026-09-09 22:27:20.139170+00:00,2026-09-09T22:27:20.139170,General,0.125,Positive,"kenya, locally, domiciled, securities, exchange, approval",,,66.0,,2026-09-09,22,Wednesday,66.0,6,39.1,2026-09-09 22:30:30.312391+00:00
,GDELT — United States,Midwives : The Workforce That Will Determine Maternal and Newborn Survival and Africa Future,Summary unavailable,,https://www.ipsnews.net/2026/09/midwives-the-workforce-that-will-determine-maternal-and-newborn-survival-and-africas-future/,GDELT,2026-09-09 22:28:49.428497+00:00,2026-09-09T22:28:49.428497,Health,0.0,Neutral,"midwives, workforce, determine, maternal, newborn, survival, africa, future",,,92.0,,2026-09-09,22,Wednesday,92.0,8,49.2,2026-09-09 22:30:30.312391+00:00
,GDELT — India,Safaricom Ethiopia passes 15m active subscribers - Developing Telecoms,Summary unavailable,,https://www.developingtelecoms.com/telecom-business/operator-news/20779-safaricom-ethiopia-passes-15m-active-subscribers.html,GDELT,2026-09-09 22:29:54.461236+00:00,2026-09-09T22:29:54.461236,General,-0.1333,Negative,"safaricom, ethiopia, passes, active, subscribers, developing, telecoms",safaricom,Safaricom,70.0,,2026-09-09,22,Wednesday,70.0,7,44.666,2026-09-09 22:30:30.312391+00:00
,GDELT — Kenya,"Pepeta free data offer : Bet Sh50 , get 50MB daily with Dandia data Dailee",Summary unavailable,,https://www.standardmedia.co.ke/branding-voice/article/2001557002/pepeta-free-data-offer-bet-sh50-get-50mb-daily-with-dandia-data-dailee,GDELT,2026-09-09 22:29:54.461648+00:00,2026-09-09T22:29:54.461648,General,0.2,Positive,"pepeta, offer, daily, dandia, dailee",,,74.0,,2026-09-09,22,Wednesday,74.0,5,36.4,2026-09-09 22:30:30.312391+00:00
,GDELT — Kenya,Foreign hawkers backlash : Have we accepted our place ?,Summary unavailable,,https://www.standardmedia.co.ke/xn-iraki/article/2001557246/foreign-hawkers-backlash-have-we-accepted-our-place,GDELT,2026-09-09 22:29:54.469429+00:00,2026-09-09T22:29:54.469429,General,-0.125,Negative,"foreign, hawkers, backlash, accepted",,,55.0,,2026-09-09,22,Wednesday,55.0,4,28.0,2026-09-09 22:30:30.312391+00:00
,GDELT — Brazil,Africa mobile money surge as M - Pesa enters Ethiopia,Summary unavailable,,https://www.riotimesonline.com/africa-mobile-money-fintech-2026/,GDELT,2026-09-09 22:29:54.470121+00:00,2026-09-09T22:29:54.470121,General,0.0,Neutral,"africa, mobile, money, surge, enters, ethiopia",,Africa Fintech,53.0,,2026-09-09,22,Wednesday,53.0,6,35.3,2026-09-09 22:30:30.312391+00:00
,GDELT — Nigeria,Next Wave : The perfect price discrimination,Summary unavailable,,https://techcabal.com/2026/09/06/next-wave-perfect-price-discrimination/,GDELT,2026-09-09 22:29:54.471535+00:00,2026-09-09T22:29:54.471535,General,0.5,Positive,"perfect, price, discrimination",,,44.0,,2026-09-09,22,Wednesday,44.0,3,29.4,2026-09-09 22:30:30.312391+00:00
,GDELT — ,Sigona attracts 47 players as PGK Equator tour enters seventh leg,Summary unavailable,,https://capitalfm.africa/sigona-attracts-47-players-as-pgk-equator-tour-enters-seventh-leg/,GDELT,2026-09-09 22:29:54.473709+00:00,2026-09-09T22:29:54.473709,General,0.0,Neutral,"sigona, attracts, players, equator, enters, seventh",,,65.0,,2026-09-09,22,Wednesday,65.0,6,36.5,2026-09-09 22:30:30.312391+00:00
,GDELT — Kenya,"KenGen leads NSE rally as investors pile into equities , government debt",Summary unavailable,,https://www.the-star.co.ke/news/2026-09-07-kengen-leads-nse-rally-as-investors-pile-into-equities-government-debt,GDELT,2026-09-09 22:29:54.475094+00:00,2026-09-09T22:29:54.475094,Politics,0.0,Neutral,"kengen, leads, rally, investors, equities, government",kengen,,72.0,,2026-09-09,22,Wednesday,72.0,6,37.2,2026-09-09 22:30:30.312391+00:00
,GDELT — Kenya,M - Pesa Foundation invests Sh27m in Kajiado school upgrade,Summary unavailable,,https://www.the-star.co.ke/news/realtime/2026-09-09-m-pesa-foundation-invests-sh27m-in-kajiado-school-upgrade,GDELT,2026-09-09 22:29:54.475427+00:00,2026-09-09T22:29:54.475427,Education,0.0,Neutral,"foundation, invests, kajiado, school, upgrade",,,59.0,,2026-09-09,22,Wednesday,59.0,5,30.9,2026-09-09 22:30:30.312391+00:00
,GDELT — Nigeria,Kenya : Nairobi Burger Week Returns to the City,Summary unavailable,,https://allafrica.com/stories/202608270322.html,GDELT,2026-09-09 22:29:54.476857+00:00,2026-09-09T22:29:54.476857,General,0.0,Neutral,"kenya, nairobi, burger, returns",,,47.0,,2026-09-09,22,Wednesday,47.0,4,24.7,2026-09-09 22:30:30.312391+00:00
,GDELT — Kenya,Greek firm eyes Sh194 billion smart - power system for AI - data centres,Summary unavailable,,https://www.standardmedia.co.ke/business/sci-tech/article/2001556282/greek-firm-eyes-sh194-billion-smart-power-system-for-ai-data-centres,GDELT,2026-09-09 22:29:54.479198+00:00,2026-09-09T22:29:54.479198,AI & Tech,0.0048,Neutral,"greek, billion, smart, power, system, centres",,,72.0,,2026-09-09,22,Wednesday,72.0,6,37.296,2026-09-09 22:30:30.312391+00:00
,GDELT — Kenya,Greek firm eyes Sh194 billion smart - power system for AI - data centres,Summary unavailable,,https://www.standardmedia.co.ke/business/article/2001556282/greek-firm-eyes-sh194-billion-smart-power-system-for-ai-data-centres,GDELT,2026-09-09 22:29:54.481451+00:00,2026-09-09T22:29:54.481451,AI & Tech,0.0048,Neutral,"greek, billion, smart, power, system, centres",,,72.0,,2026-09-09,22,Wednesday,72.0,6,37.296,2026-09-09 22:30:30.312391+00:00
,GDELT — Nigeria,"Africa Is Already Building Its Future , By Wale Osofisan",Summary unavailable,,https://promptnewsonline.com/africa-is-already-building-its-future-by-wale-osofisan/,GDELT,2026-09-09 22:29:54.483148+00:00,2026-09-09T22:29:54.483148,General,0.0,Neutral,"africa, already, building, future, osofisan",,,56.0,,2026-09-09,22,Wednesday,56.0,5,30.6,2026-09-09 22:30:30.312391+00:00
,GDELT — South Africa,The Cost Of Capital : Redefining Africa Global Opportunity,Summary unavailable,,https://www.africa.com/featuresopinion/the-cost-of-capital-redefining-africas-global-opportunity,GDELT,2026-09-09 22:29:54.485901+00:00,2026-09-09T22:29:54.485901,General,0.0,Neutral,"capital, redefining, africa, global, opportunity",,,58.0,,2026-09-09,22,Wednesday,58.0,5,30.8,2026-09-09 22:30:30.312391+00:00
,GDELT — Kenya,"More returns , more scrutiny : Inside the stock market boom",Summary unavailable,,https://www.the-star.co.ke/news/big-read/2026-08-27-more-returns-more-scrutiny-inside-the-stock-market-boom,GDELT,2026-09-09 22:29:54.487019+00:00,2026-09-09T22:29:54.487019,Business,0.5,Positive,"returns, scrutiny, inside, stock, market",,,59.0,,2026-09-09,22,Wednesday,59.0,5,40.9,2026-09-09 22:30:30.312391+00:00
,GDELT — Nigeria,Kenya : Remote Work 2 . 0 - Can Kenya Become Africa Digital Services Hub ?,Summary unavailable,,https://allafrica.com/stories/202609080096.html,GDELT,2026-09-09 22:29:54.489243+00:00,2026-09-09T22:29:54.489243,General,-0.05,Neutral,"kenya, remote, become, africa, digital, services",,,74.0,,2026-09-09,22,Wednesday,74.0,6,38.4,2026-09-09 22:30:30.312391+00:00
,NewsAPI — Vanguard,Burundians rush to leave Kenya after crackdown on businesses,"Ruto gave foreign-owned small businesses until Monday to shut down, saying the Kenya ""has not built investor confidence for hawkers"" The post Burundians rush to leave Kenya after crackdown on businesses appeared first on Vanguard News.",,https://www.vanguardngr.com/2026/09/burundians-rush-to-leave-kenya-after-crackdown-on-businesses/,Oboh,2026-09-09 22:30:21.728666+00:00,2026-09-09T22:30:21.728666,Business,-0.0519,Negative,"kenya, businesses, burundians, leave, crackdown, foreign, owned, monday",,,296.0,,2026-09-09,22,Wednesday,296.0,8,70.63799999999999,2026-09-09 22:30:30.312391+00:00
